sst,wave_height,wave_period,swell_height,current_velocity,wind_speed,pressure,precipitation,salinity,chlorophyll,sea_level,risk_target
25.932671247897307,2.187019593161807,7.367453640097496,1.0621974137113097,0.11661779516214799,9.037745826863638,1010.1867960550697,0.0,35.62138489633904,0.28582665383627326,0.0029380705678793625,19.038203358863292
31.98250021730412,2.948769693297025,11.017896571503345,1.5760089304937994,1.9613357145636106,10.69990096517052,1010.267956856231,0.0,32.686462190723375,0.11359747668066879,0.014743007974488534,30.844836846907967
29.68593638901975,0.8612898115091621,6.986742707225719,0.5605727617232711,0.3730591576644464,10.850093633537297,1013.6825866218584,0.0,35.95105919276862,1.1758062812192793,0.1558996172275242,9.840391738169973
28.285914084068885,1.9687897199625062,9.980580942594912,0.9017149242867528,0.3002889163981069,49.82960570810568,994.9015168110438,32.487340867813444,34.79062422032236,0.1343996753887419,0.0545516673941583,44.11702821552023
23.638195724645584,1.7568620193960576,6.976028947371056,0.9682804321694805,0.2558507168891835,27.435376992178817,1003.3055529310675,6.935804295919893,34.184346682503524,0.23812210969565317,0.034854383863609284,27.32900214343871
23.637942463530127,3.261994038708668,10.922601414017823,2.1430012866305868,0.18621660168606294,13.589031975505995,1005.5302781064559,0.6511695780628604,34.8113335329527,0.5717541143386463,-0.13144069133917224,28.21164819727944
22.609877927766096,4.184619361936119,10.484782158345062,1.908121480831686,0.8056768509399798,8.120876175080893,1012.6691878444274,0.0,35.1335412283665,0.2178849348086515,-0.5011552806697325,34.00217735391445
31.09484953063682,0.41957003105435403,6.807468228784908,0.23320479138532904,1.4996525795218516,28.325309098567537,1003.3270872781774,3.87909615266799,33.14287713245733,1.176695914139526,-0.3414928358396494,26.66043566692689
28.311707623303693,2.1934704014232578,9.726553493222047,1.4380662358163308,0.34022325370696216,7.394067192461121,1014.8066023983262,0.0,34.294886199903715,1.0007799344733626,0.3014679085382259,18.54959153326489
29.43476206685848,0.4851641344739564,6.617002973594478,0.3295524440417684,1.4704108192044942,8.308306256359476,1010.7195683478797,0.0,33.94302070380919,0.9457857105824929,-0.05703681216420417,12.781989874298091
22.216137190105925,1.6735593717918236,8.014835416260695,1.3728218860522623,0.8812549145286043,11.380184265619693,1003.8652422725781,2.455263476414097,34.00675846271756,1.1161079959966778,-0.18240342220286787,22.49889778206965
32.18405344770094,0.9426586729118176,7.318944947424458,0.667532662323465,0.3951774604827507,34.724371406738314,994.60136681427,17.985585445998147,32.89274023515142,0.24884745962502847,-0.4420048505463157,31.023343182664274
30.740647728404426,0.9862447432471391,9.181749200307744,0.6074225364938485,0.6044221922085395,6.978449494785822,1013.3335630875439,0.0,33.18732699840099,0.8831436405767632,-0.5518764990316232,11.830884800913026
24.229560662121898,1.0965517594865875,6.546151781512837,0.9015195798592377,0.35690569604178524,6.825256375396175,1009.4790195229189,0.5976002894486019,33.19587789062075,0.3633648973479823,-0.1961224080448694,13.725960830598474
23.909162155674558,1.9535856082212182,8.724421870363319,1.4924479638931996,0.4681375335443668,14.536368529653808,1009.3247397411211,0.0,34.10486639585309,0.7594880260906199,0.36081849891583995,21.41130507673673
23.925747353461055,1.0504650156525344,5.261647579402447,0.55675020682258,0.12690963804543323,9.529435303919911,1010.4188128083637,0.0,36.346313642961604,0.1780800601148509,-0.14497456776781142,10.668311695246159
25.194543551075146,2.5110081663884296,8.217423257101675,1.2613721700173663,0.6362175917983504,16.77422627000628,1006.592446650445,0.0,33.385917699260055,0.8336621854878072,0.19016993383450664,29.103945495012262
27.509942532138496,1.2294398060381266,7.3597115905085895,0.8855958032634988,0.12442196504731909,13.41144118578855,1008.1885580079106,0.0,34.289627783001656,2.2476433685280783,-0.1610709402892852,16.00277353968054
26.535422695742216,0.5132824102617422,7.579808658523996,0.3459283568947153,0.8644300411277721,12.992000412415992,1006.0541842562225,0.0,33.839920485786294,0.1267476552224605,0.27360334361009714,13.015270128237582
25.05790597207944,2.850185037733334,9.745911831542642,2.1828696344699696,0.8841997408632961,6.662543369374156,1011.2092667223822,0.0,35.88574824397075,0.15911628397616184,-0.07311278063303417,20.129577162997645
28.424455394584985,0.9384542287227422,6.335342817732751,0.6996382923044582,0.2217693462108671,7.128618874128004,1009.311206047564,0.0,32.715543658979506,0.17918477489885948,-0.38115948594267374,11.860776368537298
23.46468553684644,1.3071758602575088,6.742588681706954,0.9151337069611244,0.27597856721463593,29.09131969539926,1000.9044517415174,8.732725589050169,33.34513660080433,0.43786522885311063,-0.044133573764805256,26.011280445025957
25.06751880961979,2.2505484592509215,8.248852220385174,1.9007071572997072,0.3954023229757958,35.38740238044991,998.457769532746,12.165383356718618,33.40575863212562,0.30615385908741066,0.6919001463981426,38.23882424552099
25.846799354583762,1.0466403339047965,7.326409784591866,0.6943787635735297,0.5085921733515558,8.744521874739466,1009.71923471247,0.0,36.76974004134689,1.0867908780449036,0.6764595104427991,12.209768649192647
26.788734834278877,0.493199526118237,3.6418726792448597,0.2442532689563638,0.2524465004048124,6.686014385059581,1014.013455622732,0.0,34.9543325772551,0.4852297958899786,0.22028665597277763,7.051648921263546
30.244347594626642,1.1492460685634358,8.990052288414276,0.8979167860774647,0.5039564427960878,5.768547837453614,1011.2353431087286,0.0,33.097520536849125,0.4976142507364102,0.002029414605204137,11.444706545327639
24.09657471266278,5.024713998668852,13.046351750409743,2.7673177455571047,0.25908337290640937,18.121541247829004,1009.6092959077231,0.0,33.67045629888923,0.8574658144367906,0.1563656307332792,43.124148951082866
27.39946160334292,2.0423690570737794,9.759119530890015,1.554081217829648,0.125690395563295,22.591086932146272,1009.3113525878016,0.0,33.221635004728576,0.3696210280623816,0.16089831855665138,25.85507350483698
28.220352973051448,2.1810479499120663,7.020888413750906,1.8164701652913113,0.10113883726538508,11.531080314304612,1011.816742059043,0.0,33.035799649363625,0.36143761382972606,0.03603963667151447,21.188946085206783
22.487729333559976,2.0007029707778217,9.604525543219406,1.4579486787752662,0.14798812935665345,20.937906344471163,1006.9819147574822,0.0,35.92788272215394,0.9486345699651633,0.20433040697291593,24.47538247834327
28.379220944965102,0.7550152286860362,7.366944323356612,0.5197615922180319,0.8071404469642779,22.473814032150482,1005.7265732034474,0.7998615416373558,34.63173630323953,1.0085905026632696,0.1228794017537472,22.582074016274575
23.790503298716562,1.2669738328174276,7.856856007080214,0.803457119796308,1.5648915400094379,43.34106906389643,998.7497535714282,9.883947500070548,35.214203588449756,0.10870206448162181,-0.06059033487750973,39.90205792089539
22.683041726345436,2.6240970209578784,8.231731855024494,1.5633423969375244,0.3505647587361268,5.939030569743316,1011.822599040012,0.0,33.924380362065584,0.19314409694673051,-0.368339879784275,22.541782472836182
31.96329814116,0.5710193952869819,6.402157195913683,0.33758775165248966,0.42347908007433155,7.989760609581153,1013.6638081103971,0.0,34.880888870089514,0.24379107521804166,-0.111020734777058,8.389771342035182
32.13913634728287,0.920841999429272,4.882931321871107,0.6487783856263065,0.17146798791985707,5.993817831783191,1013.3742747792525,0.0,33.6075468398519,0.3599489272398395,0.3298315971757589,6.164264770439232
30.48817215522284,0.9174475860929632,6.272260772323056,0.688552896794262,0.460360999663033,33.348703570277365,999.1886595004859,8.800876878701876,33.824555982191406,0.30671916747950606,0.0389882214266224,25.09143090049074
25.19844457632039,1.3050674944735694,8.893241141485415,0.9414846012449356,0.17031262064307862,27.02261706275335,1005.5605926732924,1.5864441566058916,35.30462316077695,0.7625127693866587,0.1551004120556268,26.839202843859333
23.02555719706703,6.68901141324745,16.0,3.540922108516282,0.5251271802195241,16.967539888162136,1007.2878059463366,0.0,33.14650554145269,1.1566284126761839,-0.04905543469654433,52.26044574619576
29.184446778377648,0.5118221735937968,5.944054326279484,0.3314534150246134,1.3181188786892923,6.223201357385411,1011.1191093005925,0.0,35.15405399442008,0.22798052661195747,-0.32085912675371864,12.900863134355971
26.621601184265813,1.5700265099295159,6.363837853988866,1.2036702893282518,0.19800150803386818,9.469619672639459,1008.6721473594808,0.5940385004915516,36.164609710619445,0.5966658742085841,-0.033520400205137996,18.938745049888503
23.28140146587018,0.7162823370808181,7.257689775006763,0.45862242324002156,0.7508417352099793,9.947920288172243,1010.4018540720234,0.0,33.017819872577306,0.37514511107928805,-0.307859565262273,9.859845765168288
27.199357556168337,6.0469881363612386,15.913650501997267,4.019126503864873,0.11070235440695676,16.517394868422205,1010.1881076063004,0.0,36.35908350645091,0.5228621303192704,-0.330201210761243,43.70373114410232
22.361079471709793,0.5924040402488681,3.5,0.44931146231916697,0.31185978940311376,9.178512715275893,1012.8874324281361,0.0,32.841616425285245,0.6817482028296333,0.4719728131042933,8.350086797955615
31.54786422182721,1.226952602847582,8.382459424600425,0.8766651467593147,0.15281883556569736,6.060617846452921,1012.5646328673669,0.0,34.00030967591025,1.444328798775765,-0.09703010172697575,11.973798152786031
24.717189806800178,2.542355011788333,9.539889770414462,1.5603397997669297,0.2955693511405739,23.370249146534235,1006.1758871559551,0.15986462136575197,35.125190055523376,0.22813329924005007,-0.2095196539110118,28.40246965844381
28.95648398571681,2.3508330379250495,11.035176340239698,1.8998611806876364,0.1857700146602324,9.975065523539516,1013.7077104531103,0.0,34.90548346850971,0.154615967890892,0.6162858895333169,16.657891208092302
25.272966298938815,1.2791085168318554,5.659489552033133,0.6587752014078727,0.3102828779447756,13.430282420539314,1008.0199848356772,2.0129778120564703,32.91448161172606,0.69204710102199,0.33524476239148454,14.889726429317493
27.460714222367013,1.0807195662909126,3.5,0.9166734466533127,0.3432093608911049,6.912170803181928,1007.8075520116286,0.0,35.93532662147916,0.4006547429766333,-0.08002822892564333,15.366286171462193
27.740457933104437,1.2109666422946015,7.59836574364806,0.6025055921867405,0.26088389281561497,27.711658181854116,1006.4927067757723,0.0,36.684559160524586,0.2066889752381202,0.19967271394332892,22.148446949143736
23.940971783018036,0.891040941232063,7.041219209240673,0.40629683808407363,0.5810154627945653,16.6708578221247,1005.5461943759741,0.3781829104527168,33.27928164349021,0.17471728031632172,-0.03252591139124596,17.54857231244521
32.18063859152787,0.76773126859414,3.8459088420597745,0.6187972068880444,1.23016656822181,37.459957746843735,996.5042971459739,17.16828883211225,36.349063170206485,0.5911035157266055,-0.19243788774785986,35.17777828558716
30.138894645291703,1.4556627069894081,6.152443553781025,0.7976760929750498,0.33031828296426974,14.577835038895302,1002.6087687768041,11.03432655238798,34.894280601080524,0.314408468749763,0.21614192856975156,20.127955628920432
31.864738886423986,0.9003267295262962,10.753414728727185,0.6679342599330985,0.19612810417543186,44.724422696224856,997.2979104022238,17.240131500076796,36.52451521635491,3.677464989989653,-0.06350565986207102,30.38549090646477
31.395687179490313,0.9422745034139421,6.237678184914391,0.729703170406349,0.24206559175580655,36.141662524736034,994.2537810867461,20.913397259100204,33.25716962119207,0.4124254016403128,0.07642430314979115,28.80288833543202
28.277949777516394,2.1109022390130945,9.896062494787895,1.6752005260004816,0.9658694339541084,17.02749771215347,1004.7379009895675,13.373479635946687,35.90569199067152,0.24317258319538426,0.407477132214885,27.655400570255058
31.679679467742726,5.934325710890105,14.705796538549613,5.024223836889462,0.4815058012425907,43.03082171687791,998.046136735419,14.014293850965544,32.757060774414924,0.69468784759253,0.36892458632838177,63.7410304932446
22.929171271545155,1.8806805231082677,5.249770593315147,1.067504137675772,0.3731453772799779,10.463011452138256,1011.8574649239918,0.0,36.29774472125172,0.2680306691965786,-0.14253265214962674,17.248011503301992
24.057820055401024,0.5281660781759122,5.695311570522783,0.38772531136167004,0.17294123545357065,11.371989002778928,1007.3623038483187,8.645524917523034,35.398885515458424,0.5088332020393014,0.2201110608004801,12.341623862586538
22.47488653356065,0.5257482791816818,5.54794006209787,0.2608552363953389,0.368803594259952,5.651623508919199,1011.2704009271148,0.0,34.09209557086645,0.4953357877597684,-0.3447496861510146,4.9763566137139605
25.415968473014274,5.239375451891889,13.831058455402843,3.2102895992459946,0.2468853178623487,17.455114115393226,1004.1948164909138,4.2235376547466,33.31900734104075,0.4625958575727158,0.2076449564604967,40.80822254710379
26.08111154173956,0.9644993835493751,6.564137637129287,0.761171992784144,1.3904065028598265,22.91804998506121,1002.9179655250706,7.1524291262888,36.01109232383898,1.0540332718893737,0.10197335703038696,30.31262117073594
24.849164833625906,0.5545354821132908,6.394566275272378,0.3310927396806681,1.0696463479489937,25.791330878907722,1004.1786860067908,8.728758446491787,35.09393768199769,0.24647707245525202,0.18264277682720076,25.426751650096243
30.70174384609526,1.8622480764141187,8.126871110664704,1.278318128538241,0.13943463606258893,7.272239463031563,1009.5006084200094,0.0,34.049788167676404,1.5079679898769047,-0.054105664125481415,17.736302283821672
25.745909930282686,1.9635719540809342,6.638420265424636,1.2792855414598048,0.4271596610544295,13.221823777269334,1007.8230745005974,1.3001225209937042,34.408494046650816,1.0402309345532377,0.7794249457783714,20.34831462129115
24.949812351717497,2.0728948493170107,9.460487916113527,1.4683985228928929,0.21473539164904315,7.72486039936014,1006.4250550848226,6.6071574204118875,36.05413342111122,0.3430892227204243,-0.26545489766710995,19.189515926606024
27.698308873161608,0.8978531146713056,3.6920779734247153,0.7534404047052795,0.33802781999983494,20.191207167549884,1009.0848420136625,0.0,33.95738693143453,0.21951158353077638,0.39004309883896154,17.37780074037995
23.479704362235008,0.4243616222158258,3.5,0.2004235373735969,1.0424511549963642,7.406762064804837,1012.4803565763582,0.0,32.885420515872696,0.29671508566868443,-0.31109441191891607,12.511350536107203
30.423068297917418,5.764554305932742,16.0,3.917502372531218,0.4373867180995118,37.83159017544801,1000.8010025138565,6.331844087046234,36.41851334047493,0.34265201485700325,0.22652046112026236,58.751942081437136
22.782781758637594,0.8621976152308254,7.312486115618521,0.6856294689919379,0.28305501580992565,8.670650467836186,1014.3010081341533,0.0,34.16557808052955,0.5884207959007552,0.25152649203812394,10.901760574082557
32.36231283430543,2.2033486439138574,8.87993451143389,1.415768467815025,0.20487381852856848,9.8225419874462,1007.4797852608849,0.0,33.99806629779542,0.1284865619253457,0.06924155504679984,20.428052969465533
30.108570077614903,2.362112359120122,7.158629489283611,1.13714657617986,0.8249785885302386,31.644526442747985,999.8947174274315,9.458233759648316,33.37891836116654,1.5745555928682593,-0.12336354369029646,38.902821840953656
24.08651465610881,1.9066040931069117,7.370020956581328,1.2854624913642354,0.5407951536690115,13.586933589797628,1002.7208771838074,4.953185464495071,36.35891705628188,0.1623335302365835,0.09939721176085457,24.91306362347543
22.057982229797826,1.000457917574543,6.406704130104421,0.5830964442263346,0.38405567940635377,5.340039541580258,1021.2224289190677,0.0,33.435272934857686,0.29649724059135396,0.14345361670056106,9.787735455193836
30.562344998775757,0.9059417456521056,4.23685418931262,0.46382107813684886,0.21035861276699824,14.55329032846053,1007.5587127423288,0.0,35.23769333240595,0.16944010304612356,0.6764777702071989,13.876251271640406
29.42200211039998,1.8567653811525742,7.233634699039785,1.4661275781860497,0.2830760236225115,6.236651516700016,1014.5481507222801,0.0,36.28728954991484,0.2779713940217433,-0.2553190998551036,14.487541387320046
29.654575264430367,3.6170070679903845,12.489108229647712,2.3823048306553645,1.54673611047711,64.12136313053023,983.8826023367752,38.67105067260366,32.65012854279384,1.190888501605991,-0.14456972370990062,67.95478867293446
30.098338640202428,5.091923137508101,16.0,4.192234115032054,0.43037045319173906,17.41803875735946,1009.8170316709575,0.0,36.06380433279084,0.6729812211613286,0.1496574449742677,40.56399269165372
22.77746884320795,0.5791106322518834,5.413247009065564,0.44730887554780213,0.33039629748621546,9.150025381627971,1015.8051151198669,0.0,34.26557751326603,0.2547366769319861,-0.039618826638338114,8.862907093546571
25.76389014971486,0.6691453549809552,7.3391941704398675,0.48659495251601775,0.43162127220571866,16.61252009698118,1006.978708301218,1.3260713707931577,35.32929067364041,1.3323041837798315,0.01498563679428995,11.580323292407328
23.216625125013863,5.033021215518271,11.188348082051688,2.2749769330057314,0.7792932561907593,6.119749001123857,1008.4474588627096,0.0,34.10133962186988,1.067802736878419,0.4246231423773162,37.01551303487561
31.062585971693732,2.534136982093956,10.550623429439538,1.574026939251984,0.2870562308014761,27.524524139729124,1002.2499832102161,5.319905865085156,35.490719902294224,0.9405994460495939,-0.9370932762002321,31.23109398982249
28.54463033168936,3.832845706151115,10.693199648980787,2.0275543464294983,0.1885934264501845,41.32511135565848,990.30349310221,22.3693476934577,33.593468132598105,1.2288767290520761,-0.1592822707562339,53.43818077794119
25.474429260952817,0.7623036328799874,6.833164964245932,0.6207584573608165,0.4956952774980572,34.05009095375138,999.8657142100957,8.624480636412143,32.594301332472206,0.6799975361204279,-0.5598292291879372,29.04049752740233
22.667362678003247,1.8171636276235343,7.899265902362798,0.9446226991983769,0.5924053886304097,10.854548419014792,1011.9933814806976,0.0,36.5754863135882,0.5176156245563138,-0.36853575291642465,17.454505236831512
25.265314378014452,2.3324458969137303,11.179023629120465,1.3164884911166308,0.6612809398920515,10.51853667538959,1009.561564906425,0.0,32.57038138537236,0.38098067272574687,0.8916185722253644,23.56037525732152
25.414424881280844,2.223654378158684,7.690924408175754,1.4603510067178886,1.0616344736710652,5.500051588258422,1010.8828542113561,0.0,36.04362694542408,0.251979224568643,0.25935884688346467,21.74662105019806
29.660864872549674,1.2392078584063095,8.171983591474104,0.6881884427951372,0.3087553969221202,19.75363644821375,1007.4488540461304,0.0,33.227291651286635,0.5890691144346882,0.3830477237703364,19.468034507145777
28.694353449229737,0.424823397543064,5.345420920632715,0.22683269898477676,0.1352553790101819,15.71718380842302,1009.3402929726745,2.7594275513672475,34.186546982988716,1.4216022945205558,0.021814622574749025,14.486995987102981
31.31573379705143,1.799186801745074,8.001078026126638,1.2407907002489849,1.5302889570193847,13.609670270989369,1003.4163014361948,5.848187306286015,36.03671721897604,0.6408143594125836,0.3155498386911684,26.05735731043923
26.958256714200466,0.8669216518056233,6.284678133511307,0.4209527148169589,0.35692779635529925,38.34748688959772,998.4763272264138,17.623023273618394,33.385508246343086,1.6124958707339974,-0.5682975776320871,33.17207432113514
23.255739582352167,1.3572789973563206,6.1745925385002085,0.6423554997044247,0.539287018502316,7.57288216037181,1018.1897097772405,0.0,36.222542703757654,0.36488923322185307,0.4134044441193602,12.98238586455403
29.48907026584145,5.45625481520087,14.800110218501558,3.2677407405583403,0.5938879803354532,5.135986036298792,1007.8801334834035,0.0,34.64036343813817,0.812737584200223,-0.23694544149596497,37.492644723385794
29.988243010477422,1.2147505775515395,7.092578706410039,0.8968087848319091,0.455855607348592,6.066004015938811,1011.2459771419966,0.0,34.07445988968429,0.7276098636952149,-0.13596053676406955,11.807568394638722
27.89341057447971,3.330147637623107,11.356126120331687,2.2376018030917266,0.20338171911182729,8.539103174241074,1016.3091370591146,0.0,35.34848231096625,0.7659869010689163,0.2268028746591283,21.99634512473312
30.09515538952289,0.7342734898740745,6.4484500003126275,0.45462586255802384,0.7331865026435339,5.473929695413559,1015.0585544185784,0.0,33.96797580451812,0.7214535045101356,0.16075636550377528,11.023056437883566
27.184853761826105,2.1858345831407564,10.131494074071716,1.4782812962325687,0.8327691921332843,14.78391171537714,1006.3723168983989,5.015603468289625,33.99333994368433,0.25035099443973646,0.07961701693774208,22.978597269263414
27.488694708510938,6.436101561097064,16.0,3.837078850846548,0.46231393080222793,10.27813326448075,1010.3862336181993,0.0,35.6541634810347,0.19300425666555732,-0.4270836537531115,47.69804338716969
26.48918069276477,0.5719458822730042,4.453567605349706,0.4715456637249958,0.40173727229897516,7.786562051029179,1010.7874335272688,0.0,33.832278565518166,2.4074113684635403,0.08493478408757464,7.771643239668981
22.266900830813,0.4133675938003918,7.0472204197268615,0.19509377826764024,0.15443585203375562,24.412830044663952,1001.7034428039381,9.663156690068131,33.36332238792403,0.12781181301992306,0.3861964737191299,20.86392218386481
23.132859983429697,1.3094789709201102,5.5775575069914165,0.9419823293085933,0.1394587649853625,8.202125453707117,1010.3998979024649,0.0,35.97287835038526,0.4783699522831979,-0.13637048363492793,13.128549874982022
22.33000644971071,0.555519993181776,6.881719819933799,0.44803413288705807,0.2866853513426927,21.288820653772014,1004.3941166264979,0.9386362840775744,35.96309544502709,0.43211495795624233,0.5102279658691035,18.491542931196733
28.682309318269695,2.6077640846332177,10.623583529394095,2.0120305067352,0.2675308358220199,11.015136974189033,1009.8026021777995,0.0,34.63961852593954,0.3677900351669334,-0.2554421775699033,21.637823772657224
25.30073780130143,4.335693172634105,9.937272373247634,2.2702401109492922,1.4822529292068496,15.03921780314629,1005.5622313625137,1.3424425372426674,34.7646191495007,1.0139116916643567,0.052291762101430814,42.15415173207899
27.33999225722938,1.3107172091539803,7.4987598462712795,0.7449730474195193,0.7888293244014328,43.025232220198966,992.4538733085959,22.28674573727442,35.49312949080085,0.9207198147060818,0.5873647066818145,40.14072384576793
31.529447976223977,0.8789849319925108,5.8794287075460465,0.6476529528525637,0.5853641613195012,5.532939106749117,1011.5978886358673,0.0,34.68987945457846,1.5137492864326514,-0.1884899694448633,7.9663453671319395
24.617568406063185,1.3117984520533528,6.223089326792973,0.6345276990588082,0.4280865965004228,14.711468696897091,1013.0876910734611,0.0,34.2932718235677,0.4019997845282036,0.4188949191819758,14.068271572592195
26.30902069187411,2.4565692031296953,11.44810306168196,1.903213921012063,0.1824233263911424,31.97869790297448,1001.0789096422695,7.980302988292548,36.778045031176006,0.5983149290417007,0.7411283267776333,34.037264035420044
29.933286954702012,0.4145526393715658,4.76567603991269,0.30575859625659013,1.8269601060216836,17.413371986826114,1005.83500666863,0.0,33.134853839766,1.4370826791353408,0.10986542412345257,19.567917331048044
24.402380737662035,1.8244276356631648,7.074404350516622,1.353438249659848,0.31153093684762934,9.538337741333356,1012.3347065804488,0.0,35.0487303107314,3.1545929583376444,-0.1344559455841574,18.649347462058483
22.808289053202326,1.9201353245634332,8.56978599422182,0.9410516944669229,0.1508884253410181,12.097556172885287,1008.5436945027905,0.0,36.30921101212534,2.189985402964247,-0.22045858103250826,19.33780219981835
25.042390255594565,2.024400386165069,9.672305314544749,1.4921940634142923,0.406369562210112,20.963706047526372,1010.9719845200135,0.0,35.45502467707879,0.8591768279603861,0.5066109461715639,22.21850121150426
23.692823516167046,0.8433616368422426,6.305578067300846,0.6088457473152246,1.0321559160879834,36.00556401447916,999.1624419955646,9.29201727760418,36.28797018607942,0.19274975440591574,0.4968429697688771,30.836060787945232
31.761825349597018,2.4031165322117385,11.075165576485007,1.8801238693675004,1.082325708488759,5.58706785071942,1013.8009338391782,0.0,33.94623929752509,0.11407542150818152,0.5572581930040365,19.883791239495203
30.48526398542638,0.5533455289693376,6.792485445090944,0.25821226260329055,0.10496191821233611,6.039173946571543,1009.2494681689378,0.0,33.669569797919024,1.146530701013103,0.03850657727041852,7.646612059384167
28.65073944335945,0.7555710201430375,3.5,0.34699165960452577,1.0783695041633796,10.503664912150303,1011.1842292667716,0.0,36.16047126367905,1.2030919104305053,0.4132324295344867,12.288621471339258
31.150336196971036,3.7590396188488335,10.972070868667387,2.2524272151041407,0.24253569514112136,8.709737858745203,1011.2389177831127,0.0,34.19469267759748,0.9231057526434776,0.03290621310587543,26.123849313085515
30.4385568074407,2.5474795338325267,8.742700011871001,1.2979798334165498,0.11788845078171367,9.309070525754354,1009.997334938947,0.0,35.55163398914644,0.2970386819036236,-0.25906929256292566,22.2857944094562
23.958985618303377,0.4221454381742824,6.478903218857842,0.2842532311598667,0.9471231590235542,8.501272454801638,1008.9942027645137,0.0,33.13531888718069,0.71268725795178,0.44346187478932353,12.306830594890167
31.371869484144767,0.8568310823738893,3.5,0.6999792079452605,0.9973545118717264,8.051138055677566,1008.7707350095286,0.0,35.7501039391197,0.3280963878206643,0.6218545973973716,14.350397172156864
27.663093540114332,0.7861052388135563,10.238503992940984,0.47684506422805556,0.5081106450122369,6.959713391228146,1011.9812936543744,0.0,34.86062539080694,0.45940979509585966,-0.30721069047346194,10.177005325770299
30.478121629222656,0.9053054628308446,7.426088975436835,0.7133627352202286,0.4844505974752845,43.043681277532755,998.1629485677524,10.776643014322424,33.65503005161498,0.3891826542806033,-0.3138008370152345,33.38687783628969
31.408958649196677,0.855093943131396,6.76248430351305,0.3848746625456411,0.8547805171666104,7.179887691490058,1010.6620872675628,0.0,34.626367045023294,1.5695390069895017,0.06399367698054362,12.340891312994787
25.33903648720457,0.5033065125173035,7.678303297159865,0.26041373763580217,0.7944520686197106,8.201288671917439,1011.484802569514,0.0,35.496857591110725,0.260067113772114,0.38464501200935,11.390214149710099
23.155545207540605,1.3827616885474168,11.004452118604288,0.6390701618718067,1.0937054001965838,8.95801549025451,1010.1976613519674,0.0,32.55111155804375,0.6170970176053402,-0.3468367178138837,18.55892052617516
24.393319206690386,2.5112142347188326,10.826305589376503,1.4596655539403909,0.4620843323770927,42.84598539757194,996.6531134992455,13.010005900161085,35.24110835290075,0.3686931513832452,0.12945550793456706,40.58647554204089
26.48463178057569,1.8932212251118679,9.831017849908793,1.5397110788996946,1.643973126812822,24.73182618197449,1003.2149719182141,11.199134458780222,34.82884034657508,0.7527300312872542,-0.15664943392091313,33.09555904794066
30.589155042186178,2.187844374885035,9.134154911489636,1.0693764319979475,2.601486700783211,26.82904482309271,1003.0066639874196,5.900395509071013,33.44723052131095,0.5988432872098824,0.2952901849387507,37.19227252087541
31.037671124191604,0.535410394925112,5.751450080814779,0.37080591693743925,0.15576151638499858,6.549260945451883,1019.3973668635015,0.0,35.73781861809764,1.6460369893418023,-0.22926038752356165,7.755613999125285
22.072997370577504,5.241599930614423,13.72118670909861,3.305344402040959,0.9523373492032232,30.33692168396648,1002.4432292618478,4.684659991148126,33.80488223392276,0.16429204095143551,0.3201310500959627,54.31793740020563
27.36284667706444,3.317119317053263,9.731646783124061,2.7379081069456004,0.4117562916520461,12.34404788622095,1010.8530476280257,0.0,33.69050200565023,0.24956997185189134,-0.005375183786197862,26.371482969872645
26.38281553306218,3.0163503991811162,9.398909568976762,1.5051819454311386,0.3206415924357514,9.26898203707945,1011.4974311536575,0.0,34.52623890069709,0.9723533771573886,-0.2779991832883649,23.474241643090515
24.33213200994267,3.1704224858475696,8.68092652801115,1.6955772645746838,0.527282852793685,17.00405600427052,1006.2098794107034,0.0,35.40744361721617,0.37606699619502804,0.07229148439941097,27.63700484031552
23.25858635700367,4.718001909114215,13.378596260378051,2.1788524848246036,0.12591668239793594,29.17799744865016,1005.8674981021956,0.15205111111403813,36.49403769626789,0.20875759665784466,-0.6282906600709234,46.10799103081032
25.544959299738093,1.6573113085600566,5.456158989568522,1.0334564074107881,0.41776913643366786,26.112277729639196,1002.3743943294578,7.155455514780511,33.10783614546805,0.5198871152572272,-0.14568310023672892,29.35306292010911
31.90055189108145,0.7575938172789554,6.650043657317686,0.42511101255427675,1.021192722933336,35.90152838955729,1002.3821813687746,4.220915187830012,34.20481291923245,0.7335766633447528,0.16809037461363155,31.59004961636549
25.39363078621793,1.9346487308761255,8.427871803513513,1.5437768932872644,0.20805113221835433,41.86097469891475,995.7605070709534,17.850389938208306,32.78805524780431,0.12751750228810377,-0.5701141726611633,41.727357806889444
27.447301528305346,2.5731490979757368,9.852071323936357,1.7805582572124863,0.3501124176897066,8.80756508793861,1007.4934379945931,0.0,35.76176821412849,0.3068663639674287,-0.8498978985868938,20.81368007693567
29.381699068399367,2.542552851797441,8.793397778205406,1.7686920461498548,1.3621582262321839,12.719613120839831,1009.8587008690687,0.0,34.42525142562985,1.0946179244787677,-0.7687785619346085,29.014151075862756
25.818110824982586,1.5791880659147446,12.457829073917296,1.0466294395205742,0.3518211268826301,5.206312278797765,1008.5422192874829,0.0,35.539795281309196,0.5406872912186125,0.5144949944251295,17.788614870218996
32.20371186857009,0.5134636377392594,7.964408398201137,0.24992336029518003,0.2996828989041609,34.60477259714736,1001.3578966644598,5.773653971345046,33.88543602309804,0.12161213438035713,0.023134345533044727,22.46433566026512
32.105696596892166,1.1420857452100712,5.188940591251044,0.717238383358483,0.3613497647214141,7.350774302112468,1007.3907346132091,7.123679145116393,36.13056413804719,0.2987304846898216,-0.1363628879025155,13.819982175191758
24.643714106166325,4.456571933925226,13.371131612205755,3.7872040807733853,0.4297733896200022,32.67384353366883,999.5890403358942,14.200317867232908,34.79976073643249,0.7115602151956723,0.38080415748339036,48.06192598126388
27.22110931187005,1.8050395381969309,7.33706195434849,1.4153165495635152,0.5498419688685782,10.593889555113002,1005.3426210936145,2.4389929112730693,36.557513633841715,0.23340592518783626,-0.09155738886418886,22.732112670722444
25.15922225307608,1.636654620855818,6.4242587274793514,1.3214081352043496,0.8258085687578374,11.427081972232397,1017.7672319808183,0.0,32.838902948319344,1.1540372268509604,0.14396166495335622,13.540640673455954
24.99082519096341,0.9010263177373822,4.611739265241385,0.7021612890363118,0.37074993233404463,5.558859016995542,1006.7491793729764,3.93277250140415,34.711390345530916,0.777274501480225,0.059014372823141995,15.565121569469536
22.387312947222593,1.1353223256850355,7.691905222371945,0.557689260569701,0.8654052907702904,10.541618056711204,1009.6887749625434,0.0,35.795757557790104,0.48249019918876257,-0.11484979726354226,16.14933843256636
28.400425506788917,4.01135433609441,11.198367452365577,2.1700596673144594,0.4433366733803886,35.695124026640386,1002.7319205767263,9.081733870284644,35.08065638671654,1.5834818099667471,0.15295105936118708,47.572540050995144
27.278129743903044,2.1568025883937043,10.333983695146474,0.9732542790673937,0.2859471248844393,5.362311637756371,1014.9011470513908,0.0,32.599734803835425,0.39835166277454725,0.32064142749705055,15.962721245507913
22.540526888124887,2.8772508689199365,11.669724885851544,1.6440727992265893,0.582760348671656,12.299983782944476,1011.4893271617776,0.0,36.68105631687868,0.2607852467691296,-0.014717315955945734,26.1374092126324
24.92578787448442,1.3692306342740777,9.525486719510514,0.6756372183840341,0.6691887012226334,5.446644335551687,1010.8055789324613,0.0,33.78253388022636,0.7497667883576784,-0.11119445060411519,9.965498069886774
31.536791802649866,1.9918730517680348,7.306791344071307,1.2730406027202086,0.46745029343589484,11.489032046089335,1013.3224889376801,0.0,33.571894825375445,0.610997686219646,-0.0698793427998086,17.822723891513256
24.51539985200321,0.8568467251141412,7.255372521243469,0.6176588147290879,0.12622635087276235,7.653226027513658,1013.5888449081363,0.0,34.58833746510829,0.34500465470949804,-0.754269386475006,10.377434534112721
23.52139615695784,2.355749248966375,10.189029973102926,1.884133238836096,0.1837848132473987,9.069020385488908,1010.9025963413095,0.0,34.8312798623504,0.3526499687694137,0.14907084127811915,20.01312634404141
27.13925398291441,1.2926712981157797,6.615541073952457,0.9690986942995712,0.25115014713572753,34.406266649583046,1000.5544560057044,9.481771632106637,35.79503899163625,0.40470834676044365,-0.373188951145993,26.874382850317165
32.34932976816131,1.3349990718463602,6.245340393234136,1.101953942015929,0.24947083325476965,13.019036226579964,1007.7274524344444,0.0,34.191076727933655,0.30645712737014563,0.2704015534416234,17.22804485967393
24.541580350870753,2.076620449685126,11.152197808097187,0.9792497191722305,0.6035872544633781,9.478978757451106,1007.367935022374,0.923396190434449,34.39182961878751,0.8432242830375729,0.018351564763647153,20.017317816330557
29.057423247761726,4.805226475375582,13.990651469274127,2.1857626609627245,0.10833358883256264,17.45979990643808,1010.5221235531969,0.0,34.80032763851547,0.732226499814085,0.08679238378565422,35.71166815871048
29.997005960951533,0.5058345329476786,6.864453785373428,0.3614366021995911,0.7341776699451176,7.145861887044967,1014.9942102626096,0.0,34.195864528889054,0.4487248753621135,0.2951152097121708,6.276477005587344
24.495194211920197,3.186405064331443,9.502415098054707,1.8026798730726192,0.2387578782146491,9.203965898046357,1007.5578042659499,0.0,36.43255674013497,0.4043538762676637,-0.27428331821932717,27.4038920549785
29.646271660424524,0.953363917033817,4.88712835087758,0.5256852513398786,0.26699290438366674,16.06286180021423,1006.9245249397673,0.08825226559380672,36.160383456527285,0.3725266134989007,0.1792369551728349,18.69792670035951
25.86172289355216,1.338947406764634,6.555930670438176,0.7797424962438886,0.437763371118035,8.796561856840304,1009.9476166448654,0.0,34.45638688883488,0.299999691820421,0.14366736839693267,18.75252515536054
28.639211221232586,0.43545118718315107,5.597780055844677,0.24294623971504362,0.20946311486767372,20.913970392290032,1005.2903974213656,0.11962523806335157,32.500837908050464,0.15375573052208497,-0.014673291424977628,13.729360615512572
28.652061962989393,0.9730727337114221,5.155200910454536,0.6369486589699125,1.0712063856461023,14.467821425142763,1008.2355464018805,0.0,36.374018330775904,0.2873526574923594,-0.2748651702672382,20.054251718668418
27.625634182784964,1.5174776983482068,7.716692644051197,0.9500311453067786,0.1401554496085465,25.697063991761283,1006.259440388331,0.0,33.0346472657897,0.3324584395014701,0.2583334274193074,25.525028807786434
22.948042585571287,0.492505044556728,3.5,0.32257672866168746,0.36445371547931316,46.45715367509648,992.6289318553823,18.899913542129706,33.551403385334396,0.5760245453346611,0.29620909054676064,33.79639134133595
30.770676203686996,1.4807925657023593,5.985355484559438,1.064816380468714,0.9519741307435748,6.723085382062865,1008.6926297504949,0.0,33.155153522771215,0.9917709500551586,0.08976070909225942,15.889247041906312
25.368190682203227,4.590099921799326,14.2685467316541,2.7763320523915374,0.5305178278263653,10.704504690902478,1013.3021220007631,0.0,33.2732069509184,0.4022128389446521,-0.32460584550012567,31.626538812997556
23.95844435919847,0.5781936113453193,6.9464342808384165,0.318308924780419,0.2555995201685884,10.389993808754191,1008.333833029575,0.0,35.952373412926285,1.8376071635167406,-0.13460716152390895,10.324664085169466
22.42813898632502,2.7132683387820817,9.296067861727447,1.4013494142166387,0.3457174322021969,7.294761960093576,1007.2071684262891,1.9403750439543836,34.99185619916347,1.1538931860369994,0.028883547152976703,23.662861388641385
28.20437590347654,1.2433205772757203,5.711330575480867,0.7332976053901654,0.6519430643867895,28.272591168016532,1000.90295498687,6.55498109610194,36.611209201438996,2.611948857891591,0.2909730924937327,30.72645838647336
29.114425799343966,2.103543214592197,7.245272458976938,1.5707632375843448,1.7297301283263178,24.972555168625558,1002.7270249601281,5.125501766301546,33.49525010299198,1.3534674899086097,-0.5042212903895907,37.24117867972092
22.17417220374249,0.8822797934633044,6.0282012593219765,0.6640760877808133,1.1063006735813914,14.274627733201292,1012.7871002930356,0.0,34.5882301049643,0.6754030051749078,-0.1473312125065318,13.0156838099357
27.37697711214245,0.6779985926322933,7.187175204206065,0.485963732120848,0.288643747409736,15.803721025767114,1010.2670640971085,0.0,36.702941987054615,0.6474976959513746,-0.09093539597977081,11.970244832731948
24.378205639578347,0.6798468322051503,7.616092834985757,0.36957239994396973,2.8,5.859467863816287,1015.0298397883253,0.0,36.053707111381506,0.18323052023628494,0.020872447208939743,20.068643052040052
28.774314299299224,0.5169596905610747,5.185729839786981,0.3542386142245911,0.10157986866294295,16.351504707665434,1009.7269484003546,0.0,35.63304742021811,0.8689428067786777,-0.40546384940869634,10.8962596803466
23.83084750455241,0.7285775738843026,4.581200994014568,0.4941765838769416,0.11260838682425885,26.93879029735145,1005.7462879512307,2.0423150811598187,33.31259336589441,0.6500848057725408,-0.02613647243066662,20.010600680293074
29.254846250075893,2.1460756220581314,9.264701576504137,1.3814427828661815,0.8813644887081287,16.940757608630427,1004.960147546117,0.3566819561214751,35.80844322391178,0.5242650358695018,-0.05866924750940637,24.406220015250234
26.060721136155642,3.815123443613112,10.631919742564827,2.556100639404963,0.20011246088756823,9.3162237546809,1009.5681013996591,0.0,33.99453002716245,0.8091054439311577,-0.3131571550213798,30.922593938726738
31.835664881735713,3.092295300258252,9.78875258217305,1.999837629905494,0.12821234923019886,20.41764853130252,1002.6229870186284,7.4361019354577165,34.781308657301054,0.45224382202221536,0.008711345540960556,29.22951960102544
23.44396991353293,2.2489745786183315,11.036068377168553,1.5207173574256774,0.22181110015713645,11.28061676233806,1008.7235760650733,9.513248397084183,35.11939321607002,0.5452255847981624,-0.13940918387492562,18.12268553147248
25.581196686027713,0.5872306780970105,7.297688363423271,0.43232062390950043,0.34988517197827196,16.02051163820198,1009.4556337100151,0.0,35.12026395955429,0.4048499373456115,0.22345514987839754,15.497680673024174
23.191471973026186,0.9461544343750875,6.9400394502523355,0.46725957637572885,0.6901447691325023,14.36014959891856,1008.4907470784115,0.0,35.62405092922812,0.8581718909067924,-0.2598646463515185,20.2731162105923
31.70928299192491,0.9932541275455418,4.879978927912891,0.7447919063700734,0.5405765013232658,11.719058666366458,1013.1089477119065,0.0,35.345318998361485,1.3554478442775182,0.0814419427449593,12.560276630005868
31.2120632105003,0.8601994708739231,6.86545389877905,0.4338454396688058,0.2220902906445928,22.76553058598686,1001.2017106173237,11.770542577020956,32.793994781035536,1.2027257958425892,-0.23293609303024382,21.68090267069725
24.708387091009133,1.5577888921877228,9.398005942119191,0.7425219438174284,0.4148693029733983,35.143367207246385,1001.0299167902874,23.22170586397734,34.46659221158116,1.0251384187738006,-0.15991398335558438,33.7417470486246
28.92983248335888,1.6270553327037507,7.365249100218447,1.3674291631608648,1.272964463067383,5.073166114634753,1008.1661408413072,0.0,35.35529290889591,0.10833018265767023,0.154052069696892,19.740459780662473
30.580833102112766,1.1062931806676124,9.017998860181775,0.9213173184429877,0.8593486716418591,42.972298518579436,996.5880535469294,15.462040895524368,33.77276982331263,1.5574366127309325,0.13215120649475443,36.22533267933101
27.829608521794356,1.0986071180557313,8.916610746777627,0.5209316105100386,0.2756639698616747,15.0302550991522,1010.0320716974303,0.0,33.846143755030475,0.29284733147576103,-0.09595776390242612,14.697081640108157
27.561331072738067,3.22159400156334,13.294468451029223,2.020910351994721,1.9144857060126694,21.889815406976602,1004.3430388966545,4.877426790894477,33.03564045534485,1.4134142695801801,-0.044293716416433745,37.53561296858885
24.539449054454742,2.891657626030525,10.662848416651975,1.5166685701713878,0.6549077782127767,32.094734700154575,1002.4379008180796,7.541928298303501,34.300044439691874,0.23161650618650578,-0.45876225578833346,39.22942514345674
22.97757906196194,0.988598921530726,7.660565608464326,0.6367940914398375,0.12901802588853986,13.811997857911422,1005.4335097598906,3.8322848749593463,36.743370867516546,0.4475116651060327,0.5409675087032451,15.943443048982605
31.420765458509933,4.321521677604533,14.900019952184795,3.379736335672713,0.11610718020139328,30.223137608248734,996.5641086973084,13.052907136439945,33.72687325353856,0.930335455231688,0.2906097392573098,46.325750406050496
31.45438960021497,5.285887350153609,15.18568813587996,4.38858000957733,0.1829859767821376,7.737734777452341,1012.4849627826301,0.0,34.78517863855022,0.7134558375243959,0.27800681780488734,33.40579772483266
28.647565301369312,1.0330039516604645,6.107555951303517,0.7269259771938383,0.685640555270853,7.427079865140136,1016.173821345993,0.0,35.69592018695006,0.42263238239729395,-0.5082612759346753,10.39681051084009
25.559812806011358,1.1001820913986984,6.307513509725865,0.6508262119737936,0.19135946411586363,19.99960042270362,1002.7767355936712,7.619638136356959,32.55803826480236,0.7810858336008927,-0.15842149737125033,22.157702567965146
25.666700533432937,1.5271671292333764,8.106733263280686,1.055776796986445,0.42237492550283695,33.57850067412602,1003.8401410862685,2.5645754053184655,36.37189010627268,0.5777055967776511,-0.06709111012326795,31.45549269147152
29.622534628137515,4.931628167170165,11.941088567986968,2.8347024469859,0.14405484781888309,36.21409125105784,999.2185855936608,12.127958377274899,34.16216579431723,0.2935598413319341,-0.6258715222119042,51.489613410619114
31.41965772950206,3.7440849774284595,11.524464586324939,3.04742105014224,1.241590340661811,19.44934069957676,1001.9843733821539,5.57208234259479,36.237198742857224,0.7236336616944407,0.3614825336266303,40.045293697457666
31.314407454783733,0.5731486173024869,7.6764881884898575,0.457464406557541,0.2896905032071484,15.436593496762539,1004.2492397149236,1.15324538457965,32.667474933267755,0.23707993078327672,0.5588595709918477,14.094452260559322
30.18869323150505,1.1980528003744761,3.8696142639261355,0.8066402048407115,1.174331408725441,10.635825532062997,1009.667896748056,0.0,33.126353273013805,0.8104791346167527,0.7716772346012649,19.691468345102756
28.74133228462002,1.6896438903490778,10.343082155320113,0.9798575518428584,1.4041736154633928,59.7686129985487,988.1760077838842,25.59662944186493,33.886876654253506,0.10186943587704576,-0.31605933963120775,54.089507169193446
22.883469632448012,1.519090932454509,9.417925006472856,0.861865157946078,0.10276637705126866,10.393010858347896,1005.7817860104057,2.057504762760626,33.9854856241721,0.5774701975435208,0.09106322389199581,18.09070028896983
23.697101497993444,0.7448026560130839,5.6509978570778365,0.3451171196918716,0.3807430140906439,24.08627112357118,999.000005811324,16.79527030077121,36.14551515902047,0.4075639528011775,0.5129863942026475,24.050641161507553
31.434818979534334,3.532314779129365,12.173252844240572,2.7422360702876323,0.11123429806590193,15.629473326202817,1005.0241765289605,10.408934424636557,32.54816479616941,0.3166712594075447,-0.038766467631433835,31.32205013595728
28.367505126425694,2.207871421100891,8.978890148341094,1.3912974293403688,1.177086369043278,18.129218064120735,1007.1164548809436,0.0,35.25678063881962,0.5350403084439657,-0.14844576984493718,26.36325271545784
22.09656904197461,3.3113496260791053,12.805414879600415,1.9207588520892855,0.42879567298930654,12.000258759661218,1009.0395147235066,0.0,33.06464347556776,0.7219094278969059,-0.6031061857405717,26.46870500944916
23.06545120009334,3.531720010888685,12.831120733754545,2.2548059521328843,0.13505545742002734,51.86312940292535,991.1408799027657,22.09747362281537,36.03982729805751,2.1168214886237156,0.4464178602201122,56.79179501435982
28.966768575634585,2.607582891471602,7.59354311987437,2.027383171765177,0.15258015786373108,16.87046181966187,1007.6590008336019,2.9329976441614125,35.847865043619024,1.1740886248849924,0.043258735374322274,24.56631569427602
22.053146630385296,1.3254557555809234,8.266713980241928,0.6625233375446518,0.31767021763917275,43.88082004501019,999.051507199878,13.569031809241663,34.64966041786816,0.8577028863055339,-0.2052696506370718,34.43595910565136
23.688484539883735,1.90881833508328,8.127431222685033,1.5138120410074638,1.3677947059286084,5.106685286947897,1013.0796267660886,0.0,33.41455506970321,0.4911650379953917,0.149350051440101,16.798224294405095
27.761704788349153,0.6796615825172855,6.347639704308264,0.5498486222099742,0.6312752433732592,16.902801333436372,1006.6760969661809,0.0,35.22833018115189,0.39869047842146244,0.10355188061253273,14.857800904397621
29.264899575773278,2.191633299599291,7.852682087824,1.816169621452675,1.009931562778631,22.681565820978175,1007.4447477407558,0.0,33.171910765927876,0.11984230316969464,0.10889068582410702,28.140568013758728
28.845593224777303,0.7160651030302435,8.911122789135693,0.43608020846256706,0.3053920808909651,24.135286519598196,1001.1823899382224,10.34029377972142,33.31710230814841,0.3669262049851838,-0.025984321814336325,24.905740572759985
24.35482774933588,2.294408725923962,10.690028436516997,1.2317674617756587,0.11987884629092263,37.95089094247736,997.6984039344316,12.536745442501257,35.194766579569034,1.2318154100983205,0.617825355567178,39.302346410651246
29.477881824149126,0.8173488497761034,5.361571183637535,0.48996493968050975,1.7478778578485752,5.061758544465757,1011.3124826748895,0.0,36.76228231818108,0.3907289332303244,0.003219093358152264,13.869437778951426
24.4911154187164,0.6000873957538606,4.0782414019916,0.34994986922622184,0.10779497050789721,5.004622992836617,1008.228413109974,0.0,36.33156160018595,0.47147538338256256,0.6167627267131567,10.456183925168396
25.41669683067231,0.6890629103088777,5.661804292089207,0.35863076068360145,1.4274257138399715,13.948213380204429,1006.9969955330627,8.148787466377694,35.05036163803981,0.29033609027180163,0.2474409242400692,18.55894411420284
29.838159753739255,0.40319059545553704,6.377497040956925,0.2793734520823997,0.30697224979653476,5.416238665915797,1005.5449050360547,7.514117815161196,34.81570810569992,0.2922328865549082,0.17290954996660596,12.114798122239543
28.821145439995753,2.4295590589540224,9.733515072036575,1.5564961952813483,0.10456374620223245,56.3849595923248,996.5191978402669,14.395476544559475,36.79305498403487,0.13832117431204058,0.010353836352645654,51.48061836092924
30.916845810188867,2.509225393574082,11.396304945585712,1.9980469923810056,0.6258106283012319,8.515575423036742,1007.6813452252053,0.0,34.85380773482574,0.6708460442633003,0.39088484274107216,25.375973408042146
28.904935369153606,1.5575503594032818,8.988470230197187,0.7209025771795242,1.872734421585619,13.958862437819809,1013.0105755081029,0.0,34.30650104442561,0.4565997824586119,0.08954711865229835,22.85384215214176
27.967240335022453,0.6815633389452078,7.681167548730734,0.4822382123430247,1.616701038048633,5.883209338892543,1011.691755554085,0.0,36.41108880383396,0.6587829407546401,-0.27624592528973607,14.929374377093996
22.983585062194972,0.5396040024384334,6.461570305304837,0.40749790849759604,0.1789612746818365,15.335441769547646,1009.3799987266542,0.0,33.50699247223794,0.5749681095104165,-0.28792226684931244,12.409919718509515
25.86101593212405,0.43090286770743946,3.6916770665569056,0.3248122667277582,0.18998821559008405,11.69151052577715,1007.7194492119802,0.0,32.91936175827628,1.0622064832958698,0.19786961767699524,7.7240671178693985
24.784624860658116,0.6899519617841087,5.948365734491043,0.555017771556203,0.47514200505760273,5.6396321560522,1012.3015875998635,0.0,35.22658714775587,0.9342101345620911,-0.26758260980827353,7.563507320063773
24.561891255480376,3.9441326514394155,13.689573382453947,2.925022008785694,0.5563866428762904,10.714171722007055,1011.53975115208,0.0,32.912153425205624,0.985610280043155,0.0282191300596252,28.937696718397362
32.21661082490068,0.8423376850589368,6.438923440319117,0.6916637100776055,0.7051768105321022,11.95314520112458,1011.0717739250724,0.0,34.10453870889773,0.5149758108941851,0.42001458849288187,12.709733925965763
26.127526109000982,1.0998013993617501,7.734278071786771,0.6412531073087628,0.18987970924794234,69.36289959716623,987.7631262184486,27.912073431318973,34.3213827580014,0.3620632752576425,0.1563895622630168,53.368341043222216
31.36648882935969,0.5781082422575468,5.562472363194384,0.376512513578168,1.5374602338088543,8.262697150123312,1009.4927148080669,0.0,34.8544136883117,1.7257601558902216,-0.20274720461506168,16.910581151354982
28.626955572971262,0.8023892234586929,4.89958282941288,0.36559409859165926,0.5581698848298636,16.017630616615754,1005.963426022743,0.618527576399265,36.76413604671623,0.13347875419703492,0.5434956290656489,18.232876368821373
30.345518687187308,1.5717680016306632,7.644166306866028,0.7116698859705445,0.9449308287567761,66.14329734786884,981.9819956456629,37.8149915385404,33.450221410332674,0.199364551647369,0.24175633294814552,58.857282068879584
27.27768947760452,1.8973803642587836,8.878855820214792,1.0360657777486668,0.44950224655799964,26.984333691753935,1004.4584608075145,1.0185641640756637,34.11575242757972,0.42642171630361025,0.40622754552143125,25.53667242282947
28.05749078857677,0.8504068478780592,5.5472007469883415,0.4169739338501153,0.34070861673930586,75.22083046926254,986.2738529995681,34.3513351654844,33.06863253496583,0.6710849242970809,-0.7436454201232557,53.906458593658684
27.17143578509807,0.49514514046029046,5.53769438554352,0.2743522709374959,1.801110390925901,53.31939607904893,996.8928995954395,20.554699672887963,35.11273816194291,0.10494050969963326,0.16579850739196117,43.164897972416675
24.050051371879466,1.1935855760374015,5.739259173888349,0.6216400382901253,0.4926539122449618,14.414189427391792,1008.980263433639,0.0,35.62899468392368,0.8623300559337364,0.3447552427329626,13.21772939569197
29.585747210245806,0.8269418268560894,8.167362664687104,0.3815575826620614,1.0074052436208136,21.687505670407475,1002.7704112875771,9.740151764063626,34.57293033991428,0.5908543067989356,0.6451010248042972,24.833952541628094
24.948109805628985,0.7966234071552368,5.992238496497375,0.6482297201200051,1.4787317389833181,6.638445699611554,1006.1752339291152,0.0,33.55707445364688,0.4978068263187688,-0.4623365044528645,14.315267303227207
22.255317647530266,5.544722818409612,16.0,2.5133632619846327,0.6062598335924002,13.146209059862834,1011.7118552922477,0.0,35.16981955748151,0.43046280018051675,0.47214010621808644,37.61878495105561
28.777459107025262,1.9326328770415948,10.771860954486234,1.4387154156083688,0.4582683914114922,28.178105098097905,997.0084211416271,12.367965920719415,34.81837821048605,0.5397406371055573,0.6255330999954356,35.81784854834014
23.859662133774012,1.7022578430895123,7.942495170478507,0.8696140029175778,0.10158266278486086,14.854252269104009,1006.8617309500788,0.0,33.236098610635985,0.20588891464383363,-0.6560511420476427,18.091349676152976
31.8748151357056,1.2599508377247601,5.755238409083544,1.026723667550437,0.1183791042247045,21.982144140665515,1004.2756083994244,2.2604687977439557,34.24443217215916,0.16905242733554715,0.21750688845440996,20.513909367896993
32.01625005852716,1.2964297351415555,4.204726706654794,1.0463722622128888,0.20089366203219106,24.172194651079238,1003.8383779654142,4.3851446362191115,34.37134749403134,0.3051879075687486,0.2661672850192457,25.303515790557782
31.60607609731471,1.6455970032317064,5.754018996276884,1.1709417582042787,0.192612372210413,9.092456549125185,1010.3634551034089,0.0,36.72525634121716,0.8417009190836694,-0.06445268192816715,15.116558639510098
25.886666352682166,2.307427867078088,7.092617923392568,1.6587952643657244,0.23232130667680537,34.19073130075683,1000.335906251144,10.038791058528645,36.15192907826874,0.6324585526262391,-0.1215330610232014,35.355475263792826
22.162294473553107,2.3378434693360735,11.27582268599719,1.0570223924755109,0.26368722611256334,13.622003065583964,1001.1448501279357,7.156415433956802,35.65779438957645,0.49249784064314217,0.2837488696507378,26.215613987880886
31.74734490717112,0.7013960259619644,6.436249727571955,0.5919422127048906,0.30087524869204596,8.303393371001757,1010.6249234003743,0.0,36.32174120966267,0.608508082432009,-0.1652436136937212,10.74092850026037
26.4959335573318,1.5093963362289342,8.301320191350063,1.2092272775668766,0.345544595768298,33.077922057050515,993.6909524306435,19.97798521248936,35.66258294506347,0.5915773829998301,-0.026037264946334238,33.905703079543265
32.149875599958534,1.2495313066785156,3.9185248386186395,1.0096743887463706,0.14684575797132882,12.573629699851566,1011.01927728404,0.0,36.38462797704065,0.3200714680988832,0.3343522152883725,14.573066939688118
32.11800975943716,3.6708522452265897,9.81058439758197,2.619879225946588,0.11947841736790393,24.42562854724752,1002.2770127778401,5.313485016829468,32.734578393981884,0.1615226668294976,0.6639150676144024,37.03251990805125
30.956599282407282,1.9969513083579362,9.925132019713717,1.1740371720736278,0.6043093797320395,16.118047786421847,1000.8920466181562,11.802146216129275,34.46108469984774,1.4625493565433823,0.23829449538970632,27.805018010280428
25.09171336673065,1.6165834056115664,8.3400112986747,1.305325563151951,0.44683824264081606,11.734830513568234,1006.7253969328452,0.0,35.711662841539884,0.6496413478225352,0.09671957339507904,20.053630177322447
26.043526150320215,0.596181850869771,5.852319413537192,0.33780067360541616,0.3642608686965749,28.241133595474167,1000.6610719137213,8.810705445851049,35.008171925423056,0.8178965028486105,-0.1307391196312696,26.8759254371841
30.936935050926998,1.8887771666123774,9.247062437802462,1.2750844107571555,0.5528461121391106,17.29480420875482,1010.4507088843542,0.0,33.25321450584838,0.47416956370292984,-0.3037100142278697,21.38412194353579
25.327681054140914,0.5994576460885565,8.532720472163124,0.29366973830920506,0.8912793814700954,11.9330551643708,1009.6763022752157,0.0,33.9641159720727,0.9475351515699806,0.43835238452533226,13.613016359485718
23.77967384020397,1.0580670629899687,6.572957018076368,0.8663265326581359,0.35113580177147974,6.625149221034528,1012.3053322126258,0.0,33.86642981261477,0.626959647891656,-0.0037074478944096115,11.252321539103791
27.846413255812678,0.6466127556278805,6.267957664117288,0.32738532947672316,0.5611445729232358,36.612630437089045,1002.4678758991546,5.732714140493034,33.623791726692644,0.13318150101059426,0.45274614613335495,29.036558059271236
31.8296251286882,2.2846314213060617,9.401231936447868,1.2336066631569491,1.4814358185752543,5.505594782195506,1011.4445575200284,0.0,33.97548288011005,1.424894465468066,-0.06534315729841159,20.47432558006374
29.308312865087217,0.7695830270071143,9.973413901523793,0.5181245921085531,0.9236067906491221,32.8479991353242,1002.7369171803166,4.397732042797436,34.71386914038282,0.3187690992118132,-0.1772510314763539,27.872640257545818
27.985642285938333,1.1957586074586959,4.0033310967971145,0.9035596861178578,0.349807282609902,11.247177818914572,1011.4203924751841,0.0,36.17593680656808,0.1890239848104094,0.1972796110896306,9.570844867232601
23.02035318459307,4.016387393419408,13.254331830338147,2.802396237942893,0.5656780753722743,19.27742629986444,1002.2028277487593,5.282847114725289,35.69074044829315,0.15529615270408517,0.023212421256059945,39.035341444813035
28.45757588034128,0.7656858219682458,6.206031106404247,0.41565527821734766,0.18769836559861855,40.750544173879305,1001.6393148965863,6.201123001095907,36.091573727269804,0.8647236778015908,-0.37193501161375814,30.65690837250049
32.39556542609476,1.5342086871919505,8.61173322622178,0.6909726388516045,0.4699756183185718,7.303402230383874,1006.7318113884534,7.1996480213766,36.299496101621266,0.8303733768783769,0.6860789154236467,15.851729544701753
23.470882159983503,1.2695555306147848,6.299141124114525,0.9557978714716543,1.8913356081130877,16.71664455572603,1009.8687757196052,0.0,34.28944696121971,0.8227080198685316,-0.1694443208200731,24.168534868546363
27.442461349819236,0.42926446930650425,5.6992284984640325,0.36233481115356925,0.4287093151195178,25.240630489490826,999.0555800994928,13.561410305160106,33.98791302131501,1.5843997722749035,0.37465703241097476,21.28183575361471
31.21241725524353,2.918189815129479,11.319857536431304,2.258577504335053,1.2817351512533737,24.839390624305633,1005.5757259897409,0.0,32.747780541241895,0.3574948700742532,0.3446498202887685,35.18216097394475
29.778070486419146,0.5144724984469953,10.595415798770354,0.3262180837590984,0.3354066233175175,15.440803900370415,1013.2277665578274,0.0,36.501113974068666,0.594135400902268,-0.39081196772002486,12.846742570838847
29.318665280450315,1.4287024233080388,8.783718646057578,1.1594018810755666,2.8,18.721886089413324,1005.6520521111792,4.076620833393254,32.78303897713402,0.6797544959937619,-0.30083567561576957,29.517430936103466
29.376082881864647,1.7160373134922446,6.816768767240277,1.0535423510391344,0.4895403539162162,24.836108471373826,1003.0043001714631,5.924456280090909,35.686882716093024,2.431866624445768,-0.05552826889504474,28.359363977151016
25.77465708780743,1.984013553702547,7.93558487363053,1.3093966343419359,0.11943474748392593,30.746348799421934,1003.1710587276003,3.379214359289243,34.125865709202024,0.3246818101144573,-0.2529762906024108,30.97218253985992
25.082714364777182,2.2668457536915034,8.400201194068925,1.4527124240334643,0.4976713673141755,25.085794487623012,1002.682365843091,5.033001465903782,36.579757330346496,1.978672833088539,0.6542597301575409,29.814565401910507
30.49829213252439,0.8672876750751912,3.8676530561903215,0.5455669209167308,0.2444474856147502,11.117487980970234,1014.8770469425937,0.0,34.304288690016755,0.19661861025134944,-0.020061472879479028,11.181102501262492
30.506190644131397,0.4160462373832769,5.2537479397377425,0.31622688795006554,0.11485924699388082,85.0,979.576576748376,43.701338774415376,36.01141591082528,0.9663577861510354,0.36141216498492384,55.10267889108092
31.104259345091087,2.456545161583038,10.521024913582085,1.6230579668824687,0.8737976268661116,12.980696456133373,1007.69449881693,0.0,33.71541577830381,0.701249548071847,0.22977308615007147,27.096067949295318
31.58902580184295,1.627409460596311,6.017988850458167,0.9385056335550092,0.24516573702368652,5.346765101631518,1010.1775342568176,0.0,33.78608148414854,1.1186207110665358,0.14240785714872367,11.857425118771019
27.369095188039847,3.2937708981006164,12.501511593156998,1.8223224480414677,0.8165475538258821,11.305382611452302,1006.5459970435887,1.4683103970081541,35.060733462477266,0.11746302763209929,0.06411242375885576,30.04167025252783
27.265921094215596,3.1560663285303137,11.412581622981072,1.4678830622679522,0.25299235374070317,6.9140377303560525,1009.269778327228,5.0307604630600355,36.791325324942136,0.1488113167167832,0.4829957477260439,23.857369687422207
30.38209937915114,3.365742618348674,9.956986730071057,2.299738102722712,0.1972344358101179,6.812636738451625,1010.1427764561324,0.0,34.72556139731054,0.14334617655019144,-0.2387825406672558,26.83489630405998
28.824621273166535,1.462035521597231,7.419369482868245,0.7924006878839893,1.741232749095762,9.628936802955822,1008.5722264488753,0.0,36.52612713649115,0.6393054883349787,0.6542173586598051,22.17209569497048
29.370652211205886,1.0494524797391813,9.286497174992075,0.5344374206000652,0.3019875568704246,5.767938830252958,1009.6504405416022,0.0,35.88087426146953,0.6541947834446569,-0.4005281131764332,13.24703360892988
30.355823029079062,2.908952681331087,11.336436546654756,2.069812877163441,0.5138817367200332,21.329530974970385,1011.5137756425402,0.0,35.922216550962105,1.5193461783589919,0.32352910396784834,30.09764345553938
31.345056089084444,1.360308329651633,7.461730475720161,0.9828005994034187,0.523702488998124,6.076166564289487,1008.4077638322947,0.0,34.374627953253686,0.47822007625437,-0.44180735097892393,15.971328236302032
25.548949146941126,0.7242521195446865,5.9471288397389594,0.5438133637725169,0.46992575229649214,8.181695620583758,1011.0709642721099,0.0,34.16213167574304,0.14228505988436072,-0.060496943279435916,10.051036995399626
25.94362100271941,3.4893478034775303,11.395739651937044,2.2730684864133273,1.2076889165319156,6.365031732617368,1013.1566676099696,0.0,33.32526377479051,0.24107609003661107,0.08265847832133841,29.80761649311148
22.986810368329124,3.826922663735517,11.120815457810476,3.090706331189728,0.6049953070172996,5.913514296828492,1013.4553475115865,0.0,36.64494744802971,0.10486351522255927,-0.12034337209032984,26.68975253464524
28.071941480459827,1.404703481607212,4.37134200831446,1.1582301369937147,0.33268002964300736,9.362897949582148,1009.9688678522364,0.0,36.625392533508425,0.9995825019092132,-0.013584349365911852,12.022971824230577
22.377393874865792,0.5259492635007326,9.009975540103413,0.4065316290376313,0.9924678141910267,16.877544761447183,1006.3283150297445,2.7823212728385016,35.71239125753378,1.1143869484434468,-0.4354396567757777,17.37106004220551
26.88877919039083,1.1851821920562393,7.366315444500333,0.8346496169305561,0.18988659908907546,51.808485260831574,994.021736778082,17.33994599776668,33.77388553436648,3.8111508377674967,-0.295607664053243,40.644710624283185
27.697768664429553,3.0036552275991015,11.003800307362187,1.716554064413819,0.4536018143143713,34.17466610328547,1000.7276436132877,6.589509362722093,33.55427202347181,0.41881544886634503,0.22439264751855886,37.53139773811274
25.008683147346986,4.112775397599627,12.316134090863965,3.467801605253888,1.4530603341495576,34.21717394378039,999.1336989306114,10.338080684252839,36.751024042263936,0.11169221200901318,0.06038513874210574,50.113411045330885
28.203749235974612,0.7639902857921362,5.272507313338963,0.4275705760940332,0.5418505728659768,7.711325495154476,1006.1391126103514,3.4336756002849587,32.786134104965164,0.26051584683300333,-0.19168480903752744,11.213101698553183
22.32025262436002,0.5109148729658156,5.640760049915312,0.27132786705637074,0.8641435326506027,9.308619285466254,1008.7632679507494,0.0,36.127326456207626,0.6317026516704985,0.513497217095385,14.043888640062578
22.39215598186675,3.757478724486629,9.364369560784466,2.355419296217913,0.5770214784143443,6.112565516859712,1008.0434107666413,0.0,34.02846940207464,2.0612016264386437,-0.37697581499657556,32.390406583424024
30.637305886926413,1.1893140599114016,10.55639505492048,0.5622318429287835,0.9228956821169265,26.100656707074158,1001.2511921174763,5.634079068188774,34.301139794827044,0.16560676595972113,-0.07655666305242197,27.545230850973883
25.78200173481826,1.648582910299417,6.1156812409053565,1.387114010546934,1.4010192554070984,6.013224618784615,1011.6236360489926,0.0,36.07750388962,0.17777349636718393,-0.12697969736246506,19.496533064786508
23.33413538284479,5.910524992846739,14.090995561353362,4.050916743512621,0.24342451400224516,16.38898280070319,1008.3278037493474,0.0,32.88959296882304,0.8259120070759837,0.26526316971636554,45.86797347353509
27.483554230575447,0.5102138517746038,5.257996126614686,0.34326210207533214,0.18366459656617182,8.987949089383108,1015.6404380406019,0.0,34.022929617637104,0.7601408615456838,0.06685729189801802,10.439968085146917
30.084932307535414,2.0720447071755994,10.661794060194644,1.4759558025296846,0.39773376457709775,8.905732364875025,1008.7207145953988,0.0294211785078895,36.593704391829164,0.27301446452648825,0.012142163712891077,18.539167901651446
24.266120788716854,0.5231918369442,5.963508805393541,0.3394518127389955,0.6445901098244345,70.52614077970081,987.2837012906546,32.561304863456314,35.5059834249164,1.1064527473239656,-0.5954758463535336,48.94786663069908
28.5403499960995,1.1532067142355227,5.221568391578247,0.5337333666841575,0.21597565501084923,24.793033425495192,1004.7089839569331,4.663011622952262,35.74623840866533,0.18271559338255428,0.35276206822123246,21.970018362641554
22.896148382434564,3.005911790595437,12.292148764207797,2.0888817948239615,0.10184944800115749,30.390863572746174,1005.3741080113767,0.2719525410751369,35.757272794108545,1.6601246036045672,-0.02623903519110793,35.18649307660523
22.54265807227038,1.309166694847232,8.45300099090324,0.9641614076536458,0.28898762821047413,16.88028281180867,1008.7779814715716,0.0,32.760451357604964,0.23466057813010735,0.09048135616364697,22.796659470974838
27.579223631465553,7.5,16.0,4.625247181872159,1.6611583476951515,33.67275090042378,997.1093053473783,12.446757939607405,33.373792651019855,0.15091159645390334,-0.21199712703285706,73.12726924338203
27.67666877690612,1.7101517528923318,9.151874516962458,1.2876044288156099,0.6343015696872049,19.518283437587414,1000.7939216731198,7.299961301413486,34.61243200114921,0.34887495676035196,-0.2670400669859755,25.616900496645965
28.69301396573117,1.0197967854314358,10.42717706465026,0.5515066315857783,0.33086671327136663,45.90790441899914,996.0305303382382,15.63124841234861,34.08304599964411,0.22483570027000566,0.5747507154664905,33.763629440554226
29.623959004087947,0.7977665520058721,9.713622136164737,0.4296057736404356,0.19625790993690032,9.625109224637328,1008.4513667373305,0.0,34.26692286047127,0.5491213829462382,-0.5706335023918444,14.178732790058898
32.24644683435661,1.0905344942406108,5.932889075128156,0.5611528396201594,0.29808811339032265,17.66520535328326,1003.7851506755021,2.120589510956758,35.86022372809039,0.7966371475964718,-0.3189696597239701,18.343097567114683
27.42115365716255,1.14570341647001,9.498093638862747,0.6860448042912579,0.18376126437131163,21.40249484037733,1001.3844748933042,6.479188780467142,32.56312071079126,0.5050919227071388,0.5681722534341782,23.784125559465007
25.39104296588308,0.513901610020232,6.499775182674768,0.40536806398628994,0.15057623995190092,11.987724893050435,1009.546804477976,1.0161599974738351,35.340115283181326,0.7483585172121601,0.2742612333495288,9.347847360648313
30.349455045071387,1.1381757023531542,7.7973599884423015,0.8891028231881832,1.1675752427506096,34.64966217292021,1004.2556151443847,2.7983234656578486,32.500473996747836,0.37240306824989533,-0.06391188610984685,28.5610319373397
24.84373863825178,1.3985059463463703,4.9789044559584745,0.8434804483527865,2.8,59.63120986611314,988.2199553709529,33.55430854529607,32.771151659977846,0.11699190713299591,0.48630871000102854,58.92598726517848
26.60919991740918,2.452466364564674,9.158860808134119,1.6815274179446578,0.18066860413133617,14.53068427891232,1009.7875879948504,7.086786154376483,34.25563031530178,2.2912768622083717,0.2064010407386031,21.856767824243878
22.823792004093793,2.110778349400493,7.58016564341604,1.558443647114168,0.12522936266794438,11.934859784934805,1008.7788469202565,0.0,36.11607863516073,1.1269272500584486,0.1314310321910468,20.911635001918743
22.266182805862304,2.373803243850667,10.514934061271164,1.297242429353103,0.2800343415213667,13.939580196866153,1004.3920265928037,1.9311776537228236,33.123481791927176,0.14575217285671765,0.12894670598584618,26.2685852884643
32.10780835411821,0.41343816593938687,7.350809449295104,0.21385355154127653,0.3786685418727208,31.81746827891632,1003.1031235627422,7.5383757416425965,34.88487205925303,0.45780439557949804,0.2128333760250728,23.77825483381454
30.777791265378163,0.7927604938085488,3.5,0.6649979420571683,0.2031347544204307,19.517410170571054,1002.6793432094474,4.001584697832506,35.417572475355,0.7047461041220889,0.2269923754541085,18.653502945368306
29.30772916398383,2.1340412183539796,8.808221897030759,1.4874756526933965,0.2614206730816382,5.641278589264153,1011.742000472672,0.0,33.48699140194029,0.22687298077293772,0.8185905685135849,17.826446014233653
26.294005916349832,1.4586046550560394,9.308280636292249,1.2289711109399237,0.2009046536594034,15.937600060873985,1006.4128975534478,2.490330208796853,34.703020097659206,0.6176337868109589,-0.01821248408543523,17.91781362783309
23.81959036074388,0.4085242278167571,5.455325166599995,0.23902850405101286,0.7697682561441593,5.244321259217478,1014.5198059028428,0.0,36.41905131749422,0.5576895343759214,-0.0074165158518713775,3.3391591191665935
23.642588948046402,3.011467992786248,11.514237854518793,2.2020235817082923,0.6610616031015358,26.10489347052061,1000.0764732406088,8.060493607403192,34.70258265907179,0.24011726634735986,-0.3829126156497498,39.36620322165714
24.627550430728252,2.771146766374204,10.514812380914194,1.4937629839021476,0.5534762953103565,10.5714643492712,1010.8196538148825,0.0,33.17648916568689,0.1913387303989879,0.03183591461264366,24.392179639163302
27.766879979414263,1.672001409859576,8.522092885676177,0.9270914562870273,0.32038561050518943,13.94142432474257,1005.7400212912952,2.848813402522916,35.19960147575644,0.9536811298725365,0.7020104148406866,19.666105656737077
29.503257188350656,0.5100400479622846,5.511099619229666,0.33395425457676975,1.1788056002146374,27.439902642522622,1001.1679009219749,6.148987054399489,35.04646077403661,0.33368399809728044,0.3945697508521297,22.963387987532975
28.93207245553618,2.7274202494559665,8.084485242817175,1.5760322912967337,1.670993245235859,5.665870472469026,1000.761393828716,7.330865519696578,32.61590546713197,0.26786051226006824,-0.14028371035636472,27.526204915546828
24.9393059179324,1.802210823346749,6.561684260886608,0.9318306291379608,0.18582576996203315,7.416660757857979,1017.2223765792652,0.0,32.88955594471454,0.9033679484252598,0.060514477582449724,14.59412665770985
32.026085446963535,2.8369226272404493,11.170489500715785,1.5749240669535511,0.21354903921708826,12.104048223730285,1010.6676509416485,0.0,33.174159827106344,0.8992398440498188,-0.4037534314547481,26.832421847809304
29.74791762530557,2.629290977451269,9.761911142690609,1.2207781122640577,0.4355964271720614,8.657746101190977,1008.1330032652245,0.0,33.08604303351604,0.29411128869129544,-0.2891917705044072,23.05177534757036
27.820717551369707,2.99929930856309,10.190970388502723,2.194795601186564,0.14305864446099595,10.77277162653985,1006.1901857946611,1.9669514096795764,33.615702813412014,1.3361056057530385,0.10230440341480114,25.535738204364502
28.4230678354607,1.5677246405614045,7.1860692895269995,1.014077451990317,0.3580733696792646,85.0,977.513053741362,44.48920123823869,34.45265288991294,0.7993325343546595,-0.12305911098715848,65.4644648948184
26.405800655491795,0.6419204922950785,5.697673617910013,0.3130628437655017,0.49229857204248995,29.434764597904817,1004.0304414170857,1.4732540236139395,34.09838008096563,0.3545724815734944,-0.3156099262824464,26.998788497700858
24.601175389762155,2.1794820564705644,10.493435393379226,1.1304485163026847,0.432234312782493,35.14646632384553,993.8516708546028,17.182448394168034,36.32979453303977,0.4346346792622484,0.22144426765826225,40.746753777898235
25.737713125838248,1.9501305710964552,8.00736890517158,0.9575410519400935,0.28082556148205257,43.71683379595268,995.5741975320188,14.896797546074843,35.132070460447245,0.8783323763978252,0.02121246967133664,38.65764447731671
29.957384159875875,2.569244034605434,7.613042192337428,1.7857199828944397,0.4518369750790695,10.83708231052534,1014.8495976071717,0.0,36.26742070483592,0.24263751861579066,-0.49864263009186377,21.586415306726593
22.151131630612436,0.6978979556216195,7.371693983429175,0.3403537680951403,1.535203083032835,9.935110091989811,1006.5072333071596,0.0,34.766269097145674,0.479525724518409,-0.6763014381587258,18.403264191668757
23.21876272532262,0.747011511137339,6.0373057242501345,0.5615382141817362,0.20381218198195655,8.733165737866376,1010.6451456948166,0.0,32.88644302396416,0.7360245102725488,-0.14950402450098893,8.26959307929528
22.483027741228405,3.937607590690334,12.134787461541766,1.804228996453854,0.5786749743099655,29.817027089295326,1008.3323300560634,0.0,34.49213603098567,0.5652635621297231,-0.5058928002045346,42.029307753351766
22.427652424349187,2.6179288941939363,12.123639469148351,1.4392072347500022,0.11996492136178565,20.93248765524658,1007.2771952663237,0.7433564803461064,36.03473995142217,0.6623988443753164,-0.6041189922647288,26.298421449393796
30.982336132115577,4.2215253823128975,12.567904852137454,3.4036752138239805,0.1309261462182683,8.771776723653373,1010.7658633987757,0.0,33.33464619881856,0.5740757506221095,0.44513922049072985,27.38428755103004
29.388407523490248,2.6748444841964494,10.248495581231698,1.9724638310890799,0.46116041139305,11.624783973984348,1010.7332336107335,0.0,32.892221398636394,0.2333069932212581,0.015801188547147516,23.804167716881174
26.978825205416914,1.8547266655633847,6.570122761066605,0.8887615246311151,0.14988862363387398,14.89326265826972,1006.6648840768598,0.0,33.91656937485452,0.4167885069937818,-0.042906232378926074,20.95427320446902
23.027258686835516,2.098720336894281,8.448192427883267,1.6337497734575563,0.11017011755013337,15.51502296519189,1011.5103549878901,0.0,34.172260671752596,0.555553594585242,-0.015942035652762157,20.214021398112067
27.16196668872674,3.919005136319446,12.968498313187904,2.5364351808245282,0.18466935868341414,35.74085259249361,998.0851882755667,20.484439955410977,33.81690800854539,1.008647779471875,-0.3482412527775394,45.31720928957003
26.97145359319594,1.7834616563264567,5.877170380625758,1.4066397694203658,0.4744281585957636,11.705290700439559,1003.3026295912582,3.2243627372738115,33.08153537818559,0.7366238626193192,0.19384165775495893,21.14578613659938
23.81861963405516,2.0011780606902496,8.903388148916013,1.3814050300362668,0.6468273075896646,38.48350557460222,996.9799413339307,15.688767148149445,33.578611396803375,0.4336935605280515,0.004254885643610831,41.13861492830597
26.555442316998718,0.6722684373608686,6.361269796216773,0.48587072760669203,0.2018109546391511,13.151689755634722,1005.684394746285,4.5077236037117725,35.43381433978907,2.2990938227408404,-0.21509302959279414,14.934430705110724
26.18429971117242,1.4276868893067034,7.631767584133225,1.2098227611010983,0.5965309238144528,24.206450381749285,1003.189056041511,5.044981974606673,34.159492620060604,0.16843596213254447,-0.16267003958374987,24.48794829963429
28.466426029548273,2.4162884813942855,10.905057614497078,1.3118856980012918,0.19066394073071577,42.280597136556906,995.8130901782936,14.952048848189682,35.219962611859785,0.23901161213254044,-0.37961054962430335,38.437633652530195
28.66848333411026,0.9056047150879769,7.131746259431141,0.633541343574466,0.5277309697009445,38.339115470888515,1001.8055749937548,6.745113308529185,34.80610625365055,0.35050373640090005,-0.09218500551564214,28.11824404798465
22.475692102606466,0.7615444067708683,8.587887779722228,0.48291705501297194,0.33893189282289293,5.820946223143849,1013.6890179704634,0.0,34.860927641387974,0.2557072216151929,-0.03386975827387989,8.627872246635414
25.933432453577947,1.0026003471604787,5.314296351497807,0.46699197290079514,0.5773317485272039,8.224192476470273,1011.4033642665325,0.0,33.56876309917552,0.6892051637949401,-0.10129916519548741,11.416754001363083
28.571529114999482,0.8422612930149531,6.719957178254438,0.3838928063459125,2.489015761062326,14.071902007600475,1008.1968511746372,3.175760658992413,34.74263504090318,0.12421246823128962,0.06930409506955519,22.149915091858176
27.28293071509092,0.78713644318808,6.543545777323464,0.391751062902605,1.3499528812191686,12.90789254067258,1005.508411397855,3.3237469257100116,32.60145726961177,0.2171979647618769,0.02252090333338542,18.323949274348724
30.993143332477384,1.285001388986298,5.709120759542716,0.9118841403124612,0.10193092786538628,19.337836334658917,999.493835796261,9.087699309222854,34.35649809199718,0.3083295256658498,0.1307689885326125,22.986077032572407
28.916283131998924,4.214740730830222,14.020975818631419,2.8528114759344065,1.074990605447984,45.532044722089836,995.5909910309649,16.755974296316147,34.96227813971663,0.7899669241310074,0.380083962922558,58.92305431205845
23.710811484355013,1.5317873592938116,11.24422720550809,1.0283988741022627,0.13096200497366683,6.669351541506733,1013.6377200348064,0.0,33.28258117182267,1.3518307900108808,0.2575582170245782,12.37636101474885
22.740971847704515,0.7330510247108137,6.293982732753719,0.3392140140859902,1.4763697136744045,13.417109609276176,1008.1503061582114,0.0,33.60320157687049,1.0611550345009586,0.38410644417861745,18.58792884586178
28.745402421166315,0.5281525614215142,6.708206242969376,0.3368140844838131,0.24896932868467433,7.991828842161093,1009.1046839789852,0.0,33.44398338520716,0.2205951326068295,-0.2467069804391801,9.116101730327982
22.27836876068703,2.3059861517661546,9.277552786902069,1.8905607337155177,0.3165954323506806,36.43464491492939,1000.3910056483188,13.992491001986608,32.80339920764133,0.6000054767362238,-0.12801521293103002,36.063779642948965
28.150643603371364,1.172096250575723,6.039396246175538,0.7138496884704361,0.1432506372815358,51.766774492365386,992.4342727248,21.360843113968734,33.99578648090239,0.11828953208403786,0.2787588393810887,41.950691723870236
31.872417534962054,3.1600359057945693,7.9569242137272,2.211927134755294,0.15359083455414324,14.12005938972736,1013.2430904742694,0.0,36.709552795743335,0.3231051516601104,0.2850171850012302,26.5617558271435
28.04247886769673,2.1237948477708226,7.764170501344433,1.6181776356904294,0.6838001310434654,6.537569027027722,1015.0062448386052,0.0,34.02168574779352,1.0838881549567887,-0.18751721613790862,21.66569410396051
26.07578422516848,2.945311307533317,8.213622782132372,2.248951683957118,1.3997593172490912,26.538842273249895,1005.9507655879671,0.7646976453842256,34.480307473898996,0.46601831200261734,0.2640543740236098,39.01439633393798
28.75452629364471,0.9078081789669952,9.190207839229268,0.5970763629243808,0.5245883207867625,21.72284719832325,1007.3285005550848,0.0,35.308275179112414,0.19746993955825065,-0.2802362408260796,18.836250586258437
26.811655350160926,2.286114413123865,8.942341402738098,1.8133020091665153,0.6662138796469077,11.131926444394297,1005.5457633383656,0.40261929689631293,35.28854033002716,0.44634314725541324,0.21836950344962786,22.969486722318184
27.728976287817318,0.8905750114138894,6.084156026974245,0.5401793751220763,0.7459108704319614,35.575719184613234,1001.3401555595524,8.475898581940896,36.58454841408008,0.23241263569040413,0.04079632969702565,31.288265214415205
31.885380492153516,4.876807454961686,15.111984156112744,3.9281576327473076,0.23721193745943298,57.11809784221897,991.6097611143789,20.29883045686489,36.187525803716234,0.3997251725540504,-0.43455246136721776,63.61420209413738
26.05407769690813,2.0186082981180125,6.9508682823285906,1.1023435547608753,0.12082798838790709,16.425607108766087,1009.0557889050933,0.0,35.913987954552155,0.5014632749710606,-0.10192583761579245,22.874361719184932
32.092500920151096,1.0277113448573751,5.699584363736447,0.5776627373775713,0.10084352486341838,16.677176125094462,1008.6107559383414,0.0,36.59199707084673,0.35806199209838685,0.8137937333934226,14.521398341006444
31.50618174053867,0.9024676584261572,6.726550189040015,0.4252863044257741,0.2943020404786294,9.943807432483867,1011.2637788207568,0.0,33.49229115757764,1.758476694247135,0.1209731269817482,12.288614268217506
24.05580691528761,0.7389849892683131,7.873326467818185,0.5677124591464464,0.2243643940293782,17.29602068558929,1014.980708538112,0.0,35.153333036873704,0.5960486962839473,0.855157491851391,10.8676602100352
22.728293659189237,2.2980272172119687,9.888976558734726,1.4174739613227958,0.12895485103979823,13.10851980113015,1008.3738171896789,0.0,36.31494609690527,1.2104956610510875,-0.45537428545626274,23.372840627181745
23.05816901446298,0.7949057016600327,6.803317976761883,0.43055800684429935,0.18904413297787645,10.037338477131113,1012.6759904166105,0.0,35.18379408059584,0.9580939511138038,0.31275962743234476,7.725857853784666
22.191329169341273,1.847387675406634,8.442474418585967,1.002607054792166,0.15983149098419402,5.973680310064727,1010.127279853299,0.0,36.70290804080953,0.7493475278738855,-0.8370176671324904,15.956922472591355
22.99165108793725,0.8918213456145585,7.205632205396368,0.7228746889361268,1.2086534029905212,9.078187198067898,1012.6338476701056,0.0,32.93151666979743,0.5121663742008778,0.049917580279825895,13.835575977206942
29.171571120871747,2.135388013458692,9.146177781919526,1.673218811195899,0.1680101431032633,8.086516338091032,1013.4882176491305,0.0,34.38912116201076,0.10130568992745811,0.2709260821779623,16.84957313584418
22.747480808832403,3.099317944463415,9.033813887868744,2.080920357329433,0.4471433995504698,15.933688757622516,1008.5323475665027,0.0,36.702660504007135,0.6703237519958161,0.3432615332486967,28.36029642095601
25.349244118084492,2.808306578294215,10.124070673379315,1.9558291657386304,0.5046411067312205,17.88664336620615,1011.6426523822211,0.0,34.13214252285068,0.36399429297627295,-0.22974440360314452,26.14976517664468
30.87119076517927,2.689071798602432,8.22979624910775,1.7202805154202125,0.4528645684641269,18.13134177854715,1003.8813252762228,3.788763820967332,35.68009241292701,0.17517616430335203,0.4136816476918576,30.26811598959126
22.24435532522617,0.7326610117310937,6.440413635467205,0.44448097750571536,0.14694069629140527,11.878463109784963,1007.6472053062604,0.0,32.630732474638194,0.45286839578190763,-0.1368001660156431,10.930994563769326
30.551919067183825,0.5480599504081277,5.265535998502267,0.44732146333177997,0.2727536163625688,12.655895195266023,1009.4258892953138,0.0,35.48779959291034,0.8980693867247974,-0.00743403788933885,9.797600632102975
24.959475135120698,2.32076003785149,12.986440502306973,1.1609487940637322,0.12368412158191411,30.16086784767981,1004.2232396819963,3.9693352207859522,36.51889494986858,2.0570354667514645,-0.10166277677482184,30.97087411680728
23.24073069002739,1.1350646795516464,6.983274847565395,0.7007647743097071,0.32663562871754787,14.05391191595976,1008.7513836573131,0.0,34.14563702631701,0.381143487774643,-0.347736272756316,15.485201528669755
29.31574023632358,1.305989759426057,5.24442221757452,0.7676931210699129,0.1940467649812347,66.65790151396062,990.4099058979008,26.555956368433975,32.5915893030858,0.5694799588117986,0.5994018555973005,47.042625985136446
28.60389989118878,0.45063126633808614,5.609865963393168,0.2925769858097406,0.47111398985621944,13.107892952649811,1006.6175627007158,6.506556052132769,32.62001215890058,1.243270285821387,0.0668062360053269,15.102646610069847
31.213456142034055,0.880852625085196,7.364572843610185,0.5576261764946489,0.6311276208142573,19.68075755440185,1002.4744231856042,5.206624978473823,36.33570021455768,0.34387884249772205,0.43056143253051976,20.93388514699248
29.718245959940802,0.45481042436412766,8.328704683084215,0.2990632381991902,0.4417944073368273,5.723456602561529,1012.5676675850253,0.0,35.60681926051392,0.19207062625736532,0.41564893461761016,6.732424943853056
30.43654976904091,3.781601958298863,10.922704925029876,1.9133680325483986,0.3563107660623228,19.83174823819,1005.6024451912277,0.0,32.95875145217429,0.2986726858119553,-0.28877907499554406,33.47020409284174
24.961363011998717,0.846265892791913,4.149636645989983,0.5545213121190473,0.3204704834159645,31.693446962468514,1002.5783482941758,4.965737289655231,32.73473819132015,1.4763109833711672,0.47564453668506046,29.024086412243886
23.863115209687088,1.7039150461688064,9.292302600250324,0.9319861965586886,0.9294450901899218,44.97332299759225,995.3993660107449,15.994287140143609,35.96074906354656,0.2041786948531587,0.2261949852422629,46.502151914817404
29.881454892229012,0.4636149626888736,3.7636088739904956,0.24281024180341315,0.21144318144320923,85.0,977.9799406281296,45.939836430365524,35.982400721063044,0.3395893878254077,-0.3143156525655112,56.8430055862653
30.47176476230627,2.158647375383213,8.231332113428557,1.027373005409579,0.6962860596513157,9.641483713841872,1009.8051645791292,0.0,33.01824391110581,0.47488986470082684,0.20709779096952663,23.39977624968629
32.40030399100707,1.0241990390917288,6.45712754209862,0.7733327747268331,0.7375063076160238,16.99152122194684,1007.0900379459308,0.8048150932406712,33.796537736721135,1.2268345926149313,-0.30803875970382366,19.148027096074518
26.33248560756998,4.051184791457548,12.187682444673424,2.515691639758095,0.3445069725955149,13.388005945334482,1007.5723477700233,0.0,35.85411207766772,1.7656042580065083,0.6122604287925242,36.46780315702021
25.906189900824224,3.904499557125986,13.061845888438278,2.7357167942933165,0.25877173308931334,16.615723009758813,1006.5488355628937,0.0,34.759271905102224,0.4328772797403324,0.3348253607227337,34.91151493976883
30.152336087790967,1.0295571624674176,5.82775146901177,0.7629402982955431,0.3861552099174388,7.398560936114978,1009.7427537212271,0.0,36.613314901118784,1.7125432255129314,0.025098003233137666,12.595436406781078
25.578437172656688,4.099584822097888,11.968658801526058,2.958779686151087,0.14403192294193887,32.14573704934387,1003.3335153981137,3.26174899165364,34.56856937498782,0.20565514911824678,0.4926812663760143,38.8886895760564
31.77295191883743,7.5,16.0,4.786502157269046,0.12115822093491879,38.644345329135014,998.6696855250501,9.591560822238087,35.4109191315317,0.20236787147454582,-0.5036956756462381,66.72520045054316
31.013333894351625,3.1925557663076187,10.970997315631895,1.9320051689772637,0.15325155474961516,13.361108446757134,1015.2686245266651,0.0,34.69206847268881,1.8885158869780159,-0.2122694550420145,25.118670339817378
26.504437287437693,3.3816007869632485,11.23362217859573,2.0302588846564618,0.1932411591236099,9.60741785320171,1010.5261180672229,0.0,36.5547516314457,0.5276183872801893,-0.03834690260913001,26.296754759144843
29.884146211810723,0.8581780158734957,7.198729091406162,0.6058904297877346,0.4156911587947738,7.125094461553833,1009.4135651636683,0.0,34.21423409589072,0.2234090170048607,0.8324896384989312,9.392548621116184
29.922700177889165,1.7754876776170647,9.461637084173322,1.1503699669891914,0.9511213271739263,21.11776763529685,1013.3164747453493,0.0,33.48812475726798,0.5016471079899291,-0.3246690153056919,22.08873135028698
23.08280062277729,0.5113990516116818,6.509469466377479,0.4038277437509446,0.2209237513892319,10.24024863643341,1011.0243061651998,0.0,33.90452559920827,1.0172988792645439,-0.5475570796092356,10.331016466849572
31.47680552013545,0.5595674589568875,6.687599711386225,0.44758726321629766,1.3311386170731325,38.63964388411162,1001.0599327613384,6.790753874112727,36.16693337791048,1.152402085995621,-0.4555349300743948,28.973796483983993
27.3051499107025,7.5,16.0,3.886681134019555,1.4945717855188603,20.564296249561657,1007.3086575527292,0.7186603998704761,34.641135823102175,1.2969246188456578,0.36717555422196035,61.811551477596446
30.67780339413129,1.0327584950553428,6.934306839848137,0.5210199071534073,1.5363366417038016,19.525977882632056,1007.8289245479859,0.0,34.023284905059626,0.6057836008413041,-0.15796729468859988,25.526240527643562
25.360520810821424,2.6064900282065793,10.410943372774256,1.830174003686971,0.9178585350846062,16.47471705711041,1008.8232551305414,0.0,34.84031809378077,1.3102001956659572,-0.0056803325290146756,28.8658657844932
31.402993899210106,3.0293297883705512,11.546205410922667,1.7282032574184545,0.30352674717452566,5.656000659559427,1008.3648048576179,0.0,33.07288774129042,0.5280469242380976,0.3169914245860695,24.28117141830673
26.086617626708712,3.5233473842293206,10.303499130262086,1.611678760256902,0.13395735593076408,42.61950601041281,997.5533787854554,16.457157314886217,32.52304500989006,0.6604588612704796,-0.005329619785269059,43.8217610433687
22.11379534054313,7.5,16.0,6.040928008088865,0.47855201560653504,18.8417077408309,1002.2670658422248,8.803297050330496,33.70651413988201,0.953077824799234,0.12145131157781945,57.79447928037503
31.50651075240227,0.8422525542345554,5.654903584696802,0.4554567497131011,0.46809474172990106,76.76932145944532,981.8660144192261,38.5379899708941,35.10152459506923,0.4324855334069122,0.23732530166339333,59.636653095979334
22.9585101062544,0.4659000095311087,6.64324086699301,0.3828357500799963,0.9536313003991307,15.791176116709487,1005.3208986410768,0.8532806314807229,35.56022730954396,0.1458575132227521,-0.10073673718607536,16.20197403613396
25.352793194699355,1.2474468897462123,8.796225983929496,0.9193356501237392,2.5836517690011815,22.3355954101853,1005.8754006827639,0.0,36.054427155313455,0.3586233294857687,-0.0082109709753894,33.22156042728312
31.97565065403345,0.6229676729183302,5.510151650315592,0.47037884075452885,0.4193183540776424,5.809915774429527,1012.6100604819554,0.0,36.484653305396215,0.6868106722067353,0.13468439081235403,6.948545817828057
31.98137504284434,0.4362898772520767,7.147265249494311,0.2314886892716816,0.29054421533937524,18.985379616110755,1007.6259284186028,2.0648581355048226,34.2720830919485,0.2281627921910676,0.353862745568627,14.200263615357958
28.021097825294504,1.1151267880405327,7.192447932219849,0.6062696456642693,0.19255337775780074,25.253518051022535,1004.4633822854734,6.646618406022187,35.68422223809705,0.19637269543026004,-0.22732924246322717,23.51989910082299
28.634290727782894,2.8500252869728975,9.943616850807562,1.8767618910106643,0.1021651214363542,26.103561194238818,1001.4309987770131,14.435842715528063,32.82109359985167,0.30810312641975635,-1.0072015726404226,34.41986405584947
26.708677980772357,1.7362034732851934,7.808089907186394,0.9008117077473614,0.4201942289187893,25.58226145366666,1002.6831171686704,3.7124170247470474,32.747378994719945,0.11958300719002182,0.2878541022849764,28.846033723284705
25.078713102829678,1.0001566066470664,7.920198938867956,0.5722622831177124,0.46488124888366233,8.591680730661441,1013.2234375946676,0.0,33.03663136554047,0.9161956403718332,0.3747005715625296,9.97952972879834
25.450977726384117,2.0996887167194664,9.267806415275645,1.214848377642034,0.8841780203208023,56.86925732789151,993.786817014516,19.957973849256078,34.42884712067228,0.27962255476280784,0.12001195674556017,48.22650149479752
29.0614437888089,0.8223827494268079,9.89402709043971,0.42258299860175397,0.41605447198030554,79.69589975977188,977.7436919795084,44.60489327051796,33.40851018554462,0.17959682041743918,0.14390262663478748,57.361991842154026
29.89993255909564,0.42317737819526297,4.483382316255487,0.22516131358260416,1.2171383474761368,6.10048313777815,1006.8952534574945,0.2544411655162344,33.73377725033261,0.8206450360339641,-0.14750846294905967,12.10025008544201
30.31157995912141,2.7126751941358562,10.659967902489505,2.076337845803509,0.5450886321741456,43.58220791012098,993.8737168285713,21.0986012349413,35.2858847461029,1.2106306359333434,0.22506419753722345,46.221944219844666
30.290990499342815,1.9639729343823458,7.741349767170954,1.0151350737007605,0.9256083237353326,9.784007578569906,1013.1069137431562,0.0,34.04164536885224,0.11204546342554887,0.34860838688946594,21.30654107961436
22.95766408201125,2.6988111134550747,8.55392952373617,1.2451854512021132,0.17223533367117128,21.364267225511,1008.8476008800446,0.0,34.896697698187495,0.25963045191297895,0.06977371949646954,28.012287255156448
27.191413199377106,0.4635461973242636,5.818082449631216,0.3252898249650684,0.9700040654306703,10.777202074923135,1006.7881929161811,0.0,34.27333615396734,1.8427930773716563,0.9219369155025431,15.277239980318013
22.604366980174763,3.3035828171086403,11.152477789906108,2.7763086929040837,0.6059677706647986,53.08119823931522,993.0649640803144,17.93870691584245,33.226567798735225,0.3919277954423802,-0.4973093806849828,55.14019486131369
27.770053264399223,1.9461407374623358,12.880313660022342,1.133598810837393,0.18397467081388336,6.498460137000489,1016.8274574724201,0.0,32.81828595810035,1.7741297147811457,0.10703658479972145,12.92368097203841
26.63607026442046,1.7259634977188036,7.830515572369044,0.8586017389786167,0.19469312667448918,14.641113128345783,1009.2172407906374,0.0,33.515795429832515,0.2922988357566594,-0.3610235368110601,19.17484465520037
31.32089391896215,1.9676809236034973,6.84655756825927,1.3343925192979385,1.2747152328261278,12.821797808150414,1012.9849460523433,0.0,32.74811201881149,0.2475922196071221,0.35794607338491147,22.429470965563844
25.684607631796826,3.5972657870931517,11.884594493009253,2.922928402016787,0.11473556331788524,10.52383950075831,1012.6628340334664,0.0,35.16003142752617,0.24456185468382846,-0.5035163998147634,27.583617241244493
23.229203672489863,1.8146463371071118,5.154403350473249,1.3857087864307729,0.3794011893443443,19.519999502584533,1003.2317570273109,9.39887349037196,35.921585686304226,0.1534486882246644,-0.41687253995119444,23.60370446720258
23.501412661554777,1.7916255055741104,8.086990736127,1.252357600497485,0.2692508770686496,6.966668233662375,1010.5614276332949,0.0,33.960885303420824,1.4605177977282577,-0.17161542919222156,12.122616269103034
29.995861633033456,7.5,16.0,4.320169489822798,0.5922351721243174,22.655627128384833,1004.7754757937759,1.2105484904009027,34.16457753801514,2.4422847838256874,0.14304125944938983,60.4603145275846
28.49128966482074,2.6617344449915192,10.98302257540255,1.7747169491530987,0.923620516572714,60.189068282044445,989.5286661655751,23.638899898194627,36.00962156986502,1.954141922902751,-0.158414986031566,57.92658062220735
23.0617880992893,1.3342767813353427,8.862131580545388,0.6491229008684626,0.30109514147221406,27.854933841985638,1005.2793082194981,0.2246011907454576,33.45723552320631,1.2464398943583064,-0.15490444190968256,24.711648585093975
22.883121464207473,2.3663016602499485,8.503988560088331,1.7074716209902587,0.3505144148167241,32.5272553804179,1001.8324785419483,15.371280014194602,33.01238914033796,1.2259509976598015,-0.013311659224129802,35.07035658999185
29.36017588032076,1.1888569520769736,6.914021491793653,0.8797998056305616,1.905771876799041,11.240075448084788,1000.5631308076895,9.047325452479932,34.65480790452367,0.7492043913585336,-0.03478405567152716,27.275844280453235
22.76401156682403,0.8158486259266792,5.319346280752017,0.6820597710777457,0.7894406875231961,10.500244565483074,1005.7378490655228,0.0,35.27861772899292,1.1499573785565975,0.5706072859114835,15.315962161552998
30.629530622548742,1.85352197347013,6.644245720034693,1.0271457785685882,1.1237545499184427,15.189742409998448,1001.1832574391901,11.236881356498081,35.07851402769986,0.24017575530267427,0.2900688918841388,27.359559780476676
29.41554338514321,4.613794406585975,13.769672100925707,2.1102691321422107,0.3599247763685217,5.655271137517958,1012.197454665341,0.0,35.569654094678974,0.3945281475122917,-0.06360185892462542,31.371219200857468
22.85416219673995,4.635267849384899,11.43310380599792,3.097487081627779,0.2200026687392313,45.697368905934354,995.9048992812538,20.52716120556935,32.744030083344,0.7143861921389058,0.7839541689247649,54.26355596291671
22.890795997894514,1.069450246032421,6.303070092000563,0.7836035222428102,0.3388582703414963,7.173275555143562,1011.8959731766554,0.0,34.341266934861004,1.3465683240257804,0.22208141119960323,11.010799311850096
32.35971557426234,1.6001491079793162,6.387507454513913,1.2259750255804307,0.6665971363950766,37.664502274989886,995.6143024953897,15.577321928207216,33.52585325296648,0.7481148323130602,-0.289136719359742,37.05692220187132
25.929843355439264,0.7804723811001013,7.229375065415572,0.4116957260429124,0.15215231187946965,6.221961002723372,1013.4604480730621,0.0,35.7642214160479,1.1958923862809383,0.13977980899714545,10.830148728403106
25.891742544202355,7.5,16.0,4.160258607111071,0.2419091028261353,29.21284230078205,1004.1199700714365,8.014058540656874,36.252741081459504,0.485414856026291,0.23742939070286007,61.40166169844723
30.534395456203775,6.7512660997189,15.199897005289024,4.4223248395857615,0.12149127645129959,7.307626341793995,1007.2255301870575,2.7538287220125515,33.709743685467586,0.8580293414943947,-0.1906686516714719,46.31269235040493
31.946110062530515,2.077472079817754,5.959922019325604,1.2095880168291149,0.3548108184064216,5.544287109255114,1007.3189436447836,0.0,32.90943773999845,2.446638270629272,-0.31837811878211375,20.45749588350474
32.35301117014014,3.0108086459305223,10.232125234649839,2.391198060164738,0.8906695830763892,22.796015219405515,1004.6130104392109,1.332705086942176,33.589740236563,0.1999789357829455,0.0802606815148547,33.78500770022595
29.910470945218886,2.4089881657356607,9.359725392260827,1.540557716082521,0.11123781957178945,9.604216502748507,1015.4206694373554,0.0,32.94723650295335,1.6697260125488274,-0.07607761995711244,21.17555966140808
25.950725648074616,1.838929461902429,8.638061991560319,1.415665748154961,0.606216726801015,22.54899684461793,1009.8143471729297,3.922063851535322,33.88641531428785,0.5433437401957049,0.5676947609594049,27.784934385726807
22.87675752533602,0.48771796222714797,5.20841155915735,0.3327445575667239,1.3130049540953497,16.33821624970695,1008.9627122726413,0.0,34.814253886783845,0.7183782484663204,0.30940453842972016,17.211641417864964
30.160042617238087,1.370459486064723,7.165868126678353,1.0405022559940418,0.22168121783947928,6.612725832087409,1009.0871228779296,0.0,36.68682810391228,1.3615966578514336,-0.1742713459303032,12.759611075348705
27.863244622225952,2.197236449502611,9.506291224915604,1.2811408869839025,0.6323399008875097,42.6622714760613,999.0937103118523,10.652207599952394,34.21729209371084,0.41622805935023655,0.19907833883200604,43.893275804401966
26.454331097093252,2.2108002801562128,10.54008684324844,1.7300985663463213,1.7618337225243441,13.428748552731493,1007.1132425073894,0.0,33.44617167257487,0.42548531864348704,0.49349484995365883,30.19426166678329
31.516721043494726,1.1472069138341565,4.1323992894240575,0.6422396147244046,1.5748810277409695,23.5631863337834,1001.9949903995972,6.188371526671726,33.21724748359459,0.5494266378559636,-0.43783155606487745,28.950507831289663
23.16757356421459,4.9472251919224774,13.351596186913266,3.3069208484582013,0.22050410108815088,14.732665747905406,1001.5017077265848,8.888709937402135,33.2440709943963,0.11157213190007088,-0.3079723843457132,44.50383630062489
27.172563595054022,0.6930405421168935,6.568186166722004,0.3711944862449593,0.14757778910292074,17.981560202185108,1006.9029747470844,2.866463320691527,33.328170038024275,0.5119010036971192,0.046090983952164113,17.92627880639613
22.1192132700579,1.5101861304290236,6.341370877856138,0.9668371817374743,0.17222519097941852,10.049031250788062,1007.9725615552045,0.0,35.77774819691102,0.30641370509345045,0.06246068876676199,15.803227735579705
26.920936740938327,2.278461747426358,11.697985593018394,1.3152878038798401,0.6448516716401169,8.130316458780827,1010.9415137732052,0.0,32.76241915915941,1.6782718040108753,0.03173087308799887,20.90440384660004
22.591184394659294,2.3111532451355496,8.206961020900884,1.28657595999339,0.6821863943444939,15.949845985589103,1000.534343270164,7.946333832482848,36.78883163985505,0.15509505305480742,-0.05877201257568722,30.459585302548657
23.247588120814754,2.0735055535713154,8.670370965917444,1.7350970211476495,0.6047127145866147,13.122934328389123,1009.1059188237085,0.0,34.74755148201492,0.46895711612982605,-0.06412111285820694,22.254338331459913
23.2340255911596,0.9151699823382938,7.481339113472366,0.470424498568676,0.28431603563647456,11.92274708766401,1001.7972700602235,13.206947051444796,34.84036914549355,1.867801608742405,0.18449034788757013,14.789755463299512
28.816708172218668,0.6717561023535317,5.322233801033516,0.5138466204001333,0.18372739015819173,20.630613891476102,1008.7688620986096,0.0,34.0375246784083,1.4877949336457963,0.4468798937737105,14.10608224592086
29.833471232286946,2.0166999799878234,5.860200392271457,1.7014211726323272,0.4911914508773293,21.4194606132607,1006.7458958028272,2.219859957678942,35.46809804547212,0.8250866465575561,-0.11833345539094937,23.782042123164477
28.125372033520176,1.8632760679370257,7.710915131911847,0.8533070139193916,0.3974632363068805,5.658109373576006,1010.8341959436656,0.0,34.52726226578743,0.6340245535470866,0.9034397708097288,16.90455196607676
32.10281175898269,0.716265429834518,7.833438607592694,0.5225951118995221,0.6872610889275905,10.79060957382221,1011.24496740279,0.0,33.91496352534757,0.2977118638535037,0.7362420025091109,10.393833179407835
25.936141084998894,2.3540027421095817,8.731862245619538,1.297443267465866,0.3620125725834137,12.428791810258657,1005.9480394077852,6.860781546649312,33.640095135944584,0.3743302640603551,0.5152394703530285,24.489662193206463
24.99997690595954,1.371656184460447,6.1993296798403374,0.6394594328613079,0.28605542337677436,6.426786337801521,1011.5708027606912,0.0,36.480300189813015,0.1566753360885451,0.2678691670965466,15.969293965930884
31.12029084598933,2.1630391364979444,10.281978759950382,1.3219539822122235,0.2563307897985104,8.766808396436927,1012.7744598344952,0.0,33.75125491472541,1.0253712738069198,0.7527958372645546,20.161286544467448
24.347756304454254,3.3060154254764647,10.454665421823059,2.7244447441065023,0.20691335451693757,5.742321958895882,1002.3526467402393,4.521707218865784,34.37649101554832,0.33482174227848116,-0.05154037774979295,24.64133592242995
32.11383666412642,0.6976038995556819,5.490445798724902,0.31720470508368015,0.23900534808453375,83.1745246831452,978.4099932279076,42.84122990484509,34.006468029100816,0.7611781570709295,-0.24141154419658206,56.407572760614
22.12762198424307,0.4309288065930257,5.999855986362411,0.29525271482142795,0.14483484659742363,23.674866330926143,1004.183593238033,5.663467772419917,32.870568957940556,0.3655215917460939,-0.1340902207913945,16.461318595422266
32.18372768043021,2.8160910033134496,11.22508912039239,1.8320321964771875,0.29168164050979617,6.281176008092286,1010.8247525551952,0.0,33.29951789627375,0.47454268189893134,-0.3010299810815285,19.325319666715536
22.45317907548105,1.9053328123507836,12.00216935983023,1.5230347680233434,0.11676486285908155,5.286400924233994,1016.1945521569388,0.0,33.314858493903444,0.5858119316400052,0.0926304628096794,10.917435381989147
31.35700269382975,2.324435345404802,10.424837783214777,1.1240985271546993,0.192836554307613,22.78595468061461,1001.2458446979194,10.152917211156964,35.48269291187552,1.0712458682803603,0.15494066244471016,30.1569726110622
27.54086164540615,3.313785659760174,12.70457413715083,2.3945760207287443,0.7180564906507657,13.097277628495268,1006.7435255991074,2.7216196475952428,34.24831726285298,0.24231230494983275,0.12029394353838743,32.33011946306685
32.42613035925265,2.9977476620472565,9.636996493203279,2.164505351286874,0.27718193243488043,26.63712811263273,997.2841636982258,12.69950615779902,35.86246052120383,0.40526202957438406,0.04564902673637008,39.824512061546955
22.77486392972169,5.587437138413106,13.518584690189378,4.009723726200454,0.596500512209447,40.98211898489652,1001.6558697835679,8.449597893620798,35.548488974636875,0.18361349951471104,0.09660408486006541,57.72707041301699
27.81546998621387,1.6283693124420213,8.024561786824322,1.3465536200420158,0.6678546362022713,17.80360525055454,1005.9302332925334,0.0,33.32581399550296,0.1472704282703223,0.6577133330974612,23.004773524337036
32.17767662400054,1.4726386485241627,7.811504440232888,1.1475315943693873,0.4916470610558359,7.900205557894419,1009.4317475179333,0.0,34.92054275651643,0.6568272633769928,0.26701815367367937,16.437665574450996
27.492527363786564,1.222361462199105,5.582481519911493,0.5705849951989952,1.534077141409616,26.338109606118856,1002.9974479976072,4.8689524385253975,35.69450803800985,0.22575969581006347,0.37287807881168744,29.595675371029515
28.608685700420256,0.6669932615370205,5.937646075910618,0.42583060250988347,0.10975286772206347,48.67014691027149,995.8680587575321,16.428423170123168,35.222084570945604,0.1369971762775929,0.11677647784037579,35.648057587971024
29.30536123433848,1.7600829747538431,8.767125757135613,1.07220949822772,0.7038572121030234,17.152719640076995,1007.9792056528696,0.0,35.08007098477832,1.464386518870129,-0.515456044463827,23.871948303677183
26.772681180061618,0.9189814075081736,7.1947566260418325,0.5275494452877877,1.5350468045305241,21.03974216341144,1013.2802293969137,0.0,35.6803268158233,0.5585467558914242,-0.5848588646643288,20.02845132942036
28.589359840882665,4.467532131041603,13.797989615951295,2.81693398758673,0.9921126647084789,10.763751359522175,1010.9296747524669,0.0,32.74415717880212,0.18675762781860156,0.7789834965729802,32.431413239157905
28.135300275192552,1.8002027617783156,8.676812066407132,1.0867422159054074,0.18270724162678548,11.727040114072059,1007.7754824890513,0.0,35.64511437365416,0.1329437579506585,-0.13613779633092749,21.67310743879576
31.462159110155383,1.8376791899722922,7.547309553045043,1.1447520398581665,0.2780843414018717,23.574115286925593,1002.6089411398705,6.474163138781187,33.67241763155974,0.17660461236525649,-0.16586297045317627,26.106389387540794
22.477186993585306,1.1014210626650784,6.211706972823876,0.9270713360577086,0.1851795882457255,41.79081019749981,995.6137424731908,19.743637058373054,34.95905069439022,0.48244273344924415,0.13598213448203722,34.785888338987775
24.95011349071842,0.4854232715186702,4.075334791742793,0.23565027561035087,0.5138051511381377,18.881306818155103,1001.7198334774583,4.983420713164221,33.54191147719498,0.7624135983369716,0.24264104241547463,15.337646345597443
31.979320582803865,0.4516136344649677,8.490067100814583,0.3698229494866984,0.660451477223832,26.838932711342196,1003.0682673883927,3.103204816975755,36.1069155604894,0.7151280088817082,0.28690174806704444,21.963748293529072
31.347769730854623,1.2807904325014494,7.325598325431549,0.8223887298055046,0.27161579489357046,7.636219900968861,1013.2060784770513,0.0,34.56640522349325,0.19358757080904943,0.6710464865080014,12.079058438725237
26.784395904249987,0.5413701277868109,5.637186646323982,0.3786867251649125,0.4489555146137918,8.334873843777913,1008.7279023212806,0.0,35.26464721170743,0.70223596783347,0.5752577339302795,11.003854347143243
28.511392276916137,1.8936901069008414,7.015454070242827,1.481004256425986,0.6283706411491911,15.63105544167333,1005.1415428845762,0.30257000223155617,35.914552786949926,0.4113808343702804,-0.2338266286235875,29.752651410521377
24.912502421301895,3.8054479491703197,16.0,2.261140895137746,0.3461679443411428,7.7196055424495444,1015.3691743331682,0.0,36.34985559680686,0.47500584332465723,0.3890571006976262,25.824432499518267
23.975272177099495,3.831765672242903,10.287186161702882,2.384004909306411,0.9659147661614824,19.10982186945533,1001.851800348596,5.514220338464187,35.64786701739816,1.0699693852238403,-0.08443182137377951,41.62746798817359
26.868833251869813,2.1216095649750533,8.175625328545985,1.302259634156121,0.7643969324679751,9.827500357244443,1003.7499270764087,3.402846096866415,33.13970487761875,0.3425289693414333,0.0018719394492281785,25.300029807626707
25.710198394273554,0.7796525292949621,7.027129807160022,0.46770763399285,0.13008299794466374,26.951617721985205,999.443569224711,9.099317790601875,36.17448918921888,0.19539676866957556,-0.33289622208297687,22.41630303354395
28.128389174434155,3.580401959446593,12.345042975620284,2.9366876804508943,0.5367473798602167,28.11168711768036,997.8033012707587,12.099414782819961,35.159885038221674,1.3402855322715064,-0.5425754988409932,44.38008502054416
22.81621368813234,3.8758028394568385,13.413343193845837,3.029218808154187,0.2207372916433277,13.725145222385128,1009.5071478066258,0.0,35.120633961035175,0.24305374496143084,0.0389534005786989,30.947198508410036
32.231145480494746,0.7503508112115376,9.062044221834663,0.3703731573714853,0.4669102411616223,7.792160098067751,1009.7093499876821,0.0,36.46176440716116,0.3089094111708715,-0.284593670638936,12.874520204082135
32.355212817035834,2.539556253711425,10.330437739871634,1.2526344485523226,1.5147838744531672,19.569098896114227,1005.2830746135874,0.0,33.5699756893633,0.8357107188658608,0.37473478750021266,36.82288982687803
29.330697997207324,0.9401603857233084,5.108242494351954,0.583978560824862,1.0506147845683813,74.04622000501811,986.969182528858,30.092452409967063,33.53022675952434,0.7903546178088389,-0.04837738523204248,55.368796045900616
27.629011846613263,2.9963638230687866,10.008037193841144,1.4666090781893768,0.3332716460558772,18.64195739954826,1004.2498953108153,3.070121177878514,34.70673228518834,1.0668640130423124,0.15800657663245568,30.836758846696263
25.25003997100644,7.5,16.0,5.232279285813359,0.2550811510727932,5.510024036968808,1014.0564348082497,0.0,35.728711186099915,0.22190650466384831,0.5286340138704011,49.07376125132377
30.544847706922962,0.44877762793923764,8.910138792549363,0.2277441640373359,0.22019632390770633,5.244233686839318,1016.3745780559699,0.0,34.42313504538259,0.3605779660402807,-0.4698533136237378,8.306982728617061
29.189677311815732,4.042535535166451,10.179855745663165,2.6638259837075737,0.44217448197627973,10.406729049211256,1008.3478887798133,0.0,35.22573297653733,0.180724791026748,-0.20361608599239056,30.63929121459368
23.70747786312136,1.9592488871321012,10.330512754675624,0.8873202684623203,0.154593455044125,8.050420086135496,1012.896189707672,0.0,34.44585631415769,0.5672742163047068,0.11330926859804745,14.805966834460184
31.564735437185348,6.201905378753084,16.0,3.5762576588844794,0.45860405481441713,28.476887484654103,1001.5487690628496,5.928008278520675,35.124664876093966,0.30767045912962276,0.1593836855381412,57.41221322774297
30.636641050693274,1.40081011522143,8.778204010242796,1.0098107981115538,0.10060053831072878,31.083080608296676,1003.9733788419296,8.545988859417903,36.03572790123896,0.8006532676706866,0.436224125445314,26.44829521845308
31.972899089565203,3.4077697141258763,10.980993410472678,2.1932936677430632,0.2761029045775625,9.189364302500973,1005.5016765480061,1.2744869264240108,33.27604979319097,0.10020665637568707,0.35350359516420926,27.03477926900943
29.620054838077778,0.503080854441095,4.641896592804481,0.42324584405450144,0.21176971741292594,10.515975776343302,1004.733355592012,3.8078192484456928,35.49012769622573,0.13692293493277602,0.08392676900575874,13.48902948358066
28.440859557325794,1.0534207209136546,8.022466466746577,0.8423589448133164,1.6966146402813707,8.773151175440795,1009.2137228418607,0.0,35.885930679154185,0.43997247501636594,0.1561916347090393,19.871486473052343
26.391551881051498,0.5109884858264395,6.901425815146022,0.30333723209700975,0.6846271729458757,38.46186892397102,995.4959854276561,15.150447282251692,34.42257905217166,2.0046879805741806,0.1658765618466715,30.696455438899097
31.79364907521714,6.324319770555951,16.0,2.961012470161106,0.29361240882917,14.778439125540254,1006.364633031782,0.5994946851700123,33.88990438139177,1.4290269439847478,-0.46439932763581443,47.95999334268882
31.09367083975429,3.1170024849451674,10.590647519833349,2.456978829742726,0.14384892061015483,19.945169189216987,1005.1287035276869,0.95964375436537,32.55824059287493,3.1705009719487336,-0.004731417074236514,30.381738410290076
22.474796036114988,3.462797847787424,10.333303091037589,2.820427114939421,0.42729663839328846,12.517549918467479,1011.0057553349634,0.0,35.9275515960366,0.42356615531755903,0.1369656262989823,26.410963720872736
22.276853232221146,4.8480964284687476,11.388393078707983,3.773035686866316,0.20804333143967424,18.95795940648656,1004.9707996851607,1.4490401131328912,33.91013623385475,0.128612609627771,0.21049280057478725,40.52672693098649
25.952865352219522,0.5423109114997134,7.205219542908594,0.2717953698094839,0.44595860544705634,11.825347700813165,1006.6591552501488,0.5808393927121172,34.03643071845462,0.31913207472110194,-0.2735272040224557,13.424404963217858
30.510809973209245,1.1793682859536352,7.758697138382523,1.0014795133187402,0.9118037376762391,10.810396858711908,1008.4941199867243,0.0,33.94482650132489,0.775782860076385,-0.39407926938511184,14.854191319114076
32.36639935780691,0.5178945541709457,4.483536248211763,0.2866202934316115,0.5304576895132906,19.09008274684118,1003.8319418530573,1.7659490039061612,34.644579122493056,0.18712909926262744,-0.03208640738132816,17.315599323010833
23.579377356587045,0.7787628220880204,5.593912569813501,0.5760368146070711,0.5520448107706614,17.51868680341964,1003.9844065747567,4.670122083168778,35.52074816484203,0.3139811200599756,0.7385781388820228,19.08127879611411
28.23837251119742,0.8168662991622527,5.770221120564894,0.6642870702000596,0.45044697715415916,9.864603026598775,1005.0990541953754,1.4965939231641783,35.819011463302196,0.134683090056344,-0.23673662945503404,16.98346588507047
25.999353994625725,1.4131122914719492,5.319125476675881,0.7691214744432892,1.2794235748985245,7.2645377173328,1011.2171541121144,0.0,34.18805409773358,0.4865765406056476,0.46087488657418324,16.867841289815424
32.184101177053336,0.9003888774393318,5.394176384483097,0.7322893550358407,1.3090678684337618,11.436903083214204,1007.5845698459441,0.0,35.351338750694225,0.24061422111965106,0.604658875065792,15.957275871202054
30.84224869292494,0.5703166271845014,4.325824393722571,0.3272434784018855,0.42351532378516066,12.510738669275494,1011.7473555891788,0.0,35.59894227616665,0.15740984734687488,0.06591328418161777,10.743290637412938
30.802451399466946,0.6932981654303387,5.629218179942705,0.582762372755969,0.26422156819069,18.869838147791178,1001.8878783688504,5.428110536201957,33.77674452621274,0.4178173373630991,-0.18794677712870783,17.892915828977706
26.92127817784719,0.6549101374607269,5.070791999934965,0.36838957730116045,0.3769397325146586,39.43405527023945,996.1361971647577,21.512910755408008,32.9154723190095,0.3596019597327903,0.22948684728037888,32.00629006270036
26.355604774545483,6.18362693279879,13.690021097737699,5.140908697626565,0.1929162447047803,5.51597982007236,1017.1674358537111,0.0,36.34706259877119,0.5626882437504753,0.11824660223482356,38.6478336706417
24.870774255272416,2.678676486882487,12.8555030222427,1.262775938034935,0.5551965010966271,8.909718500707982,1007.5124638307678,0.0,35.411598678660845,0.9294738141663992,-0.25068639306660795,19.609148854367483
22.591942714834733,5.895348497894867,16.0,4.325469099491291,0.4119993411302372,8.0144683748263,1009.9903250305479,0.0,35.286874758168054,0.17165452607595216,-0.18058098923012156,47.69362176977629
31.07958495067806,1.3269682970356023,6.220013802384106,0.8795735757065699,0.14906550424677947,14.768451824467911,1004.2713408296842,1.3399809211544713,32.75328081541151,1.0396132706391357,0.20875294825086588,19.41869159958777
30.535460595865814,0.9219850124515001,7.068205117393115,0.59113145676369,0.1990934163386649,12.862318183174526,1004.658468797997,3.178829791759723,36.01685414726688,0.1159850441669496,0.3767041428589916,16.133194096017547
32.49703556950437,2.9615041717095525,10.956905143809138,1.597428614878113,0.3939485235503427,23.280854214356957,1009.0556988609984,0.0,34.934032871170025,0.4512238027705662,-0.06297657046038566,28.234221434527733
32.46468678927601,1.0318431552804292,8.643946461664989,0.7555550943064179,1.0835170295400802,8.886690377051288,1010.8538930285374,0.0,36.14590299446553,0.6312100515986638,0.02580325228918141,12.677909037589822
27.83203290882759,0.969271099187406,5.516780438547213,0.5101504448381534,0.4760251427472195,17.636825253144085,1007.1388143516535,0.0,36.69061309006807,1.9879145839303833,0.284023499678878,18.039377731527722
30.07436785939536,0.8233993711810826,8.120279044099588,0.5526135519020786,0.6149092153477514,35.14109501334716,994.4411886420966,20.725247306019178,36.61553137978504,0.6118811565612887,-0.01037040946087741,32.52154300539937
31.920040163765492,0.6222290317550747,5.298154300848731,0.3430337111061827,0.2863200843140249,38.81706368784438,999.0927273516832,10.020057357409147,36.18118418947789,0.20371926343569116,-0.054764440653559524,29.9748568272692
30.921297602112823,0.8741389308099747,4.569656469205035,0.7275008593369796,0.4812660002321717,49.64520788982802,997.0301214127581,13.793755533254075,32.54707370747489,0.5373166030939882,-0.214369286904529,37.15631329258043
24.597155068303575,1.102401310673864,8.0705271981847,0.5087058160474712,0.36688795914524786,25.775389228545727,1006.8350356177903,1.080149052141632,36.30862699541891,0.40229406500946074,-0.2204396181809109,20.122745161736184
26.730713420755983,2.193344210158577,10.88415721446908,1.162234041286124,0.5843142323752092,38.10064587434722,1000.3164984464402,8.72929906957683,32.82276794945888,0.491612764972005,0.9841089653781395,33.63450827255528
23.356173859090696,0.5033723017018626,9.787933603359381,0.27530651483144764,0.12335470166117522,8.741729514250117,1007.0120075848755,1.7102234175639284,36.1601340717601,0.2317128325604421,-0.01867058102767863,10.067859874404805
32.017535786216584,0.7781827764397464,4.601141099956223,0.47907042951403334,0.4059264669668682,8.081740120192233,1011.6115949079705,0.0,33.70474849502998,0.5168815808145131,0.5277704125292784,9.431914838601763
28.36483366173424,3.0489690076102383,11.536523741319613,1.6558709712627784,0.25793490125403534,5.0911291203275715,1013.906407596589,0.0,35.123293855693476,0.19753942726644574,0.6393976681316748,18.772132036150396
24.400749457786358,0.6542467265990926,5.5629422421880665,0.42299644053990954,0.27765989983021,22.17872250765927,999.4842540945207,10.377047596537,32.663693393944484,0.9176476795675705,-0.01425380132260573,22.878647691046265
29.052857186261495,1.0712500711480946,8.103288193852617,0.8559140335626303,1.5589354290837956,43.80889411029879,992.5972048271964,28.856489149761593,35.81608129330838,0.6407027559319963,0.17895043295216911,39.01645107583262
28.490346524807904,3.5999314912587876,9.274142357418942,2.645320984868195,0.19078421842912088,7.897225046833327,1013.4126734165342,0.0,32.980336325601776,0.1490695317307557,0.08586746871156123,26.328317108404175
25.760708539344826,0.669328426162718,4.310636503545046,0.4564718076395346,0.2677915115789155,19.184758240819505,1008.7285309955606,1.4686879138230795,34.265959138205815,1.422265722284976,-0.5142638227305368,12.966399743144942
23.192354718096105,0.5381773821424635,4.804907053106708,0.26133962089573987,0.42090880541646203,24.21125818928936,999.3849092917815,9.013450252946564,36.015017809998795,0.6748610614134523,-0.4931905542868568,22.46433373013691
29.051518553724396,1.4603066936597466,7.746998117089671,1.0625145406380458,0.9945869834459905,41.76043863785176,999.1895896445745,10.696123405345768,35.49000068498584,0.3279723321723167,0.06709696341649551,39.353354508205555
27.46323085948983,0.9762198014844627,5.7955737428645,0.5042816785056902,0.3425510609537704,19.572478682521094,1006.226654269364,5.3395728550529835,32.52598359648969,0.12803010070435464,-0.09871973851300868,18.40617207331135
30.109343113224213,1.726011189250035,9.095401656520192,1.3196165979749923,0.7129232768760124,54.22956131623935,994.0132074983112,17.648722185285187,34.23303903853296,0.7001731310504454,0.7120531184377565,49.18077674027398
27.46171676167593,3.005833053077006,11.950841422925482,1.6532764218346978,0.9732444688381673,10.916696050464438,1007.6013258912717,6.392751901314707,32.68028832294738,0.3805066937178101,-0.03280052854311648,32.35459098081252
30.94790575334467,0.6360202610155504,7.044202781696025,0.3923096938741428,0.26698932359263655,11.029421637292328,1011.3940239329105,0.0,35.39604940151941,1.529094555866001,0.7328251489738437,10.833350483523446
27.7950218071321,1.790666306458181,10.651380811116027,1.0568299109894994,0.32446675600552677,15.963389677428086,1009.9583258680453,0.0,36.66647851453928,0.121300352459426,-0.11673698864744049,21.22273419527611
27.889848701121558,1.526761349965109,8.371910374120212,1.2115241641794208,0.298414282357973,11.771800107314089,1008.0987833847388,0.0,35.31762342789326,0.12393248088455622,0.7192701472131269,19.60981181817861
31.20486282791262,0.648923114898172,4.342716541306459,0.32486245143274056,0.9050042879423591,5.019974438472355,1011.9862093403253,0.0,33.46480145380549,1.8890891821191678,0.22724857393157116,11.08850360581831
26.23657009523017,1.9650593724030454,10.582171640632993,1.3288870286141894,0.12041211613574154,23.422852103749946,1002.4097313040595,10.234257244992579,34.02750203788612,2.109287281322134,0.24715216351991903,28.27416473859896
23.407159898731727,0.9115361513139911,5.733030718956188,0.46198898517977616,0.26595010830239807,24.50460710014687,1008.864784510703,0.0,36.69959738933141,0.11688058653226024,-0.12911738485677726,18.226143075173685
22.30221810129006,1.4705713755119825,9.012656225449923,1.0763381518588029,0.6119144792197283,24.239715859838476,1003.6581247103245,2.0803171156059217,33.463425371739106,0.8553388432660716,0.25192101314129106,23.26456315889601
29.928941184573,0.5373673310561728,8.32786252073377,0.436359066147373,0.47504318824349845,10.92412234290395,1006.7357590009198,0.0,34.9145750141341,0.2502278052613509,0.6424497015784377,10.444067798179876
28.513250289211378,1.3846658744095866,8.177430590032856,0.8638141983111938,0.35794639338918033,15.342504516920846,1005.5350203984672,2.4260974367966677,34.2219513773315,0.8251757012432228,-0.0006896229210481344,24.242099946969326
29.392837565041848,0.9855221807275419,4.529701705562601,0.6358952808204235,0.44938731084106986,11.24744015889707,1009.7490129144687,4.301022586743844,35.803755781091354,1.3183121878106203,-0.06878888537831626,14.673103367273718
24.236123695843563,3.164985057831171,9.319654854331421,2.5983550439277647,0.19905797459555807,5.226329243212291,1014.1079755916589,0.0,36.229773869513515,0.16377088485221553,-0.036366888601030906,21.10293351313171
23.431900493661082,0.4938663003929872,7.87307604103508,0.3251598710363894,0.3535196230101588,16.57186624060202,1003.1688098360653,4.606185721877779,33.96560027970627,0.2636890154341779,0.617039061752253,18.734740872976037
22.15271898951276,1.2677260859121156,7.028222926177584,0.8177332424066244,0.41345153309216687,6.8496241837996585,1016.7225465213804,0.0,35.339704363907344,0.11462336436336018,0.3493729224503802,10.696561196117067
25.681169367469266,1.3812569279832057,7.605622772783018,0.9410940494982949,1.1415464103767443,6.167971384139953,1012.3862729592857,0.0,34.860905099326224,0.12689163749894558,0.5566879966648915,16.678463603671105
28.194135711973647,2.465610043508539,10.576334702560784,1.7892732236833369,0.23600544783148605,24.719506254887172,1005.2207476963076,0.04576847048010213,33.697311307238365,0.1180391946799465,0.15976794866949434,30.170102843893147
26.11856247354719,1.766385951303724,9.223979005467188,0.8703925949593393,1.0106447381363546,5.133723446770927,1011.5945452433887,0.0,33.669345452095904,1.067713316780083,0.06376177487224119,18.123277890071574
26.593486681249153,2.160401026589125,9.306921566438616,1.6817516727954698,0.5650762916558917,49.72144845228167,993.5842393040551,17.779624260555174,34.81611608438891,0.312543329640128,0.1983804136747213,45.71812076951018
31.493666292184358,2.8012872701440457,9.729314529428583,1.7485691473602398,0.10924774957587262,15.137862709107248,1007.3219130001148,0.0,33.16221235618889,0.5077968417714853,0.42455548704438895,24.503242089531415
25.656682403744654,3.571157600252536,10.959081011856028,1.7103680925085818,0.6803400187067855,62.05712480196843,991.5004541651209,26.44437511463824,35.98648255487463,1.0302608009958114,-0.0364913849057527,59.97170982961631
27.396889636178013,1.0027138817050627,8.091733225006127,0.7665477571516732,0.11628965578150999,5.836463983827023,1011.5729643619463,0.0,32.79672080856173,0.5098511781594529,0.5290369476748752,8.17030218095486
30.228356633782003,1.635583255867851,8.774404157163822,0.9826256899365038,2.7752550108979595,17.263156717678385,1009.1927920070224,0.0,32.90667029069576,0.4364256972450974,0.17804069497305686,30.09281086778086
26.163699214373338,3.333211491583418,10.613830683923467,1.6337636064254486,1.0273201973985189,11.016473713716666,1008.1622623713531,0.0,33.97157312838725,0.10698441836331117,-0.7921973483105623,27.990547229718736
28.53191035239267,7.5,16.0,5.276337118629752,0.2587993655842541,30.964223715600895,1001.8369471138071,9.535936623735239,33.007794560247675,0.6036526815857925,0.35922269948681806,61.66820027396908
31.054818941840825,3.924663254198049,11.870842684861813,3.147786137064566,0.23392578707236636,11.274792353346507,1006.9456774100214,0.0,34.54551009139862,0.17994268644262926,-0.39530675464169385,32.03339881624238
31.969966548405242,1.142987462721246,5.7798841713966524,0.9202208107233504,0.31616327456129745,9.224698807920934,1013.8511793061517,0.0,34.218606328900044,0.9680044217800383,0.3507104662358956,11.738070612639488
23.5442715497549,0.7473918026376208,5.2068491963927,0.6226262434900038,0.2981421322312815,32.28300638759525,998.2057556476564,10.815421247585633,35.60378212230858,0.27883157579430107,0.36553129938335815,27.415708276718046
31.729170064195692,1.475446654303961,6.187692723282481,1.1760522414503984,0.3095889330763121,11.572282218265247,1008.2600042832245,0.0,36.5979178674018,0.7728597656219912,0.16546240908342288,17.1969208494909
27.16722107733515,2.565451099622512,9.20919695441499,1.1566499643857515,0.272409038297624,5.2376725470513845,1010.8984300667911,0.0,35.740301914378236,0.7234539998920595,0.2402883146068428,23.93114464599337
24.71156607713906,1.485431483736222,9.524363088229489,0.8943730476825135,0.5367570097719156,11.926785179440504,1008.0271166454444,0.0,33.271629250386596,0.6753241951336219,0.4346047757453953,18.74458440201556
26.820925440501743,1.4560996768119852,6.413336646715811,1.1319966889882938,0.18074894629063276,19.87957929216153,1007.981778188027,0.0,36.52274152749693,0.28632646312625776,-0.12346968583375463,19.74099404379587
32.29034204049751,3.314531693775784,11.248870690323566,1.9771221407281407,0.9418065428453616,9.10916450645111,1009.2991942619573,0.0,34.18617375997819,0.2864392382141241,0.32770038089586745,29.119693939317962
27.17248998692513,1.1175726663303918,6.026596780953586,0.7718173671294095,0.8530554176212461,12.918568226487285,1012.8623631454226,0.0,34.539014251985726,1.2928750580265074,0.45705815603496264,17.488006660307754
25.451891908018837,3.543435715687108,10.987720726329638,2.4539241226005175,0.3912337776253326,5.817417463396529,1009.1491675507991,0.0,34.31277782069373,0.10773403213819054,0.6660289091384675,26.616182049299777
28.65070897032562,1.235570819298402,4.958965656759245,0.7364127142746397,0.9619693329145509,17.417400479682474,1007.3362616240765,3.4531361637308233,33.70635220013719,0.2201857209459878,-0.33702310012089615,22.739866720933602
24.52152899717103,1.036550211339005,6.534983036675403,0.8414606512921676,0.2277472266214918,24.765150847498962,1001.4752269772097,7.89346010192589,36.34869043752918,0.6652281317693599,0.19298062274571887,24.267554549063448
22.79656494514097,1.3681885212027407,7.17218126845749,0.891089332821687,0.1079747015678572,12.465683029590783,1010.1299900412923,0.0,33.92862712335545,1.119113148634269,-0.2865212196715126,14.77899177977046
23.353237080061817,2.6997829576752093,10.670041239868919,1.716828922228512,0.5344758045142238,12.631796857120758,1008.7508227014317,0.0,34.98796481962205,0.3662231773980914,-0.3013727061955242,25.73721335009093
23.34448130905661,0.615483557663701,6.442791773677718,0.5225489245480366,0.3755449655597075,6.293951317579002,1010.9431868527838,0.0,33.53214441280962,0.7358255770311708,0.17565972034209304,11.75257069587173
23.59497828187909,0.7498840936995587,4.552203181231137,0.48547507146599994,0.47682893698461437,8.1580161151891,1014.2062417932563,0.0,35.92871411151177,0.5887231977892521,0.07710953517864849,10.288312609316117
23.457685312818807,5.240087219901676,16.0,2.731968208949257,1.1332004079629034,7.35248256291001,1009.009481566813,0.0,35.8290542359755,0.1400302022537027,0.4507505174826947,38.537109575636784
28.72918482043375,0.7087487716015539,6.5912023492157905,0.4643918765010112,1.67683603982053,14.20048437153667,1009.9122872022213,0.0,33.77414219532229,0.6833202681700606,-0.07116175735797323,18.023161536222013
23.90974088619102,1.7419178901974215,8.433042478121589,1.3510431763977473,0.5528623597332954,15.548158347837479,1005.2909374128661,2.1019446172467653,35.430682514516846,1.1088938641650672,0.0030819973310461865,19.22384265297826
25.629506474900563,1.7853914817571663,8.19993113708519,1.3582260908544366,0.7498715733662654,46.64659013687716,995.1306361323552,20.374899930272203,35.52665619230828,3.0315911581396553,0.12402649181836466,43.00415272790986
31.416278304013126,1.4761735605032515,6.880476238072523,1.1299115230057073,0.13938841109160247,6.064720713449945,1007.9160360744974,3.229060088787141,34.91879908925049,0.1180529303129106,-0.2516400980027596,16.725575574330115
26.97659722276016,2.055872219556227,9.027273504824297,1.5073850701228564,0.17884253664195637,17.823450069107146,1004.673380885565,2.4854939583056925,35.08257304376818,0.7473884631072388,-0.20307444575557582,22.25449667379006
29.009356254470784,0.8178236128296287,7.185465156986205,0.45118276313854244,0.6945732886022742,15.466403586486571,1007.3850517394341,0.0,34.97015494465042,0.4212242400551094,0.44063453302039357,17.392475517400594
23.809358647617113,1.6871062665327181,5.41644774274056,1.3409688053393967,0.3540327983051301,15.166129338133787,1013.1990707156788,0.0,32.85201693717784,0.10590166298227598,-0.14213426444838806,19.666543250659625
24.019034697491044,1.144785655564931,6.252472923997733,0.9242740502926075,0.36573755742955105,33.90752495527165,1000.3404895709733,7.865232876484438,35.38214098226928,0.6717120605871673,0.46386679825738986,31.269213476045323
22.42912047079803,2.133960686039173,8.458708779265127,1.1260079973866177,0.2660715378184382,8.221270016205814,1015.5787761173976,0.0,34.52003254230637,0.17835728585511593,0.2625594032339031,19.41283789535547
23.77381816225773,0.6435946041936732,6.54272619609003,0.3232017893956041,0.5206838080230739,5.582789384947558,1012.3621742459767,0.0,34.38536630632808,0.38543616188207586,-0.4916358589211273,5.235563426393028
24.925198559835565,1.7536202547801008,9.946482967494871,1.4734653680838337,0.1921463631830202,20.617976927893743,1004.3489920609719,1.960753600848984,36.197996640761744,0.28177253419284265,0.23563254214322582,25.25278153271815
23.85861008490584,0.7278383122731185,5.15249774019644,0.5803270198067387,0.5436785945270758,10.927046657131875,1014.1186974148654,0.0,32.599874867882804,0.3688639437457819,0.23286793808294454,8.491003445693067
22.931376604449085,0.9225939297682261,5.913726303356044,0.7448049673018835,0.1859126593338337,5.248450400804055,1013.149926230595,0.0,33.580654147222646,0.5071864147677437,0.19802501297894987,6.624647765504646
23.26667664655631,0.794893797871209,5.662007670198351,0.6395322453290188,0.12967928173970672,9.05322067296339,1008.3440384706611,0.0,33.02203504932381,0.36703165555516093,0.0003431457659462331,12.922382490927134
26.83817706434362,0.7230682367673879,5.099231441024486,0.4820513212390023,0.2804552077973714,10.18123854535892,1011.2194396830531,0.0,32.651966491821824,0.5827582132722106,-0.27902360938714815,10.968775720400128
24.166504043260822,3.1952642561656255,10.230695918429731,2.2640386609911776,0.21828107147236253,18.43017740518921,1005.5333191716699,12.48221329324479,33.685411090006575,0.2635970192979099,0.5211744681394171,32.616113742755154
25.824833541004793,0.938340530225102,7.84521628438714,0.626947665735758,1.0891673884834787,7.652297980014339,1004.8819511844214,0.6760599472018514,36.75044797301711,0.7053097363280204,0.014447143947007544,15.5648175323162
27.285881343975998,4.59038867046486,11.681946363790232,2.1596977197808487,0.12543449389116204,12.459522691483222,1011.6775277813038,0.0,33.66198544479256,1.253516028349927,-0.2591921561173788,36.043768105108214
29.249145700608334,6.006578778323492,16.0,4.494129654907432,0.1874484095927175,14.221776263952336,1011.4287766464748,0.0,35.353935025121814,0.25221349791736253,0.21011404013080293,44.034809718413534
22.412777468331537,1.755049120765622,5.606235072350616,1.1445251206648663,0.4580498869996237,13.606848564715623,1013.911006092741,0.0,33.0086852271751,0.5254162194136015,-0.20997298975664003,19.62371894758927
30.39380918854495,0.6469098726083659,5.32243077603175,0.4587132006976966,0.3951913898489745,56.06336377816003,992.1815165796964,23.0146381693705,35.08794480920309,0.727651384684306,-0.2821801098997924,38.347069649034246
28.592954089654533,1.1508497276077305,6.577295559366936,0.7492675304798377,0.12112142615001965,5.652009058784214,1010.9265318800177,0.0,36.73327037749475,0.5989300891300526,-0.08141541427085354,12.815786037903795
22.858469835463154,2.95706084834766,12.834999036396885,1.9124037841619772,0.10327548462425916,47.214003096629966,997.0639081835235,12.35759135303229,33.75490135088,0.3730921320184176,-0.18288921751132609,45.717704978919514
31.172575553121163,1.1326436997578695,6.626555202435133,0.5875200059058442,2.0928369466932377,17.209731127737285,1009.4631012198297,0.0,36.146725150415,0.7166681750953228,-0.26928478819460105,23.175935507569033
31.66916020558404,0.5456612121667226,3.5,0.30638085093558914,0.5839246762619343,27.23622022382463,1007.6999293395992,3.880680592785664,36.7895569355761,0.11719168310634179,0.33224411679161564,21.21043849289283
22.64131857847607,1.7019201574223328,5.065122923068325,0.8740059102321373,0.3046465274178213,12.879311426345277,1008.5628712493644,0.0,35.030782581499196,0.37713197954256994,0.010160264938160218,20.049498013597024
24.90721530554564,3.384176245197013,11.142561620874645,1.7877470021950477,0.38606237506721963,13.467751971486084,1007.9577181528617,0.0,33.83042473184055,0.5563575942299059,0.4882979809305622,28.174286082382544
30.465113437827142,2.942839204627024,11.217766852013508,2.469604034208631,0.23949820642514372,34.60533407213107,997.6041115345528,13.526204477201846,35.39618441756637,0.11249714524815842,-0.24907831720547746,44.66367456031904
29.85672674902841,0.7080338632832273,6.837644740350688,0.36197904028973094,0.2903173143665104,36.6782862866644,1000.5095624950785,7.775007007419474,36.132847286955055,0.525137833774995,-0.5546463631727175,30.849266833662885
23.937470703241964,2.1873208535036937,9.188532695008133,1.2198867098024895,0.5711930879120305,8.817984464877862,1005.7242802156519,1.8233639745681178,33.236806044736504,0.7372313261372498,0.10206962223729568,23.62893534610563
24.198167895035457,0.7985728959175326,8.180820608910059,0.548009360474588,1.064788335926591,8.110748875968218,1012.988541993189,0.0,34.44581778451825,0.9542923199831795,0.6995926226322454,13.246403034117291
25.88995707930951,0.7938655409787909,5.619571142656127,0.550999391647564,0.19157512542650784,14.59904028482942,1009.7521358365499,0.0,33.87250715353252,0.17219927404440066,0.23584539027670076,14.001810237688773
27.08749134450572,3.7152690619797726,13.029850145603827,1.9006932061239006,0.9256795429246873,37.27502892003486,1000.4066692873608,10.39965035224948,33.71844368693823,2.897989504136677,1.1753809686744914,45.18961761524864
28.491675101068108,0.8595852375874113,4.099231100117715,0.6597204697226753,0.15832172576609282,10.447846107577082,1010.112621429915,0.0,36.20153142118274,0.6590980589200377,0.166220692332181,11.865209377690402
25.87359321548261,0.8888048892263849,5.242427051200393,0.6791190593660724,0.20892774474638595,19.778327174667833,1010.4549176706712,0.0,34.3131122293339,0.3707739380303968,0.1324432739508316,16.125140317133383
26.856614519398054,0.4010457669025126,3.5,0.21854069937892792,0.11704775799205819,22.24129526354611,1007.457799993644,1.4195934769433434,33.958028269756824,0.27188396556981603,-0.704376934870271,14.27247031798322
29.848444850404444,3.6726088532619556,11.198427984866832,2.0767373515055962,0.1682953125836507,26.113701775554297,1001.4260676947623,8.598360821034905,35.095095328131855,0.6104378519169964,0.1997816042059849,38.751615064183675
22.38517363035128,2.9169295597833336,10.181081381710488,2.4070361144932515,1.2216581705384357,16.619157045888024,1005.3892805378944,2.4068831818830194,33.44342679244074,1.3807779804029028,0.10903371600675196,28.691969742364165
24.650587915612217,1.979294579076139,8.73388248067683,1.5443813674343176,0.37681629448077036,12.208963755802218,1006.3337581897199,0.0,33.48854200944274,0.5410886667925981,-0.09259741937158796,19.752601496612428
29.4901706517878,2.619772771711676,9.80841601841172,1.910125614229611,0.1363814718392719,52.764252815830346,993.9273929565143,18.122847434532858,34.73724154274747,0.7498891818597491,0.0021273965293253996,50.107485175723625
31.39967179571559,0.6638910683786077,4.803673926863902,0.32058854128432834,1.5454314946804,18.23037187646322,1003.4929595224423,5.776652117101916,34.25987273317859,0.3656165508622611,0.02616479898023733,25.899886235279155
27.372613142214494,1.3809383901201528,7.200327835596452,0.8524610461647442,1.0503555234235589,23.25646702090709,1007.6739841280236,0.030308659572629182,33.768424250866,0.394763118508899,-0.012975203526222376,23.396523060164476
27.587191595285816,1.0922570535749485,4.719892693526284,0.7358762400501621,0.7323409333510165,10.923313954775649,1013.4710847671878,0.0,32.73198986877864,0.302270555739661,0.7814002370940863,14.408940646762304
23.12530611906765,0.5575509497507322,8.048435172249693,0.29269446403157456,1.319564922107959,20.519120951845874,1002.9139013894475,13.576621855179493,34.73932922614564,0.833765547635112,-0.07980170973175311,24.527893143268454
26.697829851646276,1.4652574528660818,7.182024305811945,0.9220727897924434,0.2118822837462323,9.173867326823892,1009.6658796145881,2.3514625140058634,36.01141958408462,0.367011075945633,0.10925980334885006,14.139104378284582
27.592481297777745,4.456027647529484,12.287520586987535,3.076487612176376,0.914564429599926,8.936322677847475,1010.3702006649736,0.0,36.160921982730045,0.22696352326327307,-0.09136537918517236,36.09353988708214
24.545940288164662,0.4654137260175984,8.221155199497801,0.27038241690943104,0.6270195623720987,22.560085801461582,1007.3625023866896,1.6110305763251027,33.512391912822146,0.376650662573226,0.3242009153253581,17.85095654400808
24.8270539249685,0.9512800854461744,4.848934353479271,0.7252349400907651,1.0172667766715433,15.316307475199377,1012.5213152841004,0.0,35.0784571769742,1.2537795094434885,0.1118672949902724,18.701151395970676
25.961483712598536,0.7721830865329277,4.7015488847113165,0.6070747697498816,0.8173511911300012,21.09617063760576,1000.2568643235566,9.265522818025834,36.18028963069064,0.9042239419741974,-0.04796870060966853,21.066537263399468
22.210747576666126,0.8352019211151104,4.859032970704351,0.48395256472675063,0.29143233618019493,9.395185896629641,1009.1768518899842,0.0,34.25752149158794,0.3444569803632729,-0.6240887810675139,10.071470504227204
25.38183123862337,4.225122051815454,12.503412620718596,3.3186764582605064,0.7700433735370011,17.78345833815299,1005.8793494211383,1.2407455764234143,36.50818831442237,1.523862250691246,0.1351578788510626,39.57047761287468
24.22020407346372,1.4099865588122742,8.18542325031849,0.6929105778707962,0.23699347405003274,13.21614719499102,1004.356047472697,7.891072281263472,36.38280767525708,0.14666837369699948,-0.0583516957529128,19.45010713055258
25.438722197868103,1.404672473057985,8.637923653681124,1.1027966147620625,0.2792703348647853,17.722082493161345,1005.2473418566684,4.17319618464448,33.39497575890088,0.13062049661949496,0.028740770089514582,20.83936124769994
23.25750238410214,2.6872283950461844,13.695004087325586,1.3734428967038954,0.15138255421327004,9.81222191400417,1011.2429801625796,0.0,33.613548781470875,0.1818151888955592,-0.3638602815358667,22.48888768241094
31.350536447768896,0.6685086241796776,3.5,0.323003887533421,1.3305463352651115,22.595895527153356,1003.8597710155947,2.233150215090557,33.27590059417766,0.1742876670478917,0.5516487604520685,22.002468551236895
28.232720762317513,1.4687949233447668,8.556934245707206,1.0380122978933417,0.2547570233468156,27.953463319117596,997.8558868921882,12.047771543341982,33.34303371125522,0.15516017996355888,0.3498601115453552,26.92371113466634
29.13057435101714,1.2993487653623825,6.503131918793942,0.8299914378220788,0.4308700685934972,9.213891163837316,1018.8282929089203,0.0,36.40380697484604,0.7496598025114053,0.5507470991742212,12.433897528715004
30.286298005377052,1.8537554080654508,7.457137011184652,1.507392777808284,0.3234176605787782,10.0058659168591,1010.6784711592588,0.0,36.50389300952828,0.6510393409851025,0.4514427552733339,16.946673209370104
27.2336430887551,7.5,16.0,4.464567588272548,1.5476862034460708,20.150944873350582,1006.0376345012934,1.0427613506988367,32.723158137096064,0.7258024134006493,0.25731105574461155,61.72722101932423
22.912663024917947,2.7476523575564373,8.582619737389628,1.552041398345224,0.2836189820444268,21.65109529338315,1001.7910640252882,6.174773622001048,35.05249442939048,0.7995556182935076,-0.34979887805425497,34.523552472571616
27.639618689094753,1.2116396381829535,9.707738600634494,0.7879219413847818,0.7783928108302111,22.048257141879297,1005.7034243686694,1.412566726396748,34.92619572028756,0.9485194673673133,0.6951855074251505,24.862620492197472
28.16183173921923,3.2122650227656124,12.045523031498956,2.0313672541677508,0.9702530627228351,21.070640152955452,1004.8312127025409,1.984618129927905,34.17935488091518,0.23929311629485453,-0.27467230281062865,36.881855363818055
29.827114478935464,0.6994934277778688,6.293882137836226,0.4111421043685591,0.35740160706762625,11.984736668841387,1003.3995381923309,3.4138971570070735,35.21629964913936,0.6841986105767254,-0.04394266842623658,15.953137223760182
26.532425235411633,0.44949975823797955,7.835623193558864,0.3270095096249311,0.31379115404135205,12.031989855870572,1005.8348849157748,0.0,36.57368164969665,0.6205698579875744,0.2974157982194223,11.94226042298829
23.339593179353418,0.765951254129514,4.109918809484812,0.5773930000683899,0.7197931237242924,9.117768061175788,1012.6304029690083,0.0,33.23209599570523,1.8258105847177868,0.3147892755155917,9.983942237369398
24.97964701088661,1.0658227333316934,4.922423223000659,0.8432721121431886,1.19829351063624,7.388274961295825,1016.7898220835854,0.0,33.01776691178076,0.25866668086188266,0.25028285443059534,12.087960258634459
25.81236411218567,1.5432572961768969,4.510911534826382,1.2950130046208514,0.7327983100280472,21.51344609204418,1006.2430184125227,0.0,32.643579454564595,0.13631064718039615,-0.09010096846518141,23.474038595971518
28.782131033981813,1.9277558895051414,7.420838790924323,1.0731093682198936,0.21593787310166848,6.3694939136333755,1014.6865170469134,0.0,34.064483223712614,0.7359149389812103,-0.1624260695744162,14.81838818935149
27.993172199023576,4.263517679667092,12.916879613457894,3.1398138450063224,1.0864035705912964,43.88186792394532,995.4637296349788,31.548493083374993,33.95180245143482,0.9086431834992715,0.9370863990121477,55.10361491933109
25.739015621927386,1.5408831880955804,7.927877605470546,0.93639978938046,0.32065285601973237,29.53712874066771,1001.578014389448,9.028959054955592,34.35252465908217,0.29977170704911005,0.036240121525058275,29.20971888121386
32.35841011232628,1.5131227678335244,7.947633848690165,1.0907085045046225,0.48635336606182356,32.27834984681108,1003.9818518518186,1.5733972762135022,34.66423313278808,0.6075670687718177,-0.006619984623592583,29.052826446322555
28.360635603247317,0.48247860307770984,3.7518762389407554,0.30897576380507297,0.9011968843668922,38.20241369871998,1003.2579262268889,3.3843373665874426,35.758643174330956,0.13682918690104218,-0.1997447718285637,27.28870179438865
24.49088131322794,0.45685684250354397,7.027074430427412,0.38719039588479764,0.19393355070424223,12.353795072534876,1012.8164332858237,0.0,34.186087578967324,2.0319984897391987,0.13563462217483518,11.028060374257425
23.06871596251424,1.6817419477383502,8.386576783287527,1.2471139955044093,0.7906786317329257,31.25508496301437,997.931169906722,15.563481189039983,33.9216363702533,0.1698697120870678,0.11930798020232475,29.752277086695635
23.605020961435486,1.3225140748334372,8.480106756899186,1.0990045940673658,0.5080345513114107,7.408672988215548,1010.7484932750832,0.0,36.05557892711639,0.14197706338673208,0.04432082695349665,13.42313825506385
24.582556148037334,3.3239552126477014,8.143976116380784,2.605940400251502,1.1071560101608233,5.306311779529593,1012.6476221442108,0.0,36.15412568381072,0.1270675613002346,0.18360432637576013,22.081675710393956
23.687154419225333,0.6802603904072952,6.691704990929816,0.5518002934245374,0.18491787040150057,26.512571322156862,1002.3040249768246,4.0873859066136005,33.50089364646142,0.43440652378751576,0.6672381258548237,22.084507368619537
23.95895375253871,0.44046199025811267,4.011183722588312,0.34169617581998674,0.345656862348096,6.088384158787457,1012.6565909178049,0.0,33.853088837658625,0.1613257865606254,-0.15826844720181443,8.159288519556494
24.993499271285394,1.3537453304390044,6.840756715963165,0.8578192101674816,0.9049700548033368,67.54577745150945,988.6487632490912,27.366956985693342,36.04800039491338,0.9190679422923638,0.06507930977074203,50.81163282301249
23.820422750594926,0.8337994377661972,7.30238633593373,0.4591861753294498,0.10873856728076631,20.72625491197243,1008.4740889979944,0.0,32.84145545048039,1.4748337619686007,-0.1767469583926945,14.427972696745458
31.416036958577465,0.4814199263211181,6.003196276761883,0.2879507714767487,0.15355464673627878,24.602650074877296,1008.9271074846562,9.27787304278942,33.90114115568017,0.2808405946303277,0.15314442628896976,13.165667458836879
22.842454329447243,2.463239155376137,8.156520510008068,1.1283962921576725,2.1985082425671765,8.949439301382089,1009.32661344408,0.0,34.4279054602757,0.6945651189293084,-0.14896432548104666,29.029556602494562
27.507369590487674,0.5893204921778405,6.070186620196741,0.38871418601926955,0.24807325921883924,20.68623113048869,1001.390040628222,9.135888601179596,33.304407945362456,0.1259565090472827,-0.13390504700196637,18.67178281622332
26.309166683391446,1.8996941161065597,6.122146436126343,1.2386444848349187,1.769881026925918,5.618544268088495,1012.7611855540069,0.0,33.273631045426,0.3932080652122909,-0.46083318091946907,20.23701494390565
32.314975477540365,0.9279409875379985,8.395694871415841,0.6125340184079378,0.1906943371576925,30.46717206698432,1007.1061269483255,0.0,34.32690684945817,0.3079856440584413,0.08422817398688615,21.78974179667074
23.17640847276455,0.704880932756276,5.9608596497169195,0.5918268350971427,0.30159938514761575,7.602274930608707,1009.4387239192989,0.0,35.74444341635988,0.2557437934457295,0.200419367666742,8.672357988298295
26.177483789980286,1.1642161787914684,8.773414038207632,0.9483490792747123,0.7290273327545972,21.732868754026327,1007.1117126207098,1.1997299978290386,36.1130018120548,0.7209153341436664,0.7011667236173034,24.19701738651311
32.179439549391375,2.9867088776253254,9.586278449081522,1.5372145911969923,0.5825335688581454,8.559110144849404,1012.5628979060094,0.0,36.71071089790554,0.18371446538324893,0.2143258684164458,24.205977687850808
31.08782482188679,1.1963749091900087,6.368110853932141,0.7148974264267873,0.4915794365524906,5.992723421704422,1012.1067341448613,0.0,32.81813141539439,1.282720567106606,-0.1073894431540618,9.881226441517018
30.579256744967438,2.62300433054713,8.575127615028066,1.6251675066239495,0.4396636394741128,14.195242834153985,1008.1756741725972,0.8997049056987967,33.43173346492777,0.7558810212102118,-0.4258876806901314,24.4211105379
24.707979683971868,0.6145397038258131,7.420432364426077,0.36516758374401903,0.9344434553786558,7.596579442041639,1008.1017090831716,0.0,35.753508322252046,0.8442476042382255,-0.3774504519829174,11.525513930764488
23.79431966759569,2.7708780901101817,8.923433826205613,2.1319091287861816,0.22051549418036442,23.301865889249495,997.5601278283414,18.79730806710133,34.82457443603934,1.743207486700946,-0.4034699188151903,37.49069014099167
29.020753809206525,0.8326557857153869,7.465673562910461,0.5492323026711465,0.36290828265265873,8.79734776690441,1007.0420105642238,4.39014596014529,33.9090230280384,1.8122571047787064,0.7073147124072834,14.416820937354993
31.75844788583965,2.21011330792169,8.404525357755107,1.5003131561441811,0.17602932336220617,10.869762867304132,1008.3533028425985,2.566334465359035,33.38403554336315,0.5813117707868592,0.15073367392422943,20.447633733677726
27.846010376646262,1.7347320666404191,5.158572770115325,1.372529419610358,0.5077881309009223,16.732455041574497,1010.4024336333845,0.0,33.70605347206253,0.5103695476741426,-0.15403817674166242,23.84265330925302
28.00193323943395,4.635385204205567,12.488222265890323,3.5802383170902123,0.2297837057826143,9.695997183466087,1009.6981463844598,0.0,34.34594248629409,0.34512534999833466,-0.2859508618036425,36.46548589455796
24.939780483432983,1.183866579146502,5.362297520919432,0.595348281913933,0.2828028231683176,11.647145129151866,1007.6470395547713,9.225326056360576,33.26175024387594,0.8543642575334303,-0.24963774413787254,15.393926278190992
30.07967579851534,0.5095291489636483,5.968006553658074,0.37479223321799016,0.38675840677251994,28.670724546561555,999.5214512137909,10.223777115322097,36.646171610270024,0.5635855758788714,-0.16325478807723248,23.062985798447073
23.963959359853995,0.43094612635662644,3.990091423930193,0.2689855620709046,0.11221094989953063,7.764829264262081,1012.7731348473028,0.0,32.962630311779456,1.7207199484531788,0.5106893256893034,5.820986462193144
25.39863198224456,3.205834323005481,12.15946443248179,1.8204636720219378,0.14339914759300576,6.200885124068167,1015.5217658599696,0.0,36.73798296830364,0.2635783095267727,0.03951979352978767,20.272240176939746
26.467082605472378,1.5902145239576972,7.725772352594314,0.747412797968922,0.6211616080231154,10.572412980353437,1012.8369606442803,0.0,36.12014112980289,0.32285797625202356,-0.4566132460458822,19.589002185851047
27.32990897618678,2.78838422445628,9.752697611883196,1.7982284959815313,0.3521410738902122,12.732227183915185,1010.5757673176632,0.0,34.31955195530908,0.3279577619039677,0.85866074615563,22.645062166847776
24.545302190358342,0.8274062035904497,7.4731693731441835,0.4899689974617325,1.000417507976097,15.952572575883023,1003.0044554060759,8.440596456601913,35.6812102378693,1.0839334922487989,-0.34905639877806405,22.36817678619563
23.205786659761635,1.0771966516264364,8.38481437404138,0.5931100949038188,0.6338659070408224,11.522460219068368,1008.200434828323,0.0,35.38751554789446,0.16257687147791425,-0.15679235847335354,17.50294732996766
28.41151044563714,0.44890607675620353,5.777882810506688,0.3267446788470182,0.10366026965541612,26.843183061140895,1008.7888373085522,0.0,33.4171337471804,0.4648967451196587,0.5085505356718587,16.33397503387016
25.030620809022686,5.611036313355091,13.943064914715226,4.252010521339337,0.5315362647080946,5.561587300901174,1015.0757861165511,0.0,33.95800137031147,0.4347301472675046,0.1953023714131733,40.54846585081068
28.10300132493743,2.1635560284998188,6.233446427131479,1.1854465486687917,0.14428555263764262,12.913145523522566,1004.0703127767866,2.9940052970189925,34.706427020063465,0.1455714044441979,-0.11447304986847338,20.5058571103339
23.620808510379124,4.729805384642619,12.484575056803944,2.221963123994279,0.7832703162663495,11.743534121434188,1008.9976555568704,0.0,35.24272997351722,0.41739070017183055,-0.3809784241328421,37.71913673341091
27.051971069475584,0.8936966275219711,5.682835559567605,0.7055744528230133,2.245867312667065,19.600982906717967,1007.0183023363933,0.0,34.83444841983347,0.5321605621784584,-0.28834153812375934,24.88270613447932
27.592189041791652,1.9125895180190313,8.6032473119227,0.8682848417603772,0.4409094109204964,52.45374197662477,990.1149249734876,24.134626888812697,34.533846082327834,0.140392435933669,-0.26727364167676304,49.0405271306434
22.544147136635484,2.2156122186900116,8.47038167193498,1.827536655138298,0.6166711737670421,14.997628444816414,1000.8968938702608,8.299506511926381,34.40555477585607,0.5278411341601835,0.05246112924734236,28.640523369445326
25.534344921036165,1.0113049207437306,7.852248315415856,0.708973241100787,0.22190908455081015,65.66728079685743,987.2570035716374,28.890490764922323,34.642537346968574,2.0200015994509846,0.11687163604845627,45.27871728374843
23.41135410785923,3.4153498686531125,10.228154856669569,1.976594986198411,0.35899206700426767,10.03850955116522,1007.503221294306,1.387904301378823,34.36771153533767,2.4154967750956495,-0.002029120020969853,30.73014278205232
22.665437189964063,5.104823176290414,14.103119967043334,2.800460887431061,0.9723719026286697,5.438964263118593,1009.4089012626382,0.0,34.82771933344658,0.5551617899579465,0.03627516512648474,38.7165501406016
32.394582440094425,3.8585025558998276,13.721285765415026,1.7502255015877437,0.18245327776783915,7.535653151244601,1009.8330429167542,0.0,36.31833678590066,0.5342837614339367,-0.3177531183180123,26.254186130912842
25.38471537223459,2.5495864278154743,10.101993391000303,1.3874557840967277,0.23887619223939466,12.03826568723675,1008.642039325997,0.0,35.221166046134826,0.30171022673896875,0.15259763717836117,22.644391451099935
30.503681681473665,0.919982358394569,6.565911932577378,0.46467510433652315,0.3653059904187238,10.323999126352135,1009.7216931539208,0.0,35.60726976245072,3.609036338471013,0.49818152289294865,10.64389791284546
24.67372687501952,0.9292017481098942,5.769646483695044,0.6456711556213621,0.6605467211263354,6.429297423119919,1008.7006725407728,0.0,35.06917747504234,0.29231258593506315,-0.00697708861234899,12.717503321265314
29.155778583351257,5.690597576019889,14.293228541763336,2.9398664783084265,0.31213853111090617,12.935153765301905,1008.0131316253852,0.0,35.26497603438021,0.4618756329307465,-0.013800347250315675,42.86648295210097
29.982392528841707,0.41654039485452554,4.473852831310224,0.27552145018829133,1.2823199737941489,10.777304679995527,1004.2900161970289,1.5417448386681132,34.98690426232717,0.10176302235298722,0.07905036821849687,16.026796678603823
28.254206776382365,2.414331229478893,8.534285914387658,1.6563436562633467,0.14464925732205702,6.831398752982326,1012.1201882978174,0.0,32.61552604544204,0.3577615132735541,0.441371700915787,17.28000257366502
26.951549979776665,2.3600210399478985,10.38153663002269,1.3433633395287636,0.3084907505775776,9.916006415273317,1001.348112294864,12.675910265914597,36.798273043460085,0.14447236219503176,-0.26315304980352416,22.26201639696434
26.32432959854632,1.9594990905861254,8.194265956116624,0.9092584850492077,0.6554234677544228,35.45544896471496,998.5322272438165,16.969421409415805,32.644519732915455,0.9171361467858394,0.5577965675062474,37.40478516363043
25.663116798701452,7.5,16.0,3.4867616418425884,0.2152748381095122,10.034486611487392,1012.6257110327713,0.0,34.19913643540471,0.5939732734410176,0.19742778380233317,45.72431345422483
31.76005601460217,0.9980659482972607,9.448772646524745,0.4596482267702574,0.580741891727921,22.52250664524637,1001.5480046136623,8.813518741679834,32.951997416685415,0.6094202479023766,0.06003824349460368,23.78055641527023
30.721503781771155,1.0647565028064547,7.396509491769363,0.7939355445502222,0.18072379854510667,18.256198004632623,1008.6320326090647,0.324713825754376,32.91679233689601,0.3025531959096133,0.47463359283251194,13.866564633120737
32.13278256199838,0.5315671200718621,3.846405715359598,0.30682260520955373,0.1259237027684356,12.800600878273968,1012.1963624806027,0.0,35.91216589220028,1.1121034106501952,-0.3637217258567595,9.697493458311758
23.30512084659822,1.3357243084159993,6.741530364287563,1.0265309448644755,0.15804471777262197,8.824178539966379,1000.4428148613453,8.85514344383719,34.33148085123973,0.10196577190081704,0.2327159376856479,18.552060475821868
29.674108489638265,0.8840368398705863,6.757595886009682,0.5504836664451386,1.2965692045416115,11.446617968430074,1008.8325980081545,0.0,35.944896445684684,0.34352017455108363,0.2006083475773161,18.160775683010485
31.8525747966209,1.0730560345163704,9.488389002075532,0.6773121538203858,0.46108276131108605,17.554512841156928,998.1443509001682,11.89519583580244,33.67298182392757,0.7463996699529263,-0.2774092725378275,24.763862788088094
23.902947194739433,3.2787487300056424,9.239579026621852,2.1480822011506406,0.8160992654857933,11.047193319062337,1009.096530355438,0.0,33.60279000476681,1.5310750429627586,0.21122334303383733,31.060972379731908
22.698210807351163,4.785359973841573,15.077709031948752,3.518256864799662,0.28200131988815874,8.387154934091404,1010.5249519824301,0.0,33.58029494180219,0.26042653241969527,0.14915681278317017,31.05143274053506
29.78176681754562,0.7287472725832114,8.410974731108295,0.40766205966928154,0.5041466839315895,6.733505550006328,1003.779748109912,6.521296484046366,35.14942619355405,0.567353842181088,-0.012558341891476935,13.71887621999397
28.031967688389074,1.145641346606138,6.1191729662791925,0.5712568039127065,0.40739593125518925,34.65652529999847,1005.5041811391814,4.146234400107439,36.004497376336076,0.563303090679176,0.3519861443306164,30.842324421589982
30.839202155961857,4.6238168673665205,12.906599932969387,3.109160504587398,1.4112686641089502,13.125285514623055,1009.4535180933532,0.007088752619254457,34.444722343323534,1.343714927066766,-0.15011398832518263,40.34727410534071
23.46760995457604,0.5020818418082742,4.3492834441942385,0.29160463973684597,0.7194878480326037,18.73938904828738,1003.7367106838708,2.053449137038171,34.130770229756656,0.13110252204044257,0.14461243604517915,17.14046285015998
30.350306774528846,0.5550528585926209,5.69390343384626,0.3480162137882187,0.69010528983282,14.43809309564784,1012.4510411254641,0.0,36.68639208306709,0.4314841516976097,0.003914176140638409,12.44591264014462
24.117086860501317,0.6842904407297037,6.17683783179907,0.48501047759907295,0.12135789077649026,33.84225068388315,994.6781159388271,15.823758576421145,33.00204235485005,0.2208774334420593,-0.1651438880526836,27.75345381291592
23.7183874000899,1.847030186192594,9.314129332270225,1.196229647651753,0.4589982534852396,16.084070903628465,1003.6896341744216,2.6377638710023303,34.59252053279304,0.11306068558398126,0.22600963979156996,22.184675017019863
23.724790878275424,0.6609195149697262,7.8249303334761775,0.46139553171409065,0.3831480194452821,14.176024542415647,1001.2644468527016,12.517587112504806,34.25649733868017,0.19541920284384767,-0.022707511572203007,19.022130764833214
30.553034562429513,5.911054639605405,14.51775425435726,3.9466929667692443,1.2830053665523709,41.18945595469371,1002.4427713729795,5.8960935458910235,32.921944365323625,2.3497046031911792,-0.46555226054834137,63.96400942915877
28.9845708173101,1.347009896137742,4.473630216708944,1.004759666911873,0.23388382919218614,22.80600786002901,1005.6063299955805,3.353720499763023,33.653261556979345,0.24512715898925205,-0.5803731366512944,20.06544015540952
27.492186960075752,1.5139003504255828,7.6931534618516855,1.108742234864261,0.24151718110802425,6.655875246266945,1013.2375508563767,0.0,32.62229721409018,1.7403049342768369,0.32617011382912064,12.541205271286028
25.767720083296776,0.8531788615312751,6.976028245709257,0.5662342971829909,0.3384627071812003,7.73917577201397,1011.7162842662203,0.0,36.27090344262671,0.2378398860119777,-0.3772100375293907,9.338840219608699
31.210605678537636,1.418706740435323,7.927798664311144,1.023683749914123,0.2254962419750511,26.658561414140845,1004.7442485834933,3.7484128046447007,35.11375297465872,1.7067619670684966,0.14778457269021217,22.085904087901266
26.12067362793767,2.1351262262358968,8.353217335961048,1.7068708086031352,0.16224601667379504,30.297757571530077,1001.758685906352,5.291526886504684,36.00457954084207,0.7378676359434317,0.06923316276985263,29.4331380139829
30.57429411445156,2.6256224465080136,9.913248553210327,1.6355225794076225,0.9765171506723099,16.030282936399306,1008.2120592896049,0.0,34.74268414533285,0.17209405022742463,-0.0789861219398149,26.350690997684303
26.610916539987294,2.6430202202132347,12.030603608912195,1.6257355580689188,0.467682046079566,16.318405539071,1007.6034668514043,0.0,35.07789226651414,0.6232425333331477,0.7348339600253689,27.020741577006525
25.95791650896153,1.7799871543008843,8.776578131185357,1.345133174574574,0.9891524104292895,18.99286267734452,1004.3536340690914,4.130522518583456,35.513674254579406,0.33008777563750147,0.11288590646115611,26.148113028232128
26.85813774953087,4.155458854013451,11.919773299719587,2.8382678843363185,0.9003944397693128,13.09537072438113,1008.4679142296108,5.40827897728045,36.40444999809612,0.38988070765538263,0.31447171893872283,34.110483652827774
25.16446767872349,3.120800459414663,9.8671441013024,1.4929994036726828,0.24910511573424163,20.960794328643125,1006.1898684079908,3.479377408951155,32.894533117651136,0.44807429422545864,0.14968567536893315,31.071113670990737
29.849898491850638,2.663826972994796,9.540110014874037,2.149294957979922,0.45707157658177133,6.607603457860767,1011.6108694642431,1.1054456933166108,33.92307809736362,0.42964322885663,-0.03103879809111837,22.298231712144442
27.27856409597103,0.49153811287713095,8.339878545924796,0.22724457798766629,0.13909835911579477,50.51931229730072,988.7646139072632,29.957798233736657,35.54881262001,0.7545809502174159,0.04331893741742046,38.28564424644027
24.43823329904158,0.41104275907439164,5.464925902044609,0.3080184028385458,1.210632293539047,24.416793873988645,999.9110660460617,13.430519441073097,36.620907420905986,0.9775634018140247,0.5604899679811693,26.270456752648744
31.44553301938297,0.7821199374885164,6.378124370698267,0.5893411828532522,0.33307997778350473,18.96403181600203,1009.4398053186895,0.0,36.71747194250702,0.33955059375986923,0.4308368524101504,15.560584316811836
26.03085782441872,2.14276359679573,8.13350411782786,1.781160313455915,0.32515348852397785,10.323756421512819,1008.8280593358445,0.0,35.243842939290225,1.6490934472608803,0.7331952510910102,23.287284978454238
27.70730504169688,1.2474631148337694,8.893908642863732,0.5883706727652932,0.2622785297840504,7.456881274952407,1012.6836955161274,0.0,33.33247345434593,1.7729023087562457,0.12757473254050936,12.373063879385127
31.517957165127743,1.2237505908482391,10.142506945643843,0.842849340296446,0.3778372235477727,12.371276374965282,1005.6295852929059,4.16843244834106,33.01259831908001,0.12492487518296802,-0.25692797299526177,16.867483413052366
28.554498957096918,3.8547796978694957,12.614523030312174,2.3943433222724986,0.23051380464677307,20.16841088117479,1001.2759225954591,6.18904291098788,36.56798767040583,0.10901262518704695,-0.10418093052593423,38.26130184305292
23.227429427437823,4.0146716896494326,12.350568397047116,2.3375553657581416,0.311395282142536,19.0606089277197,1003.6207241333437,2.242515998523362,34.36588906468878,0.4321003609740077,-0.3657223671295069,35.44661694273566
31.86823729794149,4.238117773052437,12.683786241255739,2.0602652761296008,0.8241279356802157,11.75226758934366,1008.493135780309,3.6237116417514574,33.33770894302955,0.6359038851265969,0.318465445106347,34.862781353797445
28.590934557249888,1.0027198976334124,3.5,0.6768977464469687,0.9087885345705407,18.300992539218964,1004.4688762918801,0.8080415839011676,36.515737817843686,0.2953589320326307,-0.1550707106270368,22.53055324551989
25.516508953899404,2.2793514274407713,10.220558865820614,1.4624690070958246,0.26320052508569874,28.529187786288244,1006.1344879514338,9.592871093743167,32.94945436772654,0.2801879069011732,-1.0193612812118285,31.364299555775624
23.462356762965566,0.9071207772966285,6.834067023127696,0.44614175832259684,0.38485919543128844,5.372909490134759,1012.3261954086745,0.0,35.637155716485424,0.7805446056698989,0.9123214944154756,8.780232845789376
30.337264487338107,0.7383587123379418,6.971558758199382,0.5131562060643551,1.031519821158457,13.38553543537543,1014.0351247940605,0.0,35.18863101843633,0.6523363277260563,-0.1497103984709104,19.210346295789314
28.510763937249394,0.7265860717102899,5.2406616379529645,0.5414383157700039,0.12435008262777951,24.895603298849295,1004.9620936920999,3.647055142045164,32.877259056837836,0.20973878372891452,-0.15180682392003336,19.33662474167159
27.601341465751375,1.0699422697236312,6.349210767036899,0.8098514161512468,1.0897893527994427,16.05966887847093,1000.149542713929,12.38487456169326,33.9566198212496,1.395095853407891,0.6350640924311283,21.030711819427804
31.385872122035053,1.299271311446382,6.722150955848728,1.0552022540157184,0.21133728773691868,19.756678116202703,1009.0330220656451,0.0,33.144701965022044,0.7836157031425892,-0.3728880077791304,21.235348389682986
30.280270717857572,3.244089354066277,12.371795313428857,1.9911840791550255,0.6106959139333323,15.178963970977643,1003.2211834974817,7.088958296639539,35.09934394789259,0.37019236938556555,0.4478120602866083,33.98967235661125
23.59258623719389,0.6043353947997275,5.51966395573487,0.5023411708191288,0.49311755471516516,72.37854918530789,984.8886689841543,35.06158124997549,34.55158603621294,0.7904956481436964,-0.1556048551984075,51.6360806760736
25.273081711853255,2.5243930735795344,12.667898015607859,2.0098504814559064,0.46227886244499883,5.786379176457196,1009.2933211072908,0.0,32.51838303604011,0.17171155878627725,-0.4133284056089006,20.122764444416696
24.60913596805189,1.6129967160737118,8.549687717455237,0.9171509463820943,0.9826990494032671,14.455534547212478,1014.4758541721875,0.0,36.6955554350208,0.4789560056427127,0.6470012164823477,20.372263801296107
29.81143607201311,0.9433609673792122,4.784525751288984,0.4846169954010792,0.14819899123439723,6.342159555578284,1015.7073163182288,0.0,34.00321399452502,0.21106403394590795,0.3730839314718845,11.78465898967756
22.352090564725682,1.4862215834280428,7.482379410292542,0.9276337596310815,0.2917994807935565,7.437373911362018,1008.7120899937456,0.0,33.610278889199314,0.12538839302412264,0.37200034458026493,15.59756920306481
27.983841691148825,0.9705475038424736,5.769472823681829,0.5927710918507846,0.44773192342364976,11.761277785891977,1008.7750479073283,0.0,33.45650470991464,0.34778961997520474,0.17867944137607106,12.064429420846304
30.005816200277252,1.8504692497608257,5.0392709448394495,1.2588515107959943,0.8503919923435747,7.366812245207452,1011.7004009315093,0.0,33.18290835354634,0.19803074724836328,0.25968557157718813,11.852714468098075
31.20603918599837,1.310216774591316,9.757596604435054,0.895342519630669,0.2097602091128002,51.41817663397528,995.4180518359891,15.806908318033138,36.79628942773099,0.7022834527822024,-0.3812553086618151,40.46060559008594
25.59185836151703,0.6873789859493017,7.291995988038749,0.5155306607964986,0.8308879653201682,46.069066279862575,995.1178402099728,21.29573869863708,33.7689707118909,0.7726397098980191,0.08906380003563116,34.65491463083689
30.623201699056136,0.5983328329102438,6.876810076087407,0.39128333368253776,0.329600474216668,10.73493582188023,1006.5050476104949,0.0,34.24370803806441,0.1965889890743075,-0.27506705015779576,12.573204481022463
23.161633238029676,1.665906552863047,8.246737285603041,0.8195078385610238,0.1942214552020911,19.293309703151195,1003.9030200869846,3.456662869860903,36.24683043956578,0.1149525816431898,-0.4361291816720691,22.027647276055028
30.88774906321244,4.123218131596008,10.34876628383416,3.271017117995932,0.7403059375094065,15.682566019530164,1007.5290274263572,0.0,35.26011626523437,1.04447304582319,0.19383366574781102,35.02430226649298
23.338630954485815,1.0744479838713206,6.208580661635222,0.61663196549332,0.1428845371701134,28.668083120832755,1005.8988661218335,4.9497753116347205,34.08538597050467,0.10123548358089922,0.45535234448084055,21.55451125246211
26.171516550883858,2.5128112354637224,10.78573138601072,2.1070399244529883,0.4254070878793488,18.823211330701746,1007.5327795042602,0.0,36.36281227447257,0.3528772076879326,-0.08417908847982238,26.113683448924515
30.371601340685313,2.119808320755159,7.238824932685532,1.053850079965615,0.12970319579218617,5.003534809075858,1009.6194761811237,0.0,35.723814069518475,0.5094232225438206,-0.024204512317089616,18.160894488585125
23.574132987162123,4.690757638357983,9.645709774668148,3.9088105395071344,0.29831752309621706,25.166036981220557,1005.5826325173326,5.1786098114734465,33.47997218242931,1.1243700041360984,-0.34835272577906395,44.30740673106997
24.407139649942735,3.1524214882495785,10.333699667177854,1.5333526999926572,0.5135438616991489,24.23271923001377,1002.8608669768893,4.322962181889919,35.268077676779654,1.1941679891440637,0.052526001130764235,33.940302088545415
29.583651968127196,1.7377701184358414,7.9153498821432065,0.942591632017417,0.4654859405455214,14.978977973093759,1010.5034095560513,0.0,36.466313542657325,0.8744583937585367,0.3160266393359449,17.87141169746673
29.56038363373378,2.1121820030462315,9.00527273010528,0.9898360275220558,0.3333767101728994,37.6509305034683,1006.0777069300282,0.1500287174629933,34.63478177733677,0.270371519535761,0.3270347078547205,34.27041658342612
28.732050145295624,4.058525679672694,13.398124188682655,2.971024480936383,0.35220255640718756,38.47159988905099,997.0822738740308,16.489243175246607,35.654533332176165,0.8641801128043252,0.24081166147082633,51.76823562928116
29.28645866690455,1.216038271245261,8.145277606588284,0.960815544325484,0.21573016973510684,15.390126443501691,1010.0677045906784,0.0,36.67574609915338,0.2698469700037926,-0.16645090851808736,18.02265973274265
27.69860665514976,1.033127924082708,7.247784971214757,0.6442879481015702,0.3738656013901337,18.11048784058338,1004.306560304823,3.684974282388694,35.46878080584941,0.24494354014298395,-0.17754516519950303,17.986864327148954
24.643890118523004,0.41739191686882354,7.544602532493946,0.3428494060937615,1.4783702024476673,84.25845960421438,978.9685488613967,41.75481395713833,32.94048636599415,0.5752873918410392,0.3283915656343266,64.00782921509132
25.629807931791156,3.2029953578809236,8.48693697296569,2.197637985684257,0.9550648020338723,9.96987377257083,1009.9834447189695,0.4407592329960348,33.55160606900454,0.7815164875767315,0.3341996262758559,25.177210870015262
23.90677602641497,2.982965561700029,11.126210732776137,2.0940503382299185,0.1706167938858868,10.494659805507245,1009.0976185117169,0.0,35.05891468057339,0.13270651020619298,-0.010198244901162508,24.260512077226632
31.5387308940031,0.576515631007801,6.9775356808194555,0.45439098776736275,0.11360495825402381,7.82575274074643,1018.1666722907236,0.0,33.684890006099195,0.1371396686540359,-0.09916016764798995,8.11784210133374
28.125613845044263,1.7760735941102075,6.337589040278014,1.0100887201172197,1.319913551319133,36.66920073017446,997.9811381223636,12.270340411048661,36.6174293331733,1.01996044025692,0.4585364827059949,35.45044073904728
26.20893987601822,1.3977391572531817,5.261624570032144,0.8270510490727982,0.43665893217047824,24.10282401802724,1005.8358623736375,0.07064109181267342,34.24301374629535,1.2775169345906534,-0.07598203268463637,27.79431093041414
26.851060938263394,0.6021880151828912,4.965025237615802,0.4892059620606826,0.447327737809035,6.5631011995012205,1005.507285956941,3.2384224266677117,34.466090744649165,0.6564730678910063,0.3110762785833235,14.307839498805523
31.946475065924062,6.705353235580004,16.0,5.4339203533322005,0.7828285090107903,61.06357962487937,990.1521627857468,25.351345852235486,35.516889001921506,0.4360389434564722,0.0021048887996655066,81.54971642018691
23.610189732718844,0.7866947707459185,7.546179782596299,0.6612902043399362,0.2700471209626346,23.38062184934498,1007.7988488979147,0.06961891996528546,34.754273844770054,1.2198244319511236,-0.31663647336295003,16.76178814971595
28.155413236176372,0.5113617704342605,4.998643011245027,0.41457905195184347,0.39592072634517117,31.60849502391539,999.4019453153566,13.542173912088295,34.1432276576217,0.8829769180641975,0.6143092490082959,25.071783957293068
27.311831128286894,1.8455863074019345,7.037532575901676,0.9245442725905012,1.6583288497145416,5.690881082146695,1004.1260296018771,9.00207017033414,32.82954286316469,0.6199209039751868,0.09202236350601667,25.748737503443508
28.4202694720638,2.5483586983984967,8.669595052075456,1.9864193941430373,0.6018377892373352,14.843659950571697,1007.7719494197532,0.0,35.064716034883816,0.3311832225871194,-0.19876039296082915,24.360112595506067
22.190156930118825,0.4527702433416849,7.49293493924635,0.2779716764895449,0.1751205628730312,21.790358317924078,1005.0790510673055,12.420618926132594,36.230594132414346,0.23238430815966296,-0.43678198372132143,16.510544618529224
31.15730104391359,2.120072168656049,8.835694965146317,1.7942606276582853,0.16434004064837376,15.961370170005184,1009.5998962587014,0.0,35.44877849956824,0.4254651551746187,-0.40150027938289173,23.346290062773452
31.78724196607793,1.6158573507013063,7.639666693226983,1.0323912749383857,0.20281994174627382,20.379765623948956,1011.6410409081436,0.0,34.14042854320189,0.30281502877194316,-0.0805189914331104,17.142470315957077
27.933898427686692,0.5743918394827013,5.868897063017286,0.38572389824735304,0.754966063714189,28.842796220655924,1000.9833935455761,8.315678599469347,33.049222077879456,0.34863563351909127,0.7237951092367574,25.5958743720916
29.31483365070737,0.7030000423408933,8.203490577703391,0.465322734196071,0.25754156939090683,11.565208889764534,1006.6689907920573,2.589692037442963,36.01025420368825,0.5349450281452148,-0.1546316575359849,10.19769801781069
31.686243502361606,1.7428323128870127,7.01334057329176,1.0085680175548757,0.10972940633493168,31.435971025947183,997.5550232322604,13.110670559668675,36.549517957594176,0.21114313326563638,0.5566091913211716,30.382240998194085
29.426005660290684,0.9623760410030885,8.705539310215716,0.46194900281000917,1.3984849358742648,7.489633723644916,1011.5102690237117,0.0,34.16957386042394,1.0844849541448636,0.004232715988920596,14.321113534703596
23.601659950599743,4.857162083174326,14.058636198096043,3.925852215851099,0.18369296035097557,9.422953584961956,1011.5580230650005,0.0,35.633161413491464,0.19436395319773747,-0.36340263688558877,34.83614809040188
28.05102778175154,3.1325185286485646,10.397904278604395,2.415392079986508,0.10432187145423169,5.620383429521275,1010.0487582871093,0.0,34.26628279153025,0.4935034842642322,-0.11562391595763861,21.36343045861663
28.370507987019987,6.973562140593922,16.0,3.5273024330712115,0.22180138424287288,11.345192390975267,1011.6644984291287,0.0,34.65974783706446,0.9221849056760785,-0.39834577330810506,47.42357758464918
26.453372048675053,0.8810566071270147,5.002442658130732,0.6702262002790011,0.22056268423753825,11.69045882595633,1010.582433890358,0.0,36.09684843665056,0.49817715293969256,-0.24958895818734894,11.108095754979843
29.73266447405959,5.995820529797438,15.26194831428488,4.199104953933459,0.3466857226866379,27.906021069694617,1002.6389805108251,4.229608965838486,32.85872467150796,0.3687312121050681,-0.2600118216565711,52.79664642066982
31.810853655074656,1.3028575173009358,5.4964966723956845,0.7995083066836027,1.238776052192237,19.823299979544537,1003.1302205520727,13.788898699572593,34.78044199978283,0.48649000077491455,-0.6163313536184432,28.413880572053845
31.718469385521153,1.0831567124459425,8.37837503820695,0.5974784056991103,1.0510723668037827,13.035761724427829,1007.1867404611344,0.264439857847516,33.422867181086254,1.2329782087039896,0.5794786240851542,17.062068426183753
26.733813399743386,0.48265805634160786,8.402567901892413,0.38317813480417257,0.3747033046815845,19.782325286911053,998.5650707535184,12.12523149317888,33.961165565631774,2.8895797290422416,0.12385596057779855,21.553027636755033
23.18899948132793,0.4867333387921048,8.381004181932747,0.35535199014813773,0.33812162612994545,5.75918412396844,1012.335932435666,0.0,35.27104394596178,0.698408216928437,-0.19019744196633565,7.0415261566886205
32.340832589104515,2.2843072671323266,10.947676210557194,1.528420772489048,0.4643656372310401,7.782949890687559,1010.8742797936063,0.0,32.617082173048445,1.0463103540280205,0.1276152112516862,18.614492314200994
30.80842990768231,1.3797732472701105,7.187161143392251,0.9573245034518554,0.22554638068671454,18.804518991615986,1006.8223997414266,0.0,35.0534479255846,0.10875680329007474,-0.2424181377747216,18.07509888826966
23.3089581526343,0.8109721088578422,5.911888329709345,0.3944783024775564,0.12411817073842209,19.356372708151092,1007.5426859315727,0.0,33.718801629651125,1.3739829415045242,-0.8848716878794144,14.36098805920916
31.66883976748241,1.9229455773719017,5.954547380528325,1.229854273126686,1.3602531453967703,25.829428091901466,1004.5218175979254,1.4299881704741733,35.37878275147471,1.9481177233341014,1.0848420716292924,30.86810006293639
31.133911801652346,0.8664002823625836,9.613330811025339,0.4570089224084615,0.19299429354573813,12.221728667920342,1008.6363739477417,0.0,33.108799813226135,0.6136387843928641,0.11635995683697084,13.084700206644252
27.447799599823757,1.77900436067317,8.905674966434407,0.948838151762854,0.1995159062753293,22.949810305845332,1004.6960822388461,2.5862473523316116,35.66398989640957,0.9409784883061607,-0.15615456376016768,26.454407296827284
28.208392075321758,1.112082453470372,6.263813058942445,0.7946069172095301,0.38778904472304787,21.127311600377556,1001.0875695026972,8.513619796944242,35.276250794980804,0.531380290868862,-0.6268701840871015,22.69728723009236
26.18952839063637,3.1755685566074585,12.708108735373877,2.586508403585387,0.4044308449212106,51.30536590514907,991.1230991608114,21.638337808861767,36.67633988138551,0.30229462488458164,-0.472952428299896,53.10646176293736
22.57499720763133,3.1498775780105874,9.210632865279056,1.9261584678324837,0.10837280671800409,8.391324558946888,1010.6961618720723,0.0,36.41831206201003,1.2473319380720997,0.6290721753442169,23.479718255123434
25.51957103728196,1.4381504267868466,8.198603819550335,0.7666775743129365,0.17205203352659298,16.231458598676255,1005.1088974963374,6.754625326412243,33.718202311758716,0.6450481707685968,0.5756784920794634,20.982433190371534
30.42996121027912,1.0912702063677067,6.705342670025621,0.7742548744969325,0.313778854748485,17.88996232692563,1009.2139973118246,0.0,32.61746126271938,0.6196196783747364,0.3136252625996317,18.50136322614359
22.04863624154833,1.1204716877967718,7.974864747854641,0.8946684275928773,0.6180225366770888,85.0,977.0241037571349,47.806772873502794,35.318084812780555,0.7457563428523446,-0.34027696344343483,61.68708525759276
25.501741302757015,3.021482694984191,10.34330854219236,2.264080135912055,0.2166908132997703,8.144747557948312,1011.2951966510603,0.0,35.09241577272009,1.26277837874222,0.5784908957919537,22.40007322747445
26.180771282704903,1.0364224986074424,4.68916866082656,0.8265499401957536,0.34747212232072466,15.369743405010556,1008.0209790977946,0.0,32.617943705695716,0.8898508496979545,0.20742391628052337,18.858786819847406
27.64265383084819,0.7752518009728562,6.508817800756198,0.5152493004463935,0.4667341328126048,10.949038379236983,1011.7304052129101,0.0,33.02751337557115,0.24228782658616668,0.279223556923037,9.445224471357285
31.658483972333983,0.5415850587658904,7.548149318591645,0.4065952524411967,1.0875522612422923,15.44851049328026,1010.341222142499,0.0,35.01421732950474,0.4773417090732692,0.2061598305551362,15.731330693472287
25.636632940842592,1.4058532196973483,7.486711186674249,0.7113980335599073,0.27758339938014587,8.697862147153678,1012.5006251840758,0.0,36.42085723538701,2.456231185642963,-0.47744551461913626,13.058626936262728
25.64300861991039,1.4528561383437544,8.777813731402388,0.8561824273585786,0.1645121866875205,5.682964261599381,1005.3419372881332,1.1518627068671692,36.39795118900765,0.5852165941926035,-0.3693563327614106,14.428355045585885
29.743763105152357,3.341243348980245,9.445943799653362,2.0241909290109894,0.4023633530927099,16.8993575520433,1010.6238854520216,0.0,33.15138573483192,1.7707516353211223,-0.12857635824292662,32.544974589641804
26.748288379342974,0.8000811103820594,6.400754808782929,0.5236677270279871,0.7179697029870267,10.729552496460158,1014.1638736446296,0.0,34.153667969542575,1.1071746876135322,0.2752738976365896,12.299502295673614
24.358350640869812,1.1674174542890774,6.164585735087473,0.9591858381625579,0.15236931354605038,7.811498325170726,1009.3371278366712,0.0,32.68577231671435,0.7580106841148122,-0.43315122878510115,15.388440132630155
26.75061491939328,3.0438005861860034,11.59931231529187,2.4341840167855655,0.34877572318167,10.480536474404385,1010.3944257191462,2.2412975091693443,34.517868939360596,0.357884068824591,-0.011371245230466717,25.048757129563803
23.4789987139879,3.1762159874418505,10.764426120788325,1.6002100020797903,0.10807533886384679,5.707502580366182,1008.9773568382803,0.0,35.738258876594784,0.3177187339570728,-0.011813328557067793,24.29704250940813
23.852063358315345,1.1768013028347357,8.153352859607443,0.6108962212562884,0.11536084682185536,47.0646282242209,988.775311681595,31.807348565723174,35.89688265887213,0.7187197887529523,0.32745889126465216,38.99023794505397
27.232861613764538,1.3833044394182696,9.121513630189684,0.8203773017231537,0.3968299908990579,17.183324165812053,1004.7083677821561,0.7837305266079725,34.645654706365264,0.43997346930123615,0.2861350374626818,20.301147676131585
26.398717219797753,0.9782082012010189,7.798202624843917,0.5539569041657171,0.2593463346800875,28.606098094174097,1000.6006013134198,7.414867455789405,32.91223960124534,1.0619352186515765,-0.3035790751682465,26.195292659665498
31.60588196121505,4.714305640636647,13.895427804586431,3.2807248071521453,0.9392601940423834,12.701650346524662,1007.7053564867874,0.0,34.13986509328073,0.9574127501306973,0.5563401593205556,40.23130622016794
25.805135940724647,0.6020694121729071,4.586406554144125,0.4883447732383601,0.5147609737193087,37.70810996833933,995.5963889194893,30.78672688027173,36.508038427889765,0.32449367199631,-0.3571339400626015,31.846595837155004
28.096177677919457,4.742897767587134,13.53303681565649,3.9599241573209683,0.3722560885376516,14.244593533786027,1005.9343036326952,0.0,33.487333993034774,0.827866221122807,0.43228380466526245,39.59880676961091
28.63877502315507,2.2425448542400015,8.236945134608252,1.5954387595775783,0.33586276579318325,16.944626250305177,1006.9897819908715,0.07726734776316757,33.87494413462473,0.5093839200862447,-0.14255071442193934,22.437788033371483
22.137491794177503,1.6133971152533015,7.388018872399603,1.2669421569293955,0.40944396708769404,14.476157075832946,1005.7285484900325,5.020615710559296,35.7113568544912,0.33430933762793247,0.10737408370168022,19.56683989824002
28.967142406175462,0.4531268344090053,5.253827075810833,0.29910035965014264,0.11857564669423408,23.50169259094242,1005.9534054602033,1.9166207993356545,35.65439739220953,0.4196041293751199,0.12909561103650677,18.452727427666122
23.86937765213239,1.4327892242355182,6.109132241450566,0.7641505927375634,1.1048486763600331,16.70713023474746,1009.1655753869434,0.0,36.422469838507205,1.4542910036188352,0.11919760424807839,18.47867597331831
32.09123833342928,1.2381171780650715,4.2926030368161445,0.81700302458713,2.8,9.436648346807486,1017.2554845074551,0.0,34.16891037009761,0.3673202682330112,0.2860747194520996,23.07757689181794
23.560958641407687,0.6812886519252332,5.22410500097377,0.4578484842625985,0.19011976845766276,7.201990560221522,1014.4115142715733,0.0,34.71277451265945,0.30330040363091826,0.18701082427673643,7.684149568500235
26.35355329913375,2.1092880622644867,9.086787689962314,1.5756023787924684,0.15772089406384973,18.044081782973173,1007.2993931467022,0.0,34.509787583248055,0.3601402767818669,0.32427719545468836,25.20890050761482
22.89617151482576,6.073082780420862,13.909283436616317,3.2670342905890517,0.1697461332232716,14.404330964637198,1006.2080120069111,0.7432045857084577,36.48933433539655,0.2449513664612848,0.2126169861207975,46.55310768051538
32.46717964438245,1.721548059256358,8.122309861368882,1.0283222360595132,0.5868257466645055,6.412586486718652,1012.2407652663732,0.0,35.80812153194593,0.5719935736836995,-0.3925593406240453,14.37962611693104
27.27304760847805,2.4070412424397363,12.183076872857972,1.4336602118100503,0.587375391824113,12.04967125435716,1010.0181585397197,4.619791030564082,36.075199653285544,0.19570450666332379,0.14442967609529567,21.876397316506655
28.25154268186046,0.5134494389381073,7.458793822966952,0.42810173637347054,0.9475191775820618,15.124037121796945,1006.2325160357725,0.0,33.072322555966466,1.120418280318472,-0.14735446587686662,15.844696408972665
22.70430301257849,1.2651405163888243,9.742565193180678,0.7939743349173555,0.7271320289802372,29.553854210529245,1004.1819601035701,6.865883077139192,35.90494077933309,0.25338474170355113,-0.33824186726754923,28.67145911211106
29.874584939191365,0.5979261196746595,6.662958830813476,0.44966291619612675,0.3687728183362391,6.108136135491971,1007.2905910766342,0.0,34.361808694047234,0.6468640504957741,-0.051443962437054944,6.346023035875001
24.204008727503652,1.918085069293269,10.203817859207554,1.4391863213698772,0.5270306108731733,10.998590393252737,1008.7379691549893,0.0,32.600356336171785,0.18013632080313008,0.11413245966228175,20.523133733766237
31.429570039127494,4.861484857447333,12.664725647703516,2.704043799212961,0.6245492107119162,29.215304703465407,1003.6377440294664,2.583714745086252,32.75837991679612,2.402515337161743,0.1373862597957246,46.7302200473141
24.153966225061076,2.134483205412842,7.87555936921014,1.4487759414952275,0.42352757806562036,19.63460853150906,1005.0524087501318,0.6254589891750201,35.41500414085983,0.4637144878329975,0.41960866079909376,27.052702737359766
24.0022210669685,0.5278602962145971,3.5,0.42636392936566975,0.3905189902782763,9.79404252578783,1009.346895749682,0.0,34.09965349692767,1.1361608684851467,0.507558191640052,11.372802768262188
22.383771512404998,1.1007801350372848,8.760622454130562,0.7045863446840703,0.5661604098799043,31.13092412409404,1000.7680266006197,8.49279899983802,36.23289696486096,0.978288525020203,0.16769829076507453,25.42943724861344
26.956702923654994,1.6799727366724793,10.334436895740291,1.3910963896175472,0.4668657848870317,14.517528964607507,1005.5153902336866,0.015422032770748606,35.657374475666224,0.8504144691804972,0.23098723195329324,21.352668340042264
27.930831899257473,1.2258979622061879,6.376850463950233,0.6568156455155194,0.5646981239190236,14.657989373157324,1011.4860601116578,0.0,32.59322405016793,1.153944996302667,0.08335816161147933,16.85973087904672
22.6899407139977,3.269800434570091,10.504713222630311,1.568404386071443,0.5270299278708718,57.56269680376302,987.243600065035,28.035904044332657,35.45361974089481,0.1635254614666585,0.3185289122773546,59.40214557043309
30.14303997529761,3.096996288611489,9.443800148964238,2.4979800645142203,0.6715451611101257,46.155295429258096,995.9493563348881,26.688680713629623,33.327115632749134,0.7808494109820748,0.2204458485929725,49.25029419525516
26.759532764854292,1.914103230352317,9.019366141850409,1.510366181389903,0.5632611638717842,11.215958624113435,1010.6226077908004,0.0,34.31710504542682,0.28540654226644074,0.030929167149768632,17.316727299526512
27.50609782793959,1.1480630083444452,8.753912232974862,0.9724506413617401,0.4300447745568946,7.120951307944643,1008.2219778754546,0.0,35.18636136912874,1.0247078458512595,0.8031938984515051,11.998110117904869
26.628008842851393,0.871716273552367,3.9549313315726993,0.6291676669918085,0.6152793139106442,10.516431588930047,1009.8890174029946,0.023789215658871044,36.25268671757148,1.9861046289514834,-0.1411641772046366,11.2220737890674
26.208012139190924,0.5790542880565777,6.656455514465218,0.4775316938284352,0.3686030031549755,5.433405533923475,1009.0338188501503,0.0,34.46122092008534,1.4905554642639245,0.5590599348479182,10.209716216477874
27.876223478736286,1.1013541512214533,6.567429814619898,0.8599148646996218,0.22448721184967418,5.293812012580582,1015.9933224788111,0.0,35.97650895302188,0.17326818971555924,-0.424002524214428,9.430529969775963
23.63002258227248,1.2528390380571195,7.4252018564528495,0.9869496770842119,0.10063865204197617,12.047463201895663,1005.6229310471143,9.2676956507294,35.86675235004272,0.37679516107930966,0.33476578775800925,16.57692612671308
23.910245370200347,2.2023446160399724,9.652711311383387,1.4924334265997847,0.4694045822335019,44.627754172284135,993.6621746463635,18.49099877171823,34.28251560526041,0.3718385945943673,0.5527989231043932,40.84829551743893
31.04874902064193,2.117459157850002,8.529122825970772,1.2767131888310501,0.5019388800891423,33.71003527676339,996.4467222139131,16.24714127035098,34.65421470276148,0.1782677053010362,-0.6175266748527718,37.32389489937219
31.934212352403144,0.5162991660478898,5.773958218777532,0.4253392461125183,1.7097854687339296,15.028183068903354,1003.7388284380842,2.9443634601458752,35.5120855432142,0.1619683104440884,0.09863270056928292,22.196849613387037
25.919747820937406,1.2047288534123315,6.847699184810239,0.7503615958433538,0.3018698522102034,16.661017197784926,1011.9132270265001,0.0,32.633938268981844,0.3915726308822354,0.3003949144354153,12.752334663626586
24.842819068007316,0.7209962327004675,7.753267521543264,0.4798429982724348,0.32549283538405216,5.08331637834164,1013.535193748303,0.0,36.33048907933676,3.0023786712049993,0.13818726144482316,6.768002348739124
28.761995204009665,0.6729058708542417,6.83937050772888,0.4228848164190532,0.20142800283936182,8.397942522075757,1010.9629039444823,2.6833824819706713,35.81020948558208,0.604908482535432,0.18235457746243716,6.597015702393552
26.291708796530013,3.209938786751418,11.108765122758594,2.1696853394174886,0.13291541602182688,5.351206381844157,1009.8268311880234,0.0,33.57248829003002,0.6833701288378172,0.0976781068318322,22.42753405033521
22.26655673443362,0.46851040740962335,3.936891151698898,0.29900429383312743,0.766874965262635,24.664671236326022,1006.5667943358296,5.974156452886691,36.71907379871259,0.4820815566939729,-0.3329867392265572,18.186088319956834
23.639602272344998,1.2693109316265385,6.716890062108039,0.5955442178192883,0.2292656118833474,7.203731774034404,1008.561090186707,2.031296483695993,33.27137851613536,0.751412696449482,0.8788159572544046,14.378099673696292
29.517708402897675,0.6946682347033886,7.59840656297486,0.5576930481354425,0.5224619918894474,33.46084613862328,1002.6029224141454,4.4737509249308225,36.43057269692893,1.9832363762963787,-0.1262382521605297,26.28436952940339
28.91870139005659,3.783516030783231,11.8668737150957,2.375130668991972,0.6238112074576958,19.432996924564094,1003.3806439071273,3.9706218666506454,33.89523587078938,0.6330564570096471,0.20195643357261678,40.202077140474074
22.284507921286576,1.7028431443313825,9.054414864180195,1.1674308766524222,0.3867464670578159,8.648541167789627,1008.5053128841066,0.0,35.78153085370578,0.14034993035866106,-0.1763938869798995,17.413977733611425
24.330707700295967,0.8210550524801299,9.127666794955685,0.4151871130952796,1.0406428182716698,7.403004168741701,1013.2265513241659,0.0,34.462419350966165,0.5074170752656608,-0.7465521165072444,12.800151446832958
24.42628536417475,1.5168217225820935,9.288188204460994,0.6846252797270912,0.36397812778675964,18.829942907037093,1008.8379761295697,0.0,35.66680976603501,3.056157667898506,-0.2735795058121391,19.619277716285865
29.05487380778665,2.503765703156792,9.646515772231838,1.3723541359361848,0.25090522503051654,37.35386167015825,1000.4114169375074,22.083553642427276,33.16986710613927,0.39402851539288286,-0.45666234229629826,36.26001047493244
22.206960646420825,5.476638962550405,14.09146637729714,4.007992859567801,1.1185811426023315,22.739769552622853,1001.4875431310614,9.459586656667755,33.658877771061874,0.640665785787772,0.4320486387285713,53.62883518147062
23.093140110838025,0.798453317045254,3.5,0.3909848733109136,0.9898071432908544,10.999692880061264,1008.1305340992769,0.0,32.92938864522971,0.1676572125591198,-0.16240380561555923,18.101830604367148
30.399118896418486,3.8770441528098654,11.72610209134848,3.154188563289511,0.18062850278050002,17.39331687619634,1007.3087422157499,0.0,36.22011912018255,0.19131790339757565,-0.129931968712987,35.06399018660267
23.874718951570504,4.756350361539302,13.07241190704547,2.549446732891245,0.1118367792624562,10.210354764734792,1007.2478933876142,0.0,33.77405984740884,1.3461378451074848,-0.3225157494113077,35.7720183634266
28.853834132444685,4.371132059333903,13.45358699839409,2.324731709326567,0.14243266335426782,85.0,983.1128882803879,34.88205066608015,35.48624778649165,0.314300434746842,0.08291238955028588,76.44568846126407
24.50091920099063,2.014390071254425,8.395044287795935,1.0527266663620793,0.25193767389462285,24.3432660621401,996.7704613778553,20.35797682155144,36.02695115028857,0.31869577509541824,-0.20076048072644825,33.57823836998977
23.044134623973125,1.9900282768600506,8.1014733091929,0.9066423262558054,1.7131927226961838,18.34069943696816,1004.1117287445527,8.139885630589264,36.376098416431184,0.39384272101374407,0.39732415593637593,31.97257757201221
24.55330800549427,1.2259056755973323,4.537531820314367,0.9301218357246098,0.4679262309736806,12.705071279785003,1007.2398005526554,0.0,32.95707759584039,2.13734404779886,0.1557137630812063,21.10617127025039
29.58380278448442,2.633491496505047,8.330332949983985,2.106829572300338,0.3102518174288628,18.478267816506566,997.8594704930055,12.984605788892065,36.33996421410423,0.15289918655154183,-0.1501390250035568,30.179584812115287
30.984812915116002,1.6124473790756242,8.61738184353696,1.1217233366478276,1.0880517865789454,10.851538365832964,1005.3430321057132,3.071318935280527,33.348186944242094,1.1247734772725606,0.3475815681429567,23.886801875364206
30.71730857795341,2.210336214371337,11.552466632567448,1.1610453904875104,0.37160008412624057,5.410054723613752,1013.6481989455499,0.0,35.668678649841134,0.35072719181782874,0.05277918305813333,17.735318904026748
26.170427060993774,1.2950674230443857,7.184833285861459,0.7305620365097693,0.27040818881867323,12.037424094423212,1009.1342645178376,0.0,35.634050783267824,1.2361478592604995,0.05752391699148286,15.219784544978488
29.014893933991786,2.503825913313018,9.998603254324617,1.6033767000708092,1.3752755203451095,42.326136221052145,1001.2909990339308,7.675771900562609,32.5365635094861,2.9789362609837746,-0.46192221630617397,46.93384110648354
24.15233510186612,3.1839263302283274,12.159784629840196,2.6481937300108425,0.9522593132604504,18.78026820866848,1010.9026277223204,0.0,33.448682805734094,0.357240925973194,0.02511985352514016,32.37121559333682
25.07805116774064,0.6533360877275001,4.959664053609125,0.3586426705003487,0.9350990782534109,6.22766778938115,1012.7348053401844,0.0,34.61520661305893,0.1831135191435633,0.16254062376129946,8.722318027955147
31.411526094471757,3.262945104446655,11.423522252932141,2.4232534651545334,0.42311058997709705,35.278746630517134,1000.4131720167892,7.18161090282609,34.30614923865211,0.19355419897019205,0.5167483877694208,42.2411442156766
22.13652019686273,1.6434778107068726,6.8475248997741325,1.0284543763926821,0.8010896619088966,9.384388808170646,1010.3336332282547,0.0,36.44986596350382,0.953130269051359,-0.21316277046616294,16.522220180087377
22.897839573971915,3.379483290295894,12.380306580269128,1.9233955353698058,0.18894819845434355,8.911726643250333,1002.3652194461996,5.23554357582848,34.04688573886085,0.19393723756179992,0.8473380181849289,28.842387716171714
24.182805679033287,1.3030483601562937,7.572591620208928,0.8240039677126463,0.483172097933959,9.935389149179624,1005.7252788691831,1.2485317114146302,36.529029973794636,0.2810049653957823,0.24490391089014513,18.78478422052696
22.278588140675108,1.1623830288438217,7.539967172891039,0.5561801549835615,1.9565122626615743,17.052058393906442,1007.2805907000411,0.0,34.47554606908788,0.23719399007907213,-0.4817941566118325,26.70729019763703
23.905072068442873,4.345310044914175,11.647660184717632,3.343607222471298,0.2547285053605385,16.014816203283182,1009.2537410425381,0.0,36.64671745555271,0.3637345319339975,-0.2458193399299447,35.64434971859638
28.121936390181766,0.862787699825924,7.61356639910284,0.47222162924472055,0.8117159097884774,14.465686586261848,1008.912550253836,0.2368594128925352,35.6706256831069,0.14636619532304412,0.5473497074758866,15.302119864848866
26.424957781221227,3.37481801334717,14.201741805871432,2.4979216661870476,0.40342737108713433,22.698901181085976,1001.9759987281706,5.00614103016515,36.06613874401827,1.2658668675591096,0.48513020003683804,37.42981295489184
31.373052966308236,1.4587014135994298,6.113795001336664,0.6962955825392236,0.11827882076173282,10.328173584516296,1012.5594414890783,0.0,32.9509706199007,1.2802950922882075,0.05633271854617592,15.023181409387432
30.58315739825363,1.5547888931484883,7.288981496195993,1.2936456527122462,0.7478996448340774,26.32978722723386,1007.605654992697,5.253173073309339,35.02040816294218,0.41956969183076154,0.1024711960702482,22.72785373017062
25.589082192827696,0.990154015662373,7.1296884394444096,0.5220151322010546,0.18307321300946394,7.698666346173683,1013.6439297171554,0.0,33.11361154726621,0.668185394914549,-0.3576135958040899,10.08601959824167
24.72394605102857,1.7617121618033043,9.350691209239672,1.414825453367292,0.5492092775240128,26.365567087153575,1006.1123880117082,2.1205221497164746,33.77977030881919,0.7162522149561401,0.5125049590823697,27.109891344938802
25.986770285756304,1.029368832703979,6.013544470932959,0.7965145718715837,0.14030081759321125,20.26110762004887,1003.9795135861142,3.223603930923585,35.18133124651925,0.9299987301728018,-0.2957184803710635,21.657012844930904
28.19809689640548,0.4640980113963628,3.5,0.38851685155893123,1.4207340502080676,21.093151886257633,1008.5423868855257,0.0,35.62277053018373,0.5412447351523343,0.3456593888931961,20.541475604869934
24.8146682286402,0.9079237040824184,8.67304690859439,0.5821209704499923,0.2552145721554021,14.19685536654853,1008.5915119435218,0.0,32.668490262648376,0.5284215581047149,0.5232148290327983,15.604281209524133
28.553563532415907,0.41023916231332597,6.8791896715402014,0.30397036563953406,0.21555278314072085,20.394643483205346,1007.1368722101286,0.0,34.78305804361116,0.6986693312713586,0.06685444397682813,14.24205359207628
26.298822348008024,6.5327535362456395,14.144535069512154,3.908443633585549,0.162221464301323,6.164254443830679,1012.5580731104262,0.0,34.93085014104651,0.8285116611042361,0.3886639781427695,41.67741267343939
27.796495398945794,5.79837960396023,14.52573009945908,3.0368856341626946,1.4134653327846454,31.705204435731176,1000.58045450426,8.489899128710698,32.83896038757386,0.35542246447332115,0.696673897808993,61.25717498838929
26.579328555920824,1.2044536703019038,9.520290250834416,0.7554699250935096,0.6600072821740515,5.8000944318843635,1009.0317183967983,1.3593668067547977,34.652958547063285,0.3406183988230139,0.14378907972375832,14.070907468327748
25.091890475190134,2.4853081249306967,11.645249252562053,1.2831636060764895,0.7090669775325072,7.254552269884778,1010.7664214276206,0.0,35.569521804214254,0.28859504284446247,-0.011355635751181183,21.938959743473564
31.958759723102645,1.078962377371425,8.350092313286982,0.9093687501717096,0.4113806553335232,17.03840512613168,1009.9444709769825,0.0,32.728877324964785,0.5775686591336642,0.02660149985696917,14.15681343966303
30.01786083867749,2.179169152878301,8.658335824241147,1.064521072621885,0.3897273909343123,23.82737602570765,1002.8643001028875,5.05824333952781,35.769151438193035,0.367918238291816,-0.21004576593523094,29.639684516608387
23.471188345547752,3.019141607576548,10.558936021856551,2.0701791753885237,0.15245095828175131,6.110417002726867,1014.1639877278781,0.0,34.97863397108779,0.5663260229511784,-0.21795432745790566,17.27317070675888
31.118913746928087,5.092599603976317,13.97029057946818,3.567801654258255,0.4692787618903641,40.49468737760974,999.5369289740137,13.416252456334757,36.0828769955687,0.41251018791540417,0.20484236733899608,55.10284654660919
27.11802758161989,1.2178871671173046,8.884556575714406,0.8101772932646495,0.22761062247741115,55.88553453351366,990.0914971186702,26.63498500624175,33.4376690632725,1.1874253747424457,-0.007382437752249615,44.033285101079464
31.39279838238796,2.846771299970427,8.810424730204105,2.03508379486267,1.8003699679092997,18.037890785258128,1010.739033516929,0.0,36.083076842116405,0.14556533154193493,0.164649211897943,34.21036167828951
30.398480187446808,0.8946380422648418,5.401648993750408,0.4441630154613589,0.8166191917829718,14.188488279260833,1007.0910412832028,0.0,32.90661219365011,0.6094745473748312,-0.47147765244839995,15.848653762705124
26.46474179692695,7.5,16.0,5.040055572615874,0.33972261992589914,23.934347190635904,1008.6733211563997,0.0,34.23646769471208,0.614280901929452,0.017583411184500977,58.416138255653166
22.235927737361234,0.44177192277899713,5.7286472777348525,0.24955034516784227,0.17384415722924806,10.572403958765294,1010.9490381380724,0.0,33.357784603555984,0.3904297055518773,0.4105412475316621,11.566575302569918
24.821112273541935,1.880243028006313,10.452138483592076,1.5532131578509343,0.7923975362202453,14.516723688307096,1007.9749277847483,0.0,36.26688957885076,0.4278933336332227,-0.3416234969416063,21.847938237889903
27.687159253939104,2.123772353287699,7.815521925447039,1.6030842424992782,0.15857646641009593,39.70233251291037,994.9885765889651,25.074374724231618,35.53115521009762,1.0660569595835536,0.05578424494709291,36.61376484730025
28.651521308174544,2.263836988955681,8.992739039611989,1.8993723478333782,0.1944544792862832,48.62070867826654,993.7149275008969,18.741047049920528,32.60905564179113,0.297664128229363,-0.5991132588144438,45.41934190504918
24.707820697048625,0.60523823835201,4.705809351767688,0.28144935505399554,0.20694200236891636,41.65540314168831,996.2364966364687,16.147825118817643,32.54095042914001,1.3306467699590556,-0.4069117077956108,28.818720344351348
23.463238777764655,4.862724008942453,13.763947238231765,2.742835378702994,0.46627240294124117,9.261862857997098,1006.4114026086014,0.20721016108782608,33.75237179427118,1.4600025048762026,0.3326813106873173,36.10314592774996
30.76676748639264,0.7198320065861852,4.077877206356935,0.38019297603264146,0.7960281084223332,8.704070465964012,1009.7631247164501,0.0,33.11611739140643,0.7309558797747484,-0.058249502659532354,14.471607437807435
32.3362228973873,1.9597699240864603,7.796135731923185,0.8906406357306359,0.26980154358375985,9.946817082734603,1007.492842249171,0.0,35.21030925350884,0.9893071876039832,0.6877255029384898,22.994927442961654
27.5197469141782,0.8030370062433323,4.291085813845822,0.43920526439059365,0.13981168903821942,13.150275174135237,1010.3431561175865,0.0,35.354326815695,0.6695170056975649,0.20135508864850943,10.524054413048535
23.802632501407185,0.9872601898222678,7.8179531914669695,0.7123184879548905,0.38108179854274515,10.279704122141844,1013.6860220827732,0.0,36.55038888574388,0.5469916758475522,0.2357084827112636,10.453359989543522
24.859226928453374,1.6650697522316364,9.072009563656422,0.9031930582330692,0.7204436884480542,11.56242852953405,1005.5582529883649,0.5322913067153556,36.59377167554711,2.140918038701106,-0.32676871746321473,20.582353496962934
22.1931021037484,1.263839859102867,4.679517650658643,0.8260474737249406,0.21276854642298085,18.569662714035083,1011.4905914793216,2.015084215967004,35.33325583326879,0.299318999615406,-0.08478688189555851,16.116350565175786
31.60013746888524,0.679395193292694,8.223739966177709,0.5469995809118725,0.21176408381230377,25.127740856049233,1003.2676300737655,4.943179368511091,32.52440298526665,0.20044861553403098,-0.20642266371666435,24.149693075290365
23.23638637034648,0.6999334572337412,10.006002912650516,0.5092038076244709,1.4237902454016291,23.62187716414028,1001.3482805423031,6.3106526051132725,34.04369104124934,0.3033728944554771,-0.322904608842705,24.983515043525156
28.053422992899662,1.2664538225805366,7.348626460749477,0.7698160177947998,1.487107617844566,28.58003822285377,1004.5050133076847,1.3808138707609081,34.706508506963246,0.6721239828674532,0.28236259413364734,29.389384392273843
24.87757981721566,2.665374454197967,8.836002627219374,1.5965261822925076,2.193788268608782,5.4579919265922054,1010.4132281248734,0.0,34.6464729529864,0.2228753610998293,0.3525805530190378,30.913547581085346
27.818869026415832,4.0518974819489975,16.0,2.5619917857630314,0.8418198557065641,5.6847491082645245,1011.414010927326,0.0,35.09436470685957,1.5369126259018502,0.189628017958607,31.32143769950222
28.839914077694573,0.540605269279375,3.9946367372491087,0.28155618554283846,0.19381679823957076,26.807992838017455,1001.7485799811213,4.943641188153664,36.63037137606047,0.4176223140786357,-0.23982351762909543,23.05762342580191
30.712288938925617,1.199036295546668,7.18842503228765,0.8436423056104849,0.20720518238658883,15.66232747971981,1005.1005925362854,1.6157174759403086,36.30632857540716,1.2381235224694886,0.1657555122841119,16.994167953029674
24.167423353486335,0.5690134423499946,6.293657605177875,0.33893918871356415,0.28713554975942657,17.083167189335768,1009.1377457839498,7.1648456007835915,32.9683045438371,0.27199878974426095,-0.6194374405129797,12.918476603055872
22.115456200914046,0.42677068438018645,7.785908662562957,0.3375526253496915,0.2723139853710245,5.756280269881653,1010.7708627390132,0.0,33.64371568299159,0.3253996450816605,0.513053244047814,5.3401998051130235
23.437299115722475,2.1342038876778235,9.381175460510265,1.6062468007863768,1.5110346044250276,9.127093025469916,1005.9318298482688,2.8809320000687615,36.08237049490443,0.13662974295434763,-0.40435256147310283,27.463120153193923
31.450195739405103,1.8758930607272841,7.628656665626435,1.3022548405285341,0.8003115265429546,19.23926404901554,1007.731130470112,0.0,36.04451970792259,0.27885580090435386,-0.3421606438534622,27.401006187479464
31.175845814406408,0.6847264717638994,4.805731093593085,0.4078784734631041,0.6793238212435869,32.44400711018646,997.0239559015578,13.88630455801696,33.684094113723184,0.5043760443750152,0.0903522943495674,27.814214332331396
28.272837572788237,0.8261260733887131,5.974294201730481,0.44112879693680723,0.19258738061967362,39.84200520122921,994.1346879285269,17.309522602888446,35.641528531950314,1.8527859794014812,0.12145584608471598,31.7973172139595
28.30542703455336,0.43838928743809386,4.278709675970853,0.33337784440674717,1.181209551426343,14.715811341328418,1011.5183668861497,0.0,35.389760728486785,0.39549972012969736,0.024537990541875415,13.884210950781007
28.982885082735685,3.2823838252338153,10.980028865097893,2.1157052649451753,0.8917783653097018,16.039009426568168,1003.8066823031942,2.390061647989695,34.53615304937083,0.7125640327660219,-0.3385447793438038,31.543074726395158
23.84139842554622,6.282526807400674,15.462253983530484,3.391936319255733,0.18041425218039037,30.060821838717985,994.6726799662159,17.33250963799687,33.36625629651983,0.43486577700030804,0.44667179776115223,58.47211988325594
31.60132543221208,0.6328914714031855,3.898147958591108,0.3342109018487214,1.0221688674633678,15.799294314865772,1009.362992678175,0.0,36.32116567784457,0.1287531906717203,-0.5400822203742376,17.903116496612792
26.39709051136677,0.8212519420453996,8.360972178244076,0.4238976995355525,0.24300743999190186,15.184240645998203,1006.8360753279103,0.0,35.41476009251939,0.5201425056591156,-0.46914414665695564,13.91198039923367
26.022954546619722,3.644897013003548,10.814305838262827,2.7732726649204116,0.1379473443969189,37.96668741643478,997.7136927592302,16.24963202047161,33.22666957697701,0.1409118338067434,0.012556029815931548,46.234635337152476
27.448635905469793,4.575963918735865,11.334529846261589,2.478318602545983,0.5812781091181368,26.84458393109574,1002.0028466130276,5.285491428519831,35.5306500828157,1.390948942667944,-0.3924818936455357,43.906883305070195
22.49314265113808,1.270535901253727,7.034575920525397,0.839388316734693,0.5773384427408793,38.567703165000225,998.814190866762,10.700223928636062,35.68816499418101,0.9391099582467021,0.4779188466965738,33.42788625621821
23.745975371938833,0.483117988983344,5.972169729121507,0.3046631629809249,0.1448853447485534,8.447031212552764,1008.2636529514749,0.0,36.31358522602047,0.3855178699389167,-0.3623751223945202,8.447501249563286
29.74935297247689,0.4643019016493667,3.5,0.31658163283357166,0.27278892481742945,15.403772029811986,1012.0856149643629,0.0,33.45820879754032,0.7133553028988247,0.5949595032736094,8.796917568941542
22.869386013213827,1.7651172069649976,8.67468247322564,1.413615226261794,2.3210582138194495,30.874140250843393,996.8584272793128,13.755441605142233,36.75164265327764,0.17128914575593548,0.4122927580200506,42.58166758907376
28.333097149397076,1.1984859205901777,5.586538304026924,0.9553118761223107,0.610538349213392,6.649540793739905,1012.5965785408443,0.0,33.15959171686576,0.8275155407237217,0.4822695074276543,14.068135343963807
24.57616565165387,0.4465134746873714,8.37026746822345,0.28149568128085645,0.6893252891064734,27.16338079923936,1004.7414415060606,4.587623487494099,35.0829622349962,1.138056924664298,0.710487094033636,19.63005175671439
26.087603947440755,1.800439196431625,9.026731321692028,0.8212640384442281,0.20773987084155798,7.829170486985189,1008.4972686346237,5.500321413702885,35.32585897267595,1.1347262847147919,0.07842977343351794,16.621018997746198
25.031284236092347,0.4181870330598692,5.152886674343789,0.2595174728283106,0.13692639185733146,28.11230059407577,999.3531434783706,11.375303581733512,34.3014974496432,0.3006776941668285,-0.3045411085369852,22.18946332719848
25.734563522881967,2.8771374755074954,9.061095800437467,1.992352721551753,0.2458945407723163,18.254532980436494,1009.5349502388013,0.0,34.54266214771266,0.2837082257945167,0.013947243480975383,24.219191946259823
29.54998200443458,0.9854514829955716,6.616361108046593,0.6633132109543484,0.22879644866648097,8.006137176934997,1007.7307730180354,0.0,36.33091341590519,0.5421311635358885,-0.14833296189313694,10.286184377188864
25.119778014043337,0.4657452540407479,6.75752756964828,0.3309280443430678,0.22027765416704478,13.977178327939232,1006.4246994544792,0.0,35.27467918756148,2.1609547981527713,-0.19821694537980283,15.315935708599897
27.94724872311742,1.8201395209143492,8.238009944768029,0.9312385163666913,0.19635725043897045,21.035680107768894,1008.0001762547685,0.0,34.63710412040915,1.6193723953538173,0.10279870288239132,21.188703046482953
26.998529223090546,1.211157988026498,6.854346167742412,0.8582435543830382,0.4847911433656378,19.06608162639074,1006.2534842073974,1.2985103991499596,33.05190311846415,0.36743343391145167,-0.059096474972711255,22.98365103965077
28.968547236307806,6.227218632527974,16.0,3.257213010038634,0.27894291950030115,12.802214873408454,1003.337068755121,4.532773835114332,32.53155178845948,1.0080118365221118,-0.21327338951094876,45.45190371674676
31.83671226290996,1.6571171644510847,7.07702249915652,1.243185192300883,0.8725226579526196,37.14778507009981,1003.9450306400901,6.153585640571514,33.037365058052885,1.625402720869242,-0.03589083740554039,35.12213807141816
29.692007020707628,0.9150617334986888,6.132302230033083,0.5358922197544423,0.1914744192317236,15.254101174147559,1006.1288672401876,1.8659075090991561,36.61159364014897,0.281414714719588,0.24214246247129673,15.652647839079753
24.256873975202947,2.377506041707391,6.150822216715799,1.744989991506283,0.381156270006315,14.869316399707758,1006.6690684362834,10.753058855651329,35.78557316686272,1.164218482755964,0.3847460223074436,24.75682274557096
22.32742291814349,0.9068106806859229,8.092848571513212,0.4254268208388598,0.10618838321384107,5.899815267728467,1012.3380170585027,0.0,36.65860020829406,0.2870993133973723,-0.5110233696168462,11.967327798264233
24.753772465148163,4.153511343595457,12.924517088954467,2.5467006017743525,0.3957251264140075,40.73627545035002,999.1014699114563,10.519319088401065,32.65354745174514,0.3523004608456859,-0.056120380214989746,48.32556628865588
28.248318272352677,1.1512942095563434,5.912145811151273,0.8427632595079937,0.1258559880983572,7.72917017899587,1016.7007133884055,0.0,35.424947736592145,0.2330023002100863,0.0005298780838534217,11.67145554805272
22.53997104158463,1.6771450498337295,10.866963561733572,0.9069131777926134,1.8119005753566237,15.521095800424359,1002.6287561045493,5.500591744037825,32.6904621635347,0.5244447893714396,-0.36388200777967117,30.00333118027166
27.21184559561298,0.4830347897756998,5.9999873421848395,0.3710261795970505,0.8035621260557756,27.78411708084884,1005.0373378287812,6.131663419676208,35.86284281613594,1.212094993049544,0.008102993435755379,28.207065853561588
28.266849913627336,1.288539393466324,5.765155550276589,0.9049565409421972,0.4031034214583452,8.397088111843287,1012.7714045655089,0.0,34.138085742761334,0.5505320560997612,0.10179846333900969,10.978081770813212
25.509560853578087,3.2575321132872967,12.148663936122821,2.231489987506468,0.1407553920675071,15.492291580756127,1007.2093263811839,8.122549858545913,32.91179104845793,0.179050080365866,0.23159209084834675,28.11173397679525
30.09457813933113,3.0209415597944367,11.034767132393881,1.7866438727409308,0.5039112104346175,8.854738277177539,1012.7157523820815,3.4465377472187715,34.94260055968631,0.27403167401171485,0.07700530897108461,25.122535860262364
23.119281657904605,0.806421371310968,7.043428446586072,0.5185132876242291,0.7398903421519587,24.961848479672483,1006.5244138553974,0.44595608843914114,33.70451684538597,0.5965036243934537,-0.25833229349914444,21.461812870183156
22.788946708225993,0.8100569112629827,5.8194690332959835,0.5580803819464308,0.19522311451161134,16.632541718897635,1003.0054179960812,4.200228030866213,35.33616795004882,0.6250712151977619,0.7542105096501464,16.946760722273822
29.645981940137837,3.1199022274789656,11.291567595129191,1.9935702430065294,0.47791543483413323,32.128841002349354,1006.0197767519693,0.0,35.330151465909296,0.6160964046554274,0.3401943700675593,39.38109164115539
27.202658820165084,4.66394882109246,13.002470442634786,3.4015360110699002,0.8574143998827587,36.49431974588299,994.2966404040455,17.02596376853891,35.531532138719236,0.1480778970100998,0.24345191062745336,55.47414722402472
29.228225162491228,0.5603507565820055,6.842543539316373,0.3493668022994145,0.7579389183120968,19.6469404812268,1002.5041344875432,3.898011096127683,36.76759983874436,0.94071297863495,0.4016909399538276,18.538591310055335
26.565687055339335,1.3567097977251568,4.5846609548893245,0.720289811970902,0.8310299646808676,23.093710706936605,1003.7054619821538,3.875512191429541,34.16280015277384,1.5409674168999516,0.13561321013366695,27.296206067232987
24.587221349010623,1.0586651369901707,6.254787052113524,0.5669930066359353,1.0515885601853507,16.154865189436666,1013.1228182262637,0.0,34.50085654028593,0.5286457156573541,0.5002053099326842,18.12517280801276
30.600574335579097,3.672849139602225,14.194361097996298,1.6613086597814999,1.3489779743593244,11.792863742070036,1008.2193450404758,0.0,35.95983031440896,0.8612759642376179,0.0699051826000175,33.807446706610605
30.393866729174285,0.5395526346647489,4.820593559296097,0.30775169694008336,0.33403156675823464,19.62242835331414,1005.8243748902476,0.1587460252346058,34.9869910989941,1.5721528833494072,0.050611611095964404,16.00759886159376
29.29431294397148,0.7794377502261778,5.497230504167341,0.5842408599214899,0.4785002232952933,38.447523831643785,1002.4649024692721,4.469695639443075,32.66020600595754,0.7173780077783068,0.27232996757692135,26.90222965564895
24.857523940914607,2.633946841939431,9.069162307816013,2.021989022444298,0.8037069807325337,12.546280144481004,1007.9329302186937,0.0,36.12523763711738,0.7731145310798181,0.6017251412018232,27.907224627314662
28.197422002125414,0.4842498703606001,4.049440562816115,0.2571303940671085,0.6375178054583427,10.284657504531895,1006.2298308887537,9.076585410234385,32.721444332333576,0.866796435432351,0.5792170153512575,12.611290275068201
25.79022591787028,1.485325257903404,4.3611642998837485,1.2381932748540256,2.5336824335756214,11.884320846733676,1007.8547516162182,0.0,33.23452658691467,0.28107058711144983,0.2574966593909984,25.185419007976613
22.961611769929657,1.3337410454764318,7.054854284072158,0.8682135612749798,0.10619742337784037,13.002869922379821,1012.7582525922021,0.0,32.938943857989,0.6243381236206399,0.23081415050187987,11.700575786118664
31.63179254235355,1.0513090572703,7.0961454392090255,0.8587003014386515,0.2974201835009729,6.069699482355378,1011.7133069690191,0.0,32.835086671388815,1.2077615082984892,0.2936148438837701,11.327034784670822
23.436595624649094,1.2029122461937245,7.086484440340726,0.8813811558815421,0.24846974310107595,14.66049989923097,1013.7552983480737,0.0,32.61044496381025,0.310724860289294,0.394967319667809,13.509386419071184
31.977492215118424,1.6078338903687435,7.676783159741907,1.1881464270941484,0.2369077872606517,14.54575784679032,1010.2243750771669,0.0,32.73661917008118,1.4648097989359805,0.5045561787946348,14.455428130400605
26.683060616058533,0.6815720337093094,6.2913909669523385,0.32989275674022256,0.21326947350725162,17.429336665756892,1004.8887875049197,0.8538092412752654,34.40248851346888,0.68115379762406,-0.03280442940134741,14.343971974782807
23.943895752805506,1.7577959252291016,9.69829487273853,0.9456879689314888,0.6556859524913322,11.309843912127445,1009.4962343613428,0.0,33.58726476092524,0.4301296562866732,0.5113214514430869,19.156018420499954
27.68995994747276,3.019160408155837,10.148819455786683,1.369267541944993,0.13985576988117454,18.294521104671944,1003.9073075436506,2.7134642584106725,33.04410859870092,0.6855973108531761,0.1700482899249571,30.35142354171817
31.16593127670229,2.6844593941528,8.970903043844135,1.9769729561248628,0.7089763126353871,34.47712380158501,997.7982381662246,19.293241739019813,35.33243383372406,0.4083581686274925,0.27782606787498243,40.74149824584687
29.688361307300394,0.6673881766558224,5.77961049064835,0.3922742960090223,0.632033020838814,48.56260164506197,1007.4408873698164,0.0,33.472281215727314,1.192227239437848,0.5336822625368982,29.757963314499005
30.468892052545222,0.6586181477083395,7.054532805510175,0.5036196156800761,0.22993967094049983,17.26593592260687,1009.9463705031457,0.4261139531658049,32.58148136798268,0.49503714721612113,0.3114717875317375,11.18582289236945
28.91722535046253,0.8995408011175765,8.737213759826512,0.5267481440268756,0.23116042274730228,5.609343749433808,1014.2735641878414,0.0,34.299205070199505,1.4888757421341896,0.3705984471034941,7.051863577750737
29.26890392743745,1.1167484385178494,6.067931580578362,0.8685326727349216,0.5460298777990091,53.739740209345825,990.0023307325805,22.968189888105805,33.83486186550671,0.5277749756930129,-0.08629648664884741,45.83925495352009
30.91655434143585,1.2400296056862303,7.3804539707785395,0.6228412041825634,0.7462917075109989,22.131890174690078,1009.5956209504415,4.113785321032289,33.869999054789915,0.7479362486288406,0.5744090403123882,23.468774967755373
24.621514093021453,2.221581653048242,9.506383138390776,1.153776793545124,1.0411289364156404,10.731857387901133,1012.8792467044783,0.0,34.414661121180714,3.756609147563877,0.2934903488766437,22.919619518297527
27.138962118252977,0.4933602712342068,4.399181478128337,0.28928209886599654,0.9601689021121181,7.228528772642958,1016.6684108440439,0.0,35.37632988710739,0.1953734119487766,0.09412300124417416,10.762196549285843
24.322699139105822,0.4564609096672475,5.8522553882204225,0.27999081939698184,1.6070813960880943,7.167283189031348,1016.5481081908883,0.0,35.15086021616337,0.9007431544085147,0.43537603541258585,13.855261253797089
32.37051408396479,1.195893291860758,4.954097139336222,0.7049565222733846,0.4918615236358892,7.570619536510661,1006.4454182089089,12.985009983911723,36.53022492209216,0.1897074315588883,0.9557406742161746,13.515496712347828
31.91262306670944,2.31130057205293,6.5067655740861765,1.7460923866707945,1.176903044870427,5.6530106428284705,1008.3427712674961,0.0,34.72618166510084,1.1953127391825502,-0.35912357563767716,23.05127643244237
22.41398151936931,0.7439539435304703,6.889236710193233,0.3636302229388778,0.8438215531727966,37.541073501065675,995.530547464935,16.602432754999782,34.53205061181781,0.6444779570753765,-0.23130641802314877,30.857482603036463
29.408539311414728,2.041342590460842,8.098604550833342,1.205385869980486,1.11278550056203,15.894803597812192,1004.6232589414918,4.1217911861642715,33.41768207143266,1.7699186616395723,0.9898568580925595,25.516074837655793
31.71510733286449,0.8813965979555726,6.88993448775186,0.6918046639781081,0.10526262342022508,21.85372531532278,1005.9717643158837,8.896059755238221,35.74813954204707,1.3057549992288717,0.19934319480653095,19.30017020387812
23.896041123837,3.8756999303526842,11.949417409122308,1.8476191397358133,1.620345536443986,29.652486167239413,1000.0897423983787,11.953822182710333,33.10533583772143,0.14669392789958235,0.11680438752104876,50.22187402892241
27.96342492080261,4.016620015982596,10.765315955772977,3.321493325129778,0.38870255728280734,26.952181022056262,1009.1198387308526,0.0,34.61187142622808,0.18861473145688656,0.00961499041824223,38.36782504545911
31.61262712467444,0.9644912185404464,6.668202740426299,0.8145386215711605,0.8201772465088145,34.99102785035636,1005.3059693549218,0.6239165366581689,34.31168545306601,0.6515334078261179,0.4729526003400039,31.030698545901647
22.35643277515089,0.8181706438900099,4.623055201479735,0.39716234167315567,0.16122410387004138,52.86590861728114,992.2122999047648,19.489736220714107,35.33069377713893,0.5382784948287725,0.9639365580836005,39.32145536119863
29.32291280609182,1.2477524962448046,9.33241303024275,0.7068630300030085,0.3268376030420337,13.094243561073508,1014.4742312997721,0.0,36.44577232081363,0.21076138748626083,-0.18281598925667092,12.916424239882765
25.122164577411784,0.8402184713893929,4.478437731210962,0.5032574794694743,0.24252114591048535,47.034499019549955,999.0972572266118,9.45217663815493,36.570361043442354,0.18311549152162088,0.016093145483733154,31.44421231445468
31.70616005145357,2.185460175708707,8.640150409822802,1.6621660458507224,0.25517320247159825,22.986990923086843,1003.1826487659031,3.6188398116998655,33.221536848801584,0.598055138176686,-0.07275449499875306,30.567331318951958
32.19611157423636,3.1985148786582007,9.193919399513888,2.2017640054548795,0.15919290998354765,6.026052093787606,1005.4910383998932,5.834257504118538,33.62581403854887,0.13009523535778417,0.3065027418867473,25.91688009819083
31.914798135691058,2.1889230299017286,9.795693213864304,1.5492021320505538,0.8374062260226443,21.03030967857258,1004.6865555657056,1.6571075826820945,35.99003187584824,1.3416248832112363,0.47783770317770113,30.692710560745102
26.97924927490337,3.18282311444256,10.231934549074353,2.3966783108927636,0.10417838039600924,21.2490615986486,1003.316520007321,5.0338259610971905,34.728602978531526,1.0872968912082224,0.6173264748665909,28.33705226609809
31.05144783538779,1.2093201349469913,6.398776163472769,0.6012638125341841,0.26861562410767037,38.08169524660444,998.9388188327181,10.612103284249585,34.448048643929646,1.023303719071252,0.31835139891709807,32.26057186614302
30.86776868461824,0.6719654602200953,7.489340145973503,0.5263396475680189,0.18624594461729518,11.53380703545401,1009.5184701989667,0.0,35.555689445237036,0.10967588955114782,0.931766476935266,10.530394235654276
25.350554969054183,2.542757710515028,9.621109766443379,1.861929048840229,0.5001655667411276,17.309689407811952,1007.0615338087752,0.0,35.088277296209974,0.12928789301025662,-0.15116354412259453,24.866870625181974
30.703612478582112,1.1152460670329498,7.782409589563261,0.7594119655085354,0.232015634800781,5.171673994986483,1013.4415414026724,0.0,36.67407043401174,0.5788901509328745,-0.2420891933514464,9.583443752394752
22.38858016451267,2.180033670721977,7.452071702523361,1.7568763469681512,0.23488865561401284,10.650116496998944,1005.9770920717494,5.3158453379522825,35.01109100483954,3.213751922640121,0.5642705026606732,23.792561993807922
28.260833724061555,0.904949194293593,4.521683133837207,0.6607238057144509,0.40154108932827826,5.89971279621025,1012.8047873283872,0.0,34.50368745329319,0.3514186070475863,0.09299131185871784,13.642976257062955
24.415092791520884,0.5355505000063012,6.124802843071542,0.28420593133815475,0.5758906420455968,15.330303682180755,1006.3686735541687,0.0,34.83411465693615,0.35329961188098047,-0.4315791131953483,15.886152568602723
23.26595230066143,7.5,16.0,4.664236143227,0.15819269072534936,28.81005620776931,1002.7369822787448,7.976673536353115,35.976721211796985,0.18651483990688458,-0.060622040073107245,60.842215352497334
22.808008617106697,0.6717465061833626,7.148795719810969,0.43503455569006944,0.18684641227312535,8.23721327977664,1013.4804358322591,0.0,35.134502744176444,0.773133100795357,0.13948052893404586,6.884583143331157
29.311032146720468,7.5,16.0,3.540652880251217,0.22776496419157125,15.494298759354798,1003.9467953088379,6.38250955793415,35.282306792962885,0.7242230476142829,-0.17618688326757426,57.70005616128244
25.568687119564693,6.455210747372006,16.0,5.369799370751931,1.7380095663957318,8.19433720318318,1009.7819801936217,2.049456758595685,36.67718718415734,0.1640985686474771,-0.305131240483106,48.0070933070262
29.610051101051994,2.926394414499002,7.8324361511863385,1.4673845976555775,0.32774095733558434,6.800624385426921,1010.8441401980317,0.0,35.15910058302946,0.4780046055056766,-0.02267019778405656,23.555170266678246
22.686241578388895,2.1233822873456423,11.654743526643541,1.54791278968109,0.5111961131519065,15.015407206942443,1006.2743783530176,0.0,34.13522656783852,0.7599026594346391,-0.322586697126599,24.89185874724637
25.31054854722141,1.7796685480789214,7.957040408994011,1.1612202278324526,0.2244110165695326,6.154392748006309,1014.1653267686315,0.0,35.472701916155025,0.5081576885706753,0.27229586364308117,14.301173262713782
27.66465856994104,3.617077708215868,12.557120330297362,1.664770504564486,0.4034106951200239,17.39233416297164,1004.677285562375,2.616017777090561,35.33567540700244,0.7731842810792203,-0.6303316964124962,31.66115269839982
30.302593230809116,0.9467219427107394,5.449961991549891,0.7762163649666971,0.13465438779666367,5.445745781307723,1010.0914328917228,0.0,32.55954483267744,1.1165740920884424,0.08164872478789784,9.255434786452657
25.346901280786735,1.4088203911222545,7.99789155734607,1.1140032024740636,0.11591200316723008,6.5798939603206,1009.1608744998354,0.0,34.50951597617908,0.7946648038902744,0.23182846083790587,10.855349294160954
28.571859452588598,1.9455679514820083,6.5477551673804975,1.2834973473029307,0.38462119789968285,16.179029517985168,1010.6142129033814,0.0,35.694485492394314,0.6744461558770432,0.018310566088068303,20.100004815301425
31.302766356479964,1.2474440579278414,7.923501061659621,0.6755869287976365,0.3288671181064563,17.530514345347353,1005.304220579385,0.013605851756095744,34.64587826820085,1.2528076772462486,0.43262801397480555,21.760564804138813
28.4665634759142,1.2923502125695379,6.792269256046419,0.6444293431057886,0.1662408631585272,5.41181490738926,1013.1517417990198,0.0,35.85237088452217,1.4850928963375412,-0.4296964319714474,12.787246273979232
24.446074484913154,1.041444054002655,6.91838505310813,0.6200309990907429,0.6235639457666942,16.925956879227748,1012.9576036475377,0.0,34.43879989463874,0.39548348392702193,-0.19538132548164006,16.380757978059165
22.25620820634365,1.729031786677751,9.159218261215099,0.9547217508630473,2.3266685313099376,30.525720823687656,1001.2061302821357,12.270674912489676,36.728282869840115,0.21415167478963248,-0.0655121261878113,37.61801767777427
31.13603817595976,3.441532040964262,9.345947206905251,2.246207019689054,0.32661843346859165,22.93780997310064,1007.8912014629404,3.6844836979229925,33.75943383357672,1.1217891249778802,0.29945359929325727,36.83034723617596
22.223328813929065,0.7600893617638175,5.341423255255676,0.6358631828309487,0.5408438383954096,6.96875258118362,1016.1445758953214,0.0,32.896127215028116,0.24429065381530793,0.12647765511614223,8.595596077377284
31.184367563184093,4.759493359096402,14.253074468003671,3.2363669447196837,1.5832843170693562,17.56712987136109,1009.8480506154431,0.0,34.34905074496262,1.6866285105584966,0.8001780939598463,41.31420685541583
27.553839907285727,2.269190802205184,12.231875655789452,1.828905207641356,0.9014621960552681,20.617164981024867,1005.4601751775272,0.0,34.82934880695785,0.11388622397035107,-0.23202506394086259,30.88638656310299
31.86021083438541,3.1730405014562506,10.504349400629028,2.253974190821258,0.3802537280715582,5.531187732632883,1013.6487753870882,0.0,34.00110304623458,1.6250476138608823,-0.4382461145032279,23.27423374710005
30.387223975623485,1.6997764747387052,8.946301831415568,1.0880245598700997,0.7018588623486248,32.06790983040078,996.9334307610172,14.217709654028216,33.54180898850722,0.6337644406794906,0.6761811440265714,33.80915674932882
32.478308160600044,2.819093328613925,9.913910786717345,2.2322793893501274,0.16170432838220736,38.142328834210176,995.9542057114636,13.777272236971035,35.3898523729576,0.9943056305639197,-0.45080050437633395,42.48209981957043
25.682474062242957,0.42613289360534506,8.68040760062407,0.2721059848189263,0.42294372145814574,31.601955735238377,999.1734044464766,9.196944839369312,34.12163792938188,0.4049898517365348,0.2890719489896657,25.71259148939209
30.05547703377683,3.129345640895945,8.011989653164818,2.495500649981582,0.24723988632251145,29.372118710056654,1008.6274345387349,0.0,35.21488467513274,2.9760787442453775,-0.29253451470768926,34.64668236402535
26.22027459289704,0.4655466397806798,5.9799155186092605,0.26379302202694715,0.17908286065871837,24.128973731165903,1001.6267866855777,5.193424044410309,35.85000722897473,0.2549139071965944,-0.67426142279669,20.501142958221312
27.03869401319104,3.9303803767760974,9.636368627853884,1.9711849205053482,0.3500269237758553,19.049998498504284,1003.6734527174186,3.099941270621949,35.7723112993681,0.28419532133961495,-0.08117432783463117,36.41468779320901
28.588807363792885,7.5,14.740142644194925,5.940943393088815,0.16319300605397852,20.892139930751974,1002.265591205414,4.287017389287481,34.11383003573347,0.13168136088695778,0.364824986867006,59.85752872084417
31.173609698956557,0.9571769624732775,7.169111612128624,0.6556337379888979,0.6402679934291713,27.987115104085024,1004.1553290664631,2.0746772690646305,34.94196238448575,1.7927988321816954,-0.3776198809655758,24.84290668726637
32.3328764265926,0.7778010410356656,6.609288568085386,0.6266252656400246,0.37416132413195324,20.206592812062794,1006.1075024318632,0.0,34.43353036510379,0.46531594029183976,0.2516331548506908,17.47119223648298
30.06687084557744,2.719547505067454,9.467930102508117,2.24398263366456,0.4408574243930079,10.55926989129612,1012.9123422699578,3.6698787022724737,36.24446258665154,0.7740856547035823,0.3170022464152581,21.848373680908786
26.386551212757006,0.8667605707954515,6.400877892372183,0.4086354465576327,0.17121897609732378,11.601596067859141,1011.2366512055842,0.0,36.27866146314,0.7977766934033519,-0.3950915495317564,11.522128606261768
26.424248523909238,3.6106480047081555,16.0,2.3483211261893744,0.16775083657891843,36.83018148553594,994.6934616128424,16.279908449680388,33.978088806418555,1.3452797152746347,-0.029716451049329656,44.39790929390372
29.744614166683363,0.5736383196383721,5.645286268301918,0.3441748573792966,0.4940496106273181,5.241785091754705,1009.4197845933639,0.0,32.894471025878545,0.7560409837891741,0.6019761878145073,8.25982401086795
24.507160030567174,0.61539782706663,6.872902630595046,0.43098978122332515,1.990159814990721,21.800687627015115,1009.1192325160565,0.0,33.220604678293284,0.5953508387201363,0.27770741698731005,23.14547442470943
23.159978187879645,6.592761469888571,15.892923416378608,5.059525648553145,0.14554141788804292,48.346263627267774,993.4828202432769,18.74421186376611,34.0781074911628,0.8433839913518079,-0.041522362601607146,67.51823726416009
25.723532655228155,2.1925821481517396,9.389496729234036,1.2327488060648597,0.25142330660559004,22.14932661747632,1008.4424644939168,1.089497151119609,34.92627480548086,0.9341110697881396,0.19535341843887183,24.64899131422877
25.016009412367858,3.4025288542006016,10.767201424977657,2.288947011911068,1.0162309681214905,76.42007215568267,982.0838686215612,35.6213890178621,35.324184147147044,0.22342383926490192,-0.18984215796465675,77.09721707372273
25.111235264787897,1.027279306054775,6.233325026804,0.7535005692230052,0.13375751761781635,21.286123249505785,1002.3321564359262,4.660026367886928,33.9248954990298,0.16969586362581718,0.4397934874347587,19.141428336141647
24.452881386024053,2.205609492770675,11.698444885287703,1.1111252607171782,1.038948641160376,5.4895425086348375,1010.8298178105032,0.0,35.37024621438314,0.1466788899630177,0.4396410226107487,19.81775083864248
22.4419784911818,1.843196688969095,10.08353148492088,1.4296326802955688,0.4343222848220879,29.563291276469528,998.922730675981,11.935782716680208,36.53228192979715,0.3810942196253966,0.09231707028011914,30.961153319054592
22.187676314700845,1.8787155298181726,8.586807924771556,1.3009049956244412,0.3361147197829997,9.689373703286552,1008.3135995996747,0.0,35.30366074682649,0.5134933822329728,0.13074715476019275,18.67556799130584
32.37108509222833,2.2358075210243165,5.568135633927819,1.8553065618180848,0.26677037723677277,13.2697145019072,1009.1387770306751,0.0,33.18183048661071,0.6737208511348451,-0.2995789062519854,20.37855060985949
26.491617904226555,1.7704185289794911,7.64523951728423,1.0371316538621145,0.25865427501112637,10.237400681464688,1011.3194149905039,0.0,34.992576325803796,2.0025447376079586,-0.42321274947374027,16.24337620005401
26.035429795176658,1.2967604855884436,11.388710220666823,0.6396379723946418,0.2642495030191328,9.378248383150304,1005.3677943430575,3.0701723052675196,34.830150722098026,0.34099246570456576,-0.08181166037953576,15.247136010838798
29.136296468277234,0.9165713865265043,6.303835995788145,0.5981549271816287,1.072500523985858,12.904233552480992,1008.6343880440982,0.0,36.24401047686321,0.9584589322593967,0.019409401608087653,19.364306743975078
24.291665822583173,2.741642861796801,11.589783509314728,1.3278442836975437,0.6789757459126368,11.664336462952823,1007.4371907203401,0.0,34.00630313741579,0.5547491899156428,0.42191962408579603,26.740318187732193
31.974592431477365,0.8104567105585075,8.621735681934215,0.6790092305082887,0.5985206228742176,19.046429923153397,1004.2121079577074,3.629444936672689,34.31866612324372,0.24914599809586124,0.3728497127164087,18.043154966413603
30.256622651363294,2.2860904045120307,9.443408601905618,1.0641156067786994,0.8214414102471123,28.48437770868271,1002.6691924479416,6.973448689855807,35.074233938591924,0.67318334917208,0.1146915109256825,35.76204576711872
22.938815524278724,0.8251239993978459,5.222490751113894,0.619999460706447,0.23374610674294904,9.93534302905841,1008.2576207817318,0.0,34.75502884049071,2.149960453326576,0.46668864453047537,10.741230032285507
26.384598145741748,1.970736150480306,4.894356573190219,1.300766579205267,0.5331010375759225,8.36621294892389,1014.7015027702772,0.0,35.591771347342245,0.17964471386538616,-0.2802201625850412,14.473238853218703
31.23074222940273,2.599480310970161,10.705309372659721,1.5530549912910825,0.37733896525811383,20.390176711786552,1009.1682305121352,0.0,32.673672660923735,0.5246882438465751,0.4270679105474294,27.504101586318352
31.91968623405981,0.7949021708801743,5.208689903348992,0.3786412086974301,0.7863796542448126,20.534861882854187,1009.089953518298,0.0,34.923118882589925,0.131792640104808,-0.22665005002231364,22.154549225525276
26.90771586812363,0.4989041396872131,6.162253129268522,0.3486675244779152,0.2664937726123377,37.39546740714535,997.1171357752927,22.88788376364621,33.02318913991666,0.3324716543491186,0.4838930855224849,24.9884029095559
28.44081958671243,0.6246111023626197,4.24956947486867,0.42728904208953883,0.5637339773985942,5.225038614631254,1008.9610170068644,0.0,33.8553986678348,0.6815027673696613,0.04532873733050657,7.808168305020933
23.75385643396679,1.8902346758914654,8.004566105899334,1.0629797252032667,1.0624925695556886,31.846390809074567,1001.1328700432513,7.607472791644587,35.34499550458928,1.2035255374807299,-0.649400336788208,36.497246371956976
32.40727057443826,3.4294978453937413,11.223674704060315,2.7919153759540993,0.3314872851081621,15.304829052114014,1007.2469664679178,0.0,33.176881062546364,0.8863302622801943,0.3055550074110047,29.747554195602262
24.432552864526155,0.4736649759322441,6.255487328244486,0.27076774289302963,0.13102529909172853,18.594230450973463,1004.5170826799762,3.010074095054815,33.8280198926699,0.4728943076797417,0.333341015825273,16.765088792661587
31.89868362841882,2.519724439924642,7.863270710835735,1.5871496412957187,0.4265989221777914,6.341464513128661,1007.8616053898872,0.0,35.52292787619184,1.5396079922127122,-0.10980301907100372,20.240896251992904
28.82128981441987,1.0680246254915478,8.717810749026814,0.7129117588067511,0.29107263737637956,12.934039050310451,1008.5496653067739,0.0,35.29846254286539,0.3163363456782723,-0.07994085243790584,15.533775548666586
28.38123634622802,1.4417606506140417,6.699826994007318,0.7065964439330026,0.6019430691693546,8.610145271701636,1009.242437713836,0.0,32.89147057760187,0.9414137843287249,-0.005840847959611331,19.603815503738
27.38322936567334,4.628958695609206,10.820421461416702,3.8090066513713303,1.4574732131643044,9.106639224628161,1012.3152484892083,0.0,34.982254522016994,0.485482730801826,-0.6238031344191949,35.00842096190887
24.422033023036466,1.0454791180387688,6.718327282524588,0.6270934936527053,0.3991466244154728,14.819195877482677,1009.8932963226598,0.0,33.13319418625015,1.4734209161150846,-0.7776548605833001,17.574734179537288
23.853544336057837,1.401789621675595,7.574784282555761,0.676099515216485,0.38247208288095935,28.432381419723917,1005.5949482434406,4.283325427695962,33.58476692847232,1.0580102215186116,0.5055689733456362,27.072159441311463
24.315105195236843,0.42204301068418537,6.000561568989173,0.25530076798762263,0.5783536485296474,24.064114423466414,1000.3133603464619,8.214124034996525,34.47460849813385,1.4904344627163735,-0.23842368359370186,18.966062391500586
23.957601752514673,0.5361933755117625,8.008346681448792,0.3700168708668245,0.1491643905970813,17.516560320669967,1007.9904736145697,0.0,32.97019134018221,0.24466831943353273,0.6993424383517274,14.898731528617041
30.185636972450908,0.8787258343296798,6.2270332466896345,0.5759705744891027,0.23156557868201322,15.853707064488633,1005.2896058547449,4.005310046570538,36.77268196204983,0.761844112920527,0.5296406303986199,16.974407960278548
25.676315221250665,0.44519595273395574,5.621923278367963,0.3240210890683787,1.2308729122640139,12.803653365476542,1005.0666648053117,2.845631392349462,33.21108911253221,0.9047086446474514,0.5985183599944086,17.252703202588986
22.607348103915662,1.9967620741529033,6.939395161625586,0.9428582258670869,0.5988199333341672,55.41727565644139,989.895315077678,23.76164526224551,35.859644302243,0.9138415983610944,-0.17760463336350418,50.44619067969579
32.17557761647852,1.289312199983315,8.551592214301813,0.7269351620782757,0.10609085501548156,16.499855795602386,1010.4120566716264,0.0,36.068307033599865,0.5207081562747395,-0.5129404154257032,15.827351308112336
31.27975179211597,1.6710310331738012,8.284319455829998,1.2995478518180845,0.2030239772033352,9.101784922421817,1009.1352511477031,0.0,36.7761950705528,0.1067885729149851,-0.3304088073080242,16.600360391464818
31.741398973549735,0.7071109289698234,5.6427580812044384,0.34079739795361025,0.6167531262031523,8.660757559575961,1015.1301696906402,0.0,34.34320883676475,0.2818242736641251,-0.10625915450351907,10.81552205452358
32.44653213778757,0.9614086054223087,3.87352344956196,0.761622495905084,0.7505273991256729,18.231174341678134,1008.13968140587,0.0,36.25860643659916,0.33431711727461144,-0.7806304064977239,20.359528823009313
23.82590011680462,2.1441949746379394,11.026169246930923,1.0437049941153114,0.9242668800499902,15.35828185675983,1006.4937301514512,1.6399782040485382,36.61741958777246,1.2464742699375324,-0.11639899119345849,23.428364915447535
26.160541198477915,5.7777505374392115,13.558431020706495,4.52849505727121,0.25550242244436,5.108186175588159,1015.3767745085358,0.0,33.24344482304707,1.2028799218449353,-0.02058730962888876,39.28398055700998
29.961503994892958,0.48277135952556766,4.982071433091463,0.28691843454243854,1.3033284845921338,29.8127804150149,1003.0603395572191,3.381932458857954,34.56157518295599,0.16634451934750405,-0.4030473400553431,23.962879237720568
29.30821648956482,3.937239770896189,12.624548354227144,2.735923445687049,0.46228504830041783,22.04932976610884,1002.123186048615,5.429580105947391,32.75804652108118,1.8954731705072272,-0.3141697843860414,41.27229217392471
23.615907016568478,1.7761636662435518,6.402257706313364,0.9078946657498984,0.636626013102297,20.178862312251404,1011.2674646016968,0.0,35.16911325170406,0.2208714240801155,-0.02720948241328061,22.744979911615822
30.566247812401485,1.7278857163666177,5.869929622080196,0.8232813680206489,0.5086769246692738,5.997646031870554,1012.3088175149597,0.0,35.000046474483234,0.421029445441096,0.17470029190860548,12.777521008574872
24.356626004284937,1.5099270499149422,4.5319473157958985,0.8098875466057454,0.15892836744206942,11.293063544942505,1009.4063035868625,0.0,33.377743024051746,0.24536292281364908,-0.2617879338000855,17.1318466138871
24.35008495563754,0.5150710151184981,7.008623256571751,0.25812347511412714,1.5849734860776599,43.349728259220825,993.5835138835452,19.24502477733623,35.93098186324474,1.281094274788797,0.15228841335169424,36.31649208692044
27.638231440380842,0.5506805773836099,5.173445672201015,0.31662060386753027,0.1589978919432135,32.78692840731513,1004.0381148703993,5.656492030235192,32.66025550788322,0.9303432067186833,0.09789610279574934,24.597350678128365
28.225869315837883,1.869717358738805,12.756396384439844,1.2260733254508929,0.23239568142274436,9.707253297695779,1011.5547219830327,0.0,35.966777493748495,0.36173598398845963,0.06641005065643682,15.526326935257337
28.090905182297018,1.06715020904352,5.429337777832026,0.7315355079174842,0.856004481968208,7.392014436999069,1012.8439438903566,0.0,32.61457475200463,0.7871933739157452,-0.17820494334980191,10.270120209279133
22.960611792676428,4.38743938525528,11.515214358316122,3.3605471007548484,0.5337543786169666,13.346521602393,1006.9817794272608,0.0,35.324363892186305,0.22227438284773793,-0.4166828586123839,39.33754860493887
31.213339057618995,1.2349929996379938,6.374897943920287,0.8799275195350601,0.9194860638327673,11.157104805545053,1011.9081997369764,0.0,32.838708909834075,0.3890486014678739,0.6437581929652589,16.63558617871691
24.788800447181416,0.64743334008111,6.530081994853732,0.448997177332823,0.42630645493755104,21.049824365963353,1008.0678660417864,0.0,33.58026973304299,0.38402888144179215,0.27060707076009904,18.718229469142827
23.359906673469442,2.406848057468122,8.627021495264653,1.4795203350424235,0.31293905594236243,52.5197206884559,990.3678979413512,26.86037893025208,35.60422740204089,0.26303537913632097,0.4020060785712583,48.05248267443462
31.33185483862426,0.9555594031291167,7.6385052466361785,0.6111025735313229,1.247080436385554,11.313830595524504,1005.0903934533881,1.29113163497746,33.70574063838916,1.3539960484315134,0.020729610306377204,16.061763456568574
32.034340731412414,1.592689737904137,6.398958943244465,0.9807916105037627,0.1166165914564455,5.899420880021365,1013.3149458744786,0.0,34.69804754948626,0.7815002178759037,-0.007408904791048242,15.35351750196726
31.052339981287233,2.314839559131193,7.094323628740776,1.8214694983060604,0.9724810134459515,36.90607526334674,994.0833399250988,22.830664415490325,36.43556755893649,0.2970518677844205,0.22173088825388565,42.98632451862512
30.499918784611218,4.088367518246871,9.661739423730708,2.2158959349634757,0.21809232424171232,5.541640038993063,1012.1741955527515,0.0,32.71342772235729,0.2663387325074511,-0.5921409226582859,28.442982970251702
28.88004079670973,2.913818924458893,6.909512812120212,1.317886419443506,0.9499288560136662,47.736947810804736,993.0018744106009,18.101572984110188,35.98764311306339,0.11086995392539285,-0.3401252142736006,52.862842350401735
27.784002391395962,2.2050028665881594,8.191901630646102,1.5667161861445769,0.1674501199096422,20.293181340953495,1009.2999797860917,0.0,32.78066959384451,0.3553231722356035,-0.22922120730993056,23.656890249595875
22.913360979069807,2.2212618154866024,8.546800799286052,1.17945642400776,0.4906099205970006,44.78755338381078,994.3795345814234,20.398750174345906,33.04521783064771,0.5489058775434407,-0.10909824788961679,44.231800773139966
26.288758737242336,5.067802758894623,13.174889424785547,4.084882418912466,1.0855991956664526,8.118055501103562,1013.9790901802629,0.0,33.01307214672361,0.29519791764601294,-0.25789348781455396,40.32534349112705
25.913229428629297,0.9611633480378896,8.595202722248944,0.7627970451692544,0.3887106638479436,5.581716992154845,1010.1590176113177,0.0,36.77463981780612,0.8233009362264727,0.1664824938377612,10.965727018705554
24.727414729483424,0.4017803408508526,7.5652499279437375,0.19313217324124557,0.7176945266092127,14.377771926370055,1011.0797139866735,2.5315223332730135,33.274801173125596,0.4183614704284929,0.07850653206199253,14.160697355405553
29.595911193730142,0.9078269029189299,6.131883944087321,0.44715500895093657,0.8348829066000502,13.38559574534751,1014.6693087363674,0.0,36.35607593890195,0.328157286007724,0.537502641412982,10.907142134628375
27.20669521832709,0.7932186357593211,3.7369118745788334,0.5140601200391631,0.7001559698220082,10.637902538445438,1006.4155457749531,0.0,36.76100830067018,1.778696252732618,0.9158157049893968,17.396811195551987
22.850985267030303,2.1347521760944637,7.992496254887455,1.480854241271686,1.2676030075437106,49.267156467780055,994.5896309725774,17.46906031390733,34.15027451277288,0.28293834592869715,-0.3919975840519515,45.543090789346856
24.311923620473017,2.006934843344564,7.712750627144624,1.123809927992668,0.366443901280728,29.209591165948137,1010.2188685323398,0.0,35.21350873717334,0.4047555193754907,0.10155682488895587,29.15959327682558
29.174217018425757,1.840122168016102,7.326517459011897,1.3556531229999806,0.18554602385232138,20.168629340740587,1005.8950367521685,0.0,35.85009239118353,0.38904247830770833,0.10093405737244097,24.55562323280526
22.799374024648152,0.42620290267894484,4.720586868974733,0.29321328019185755,0.12204631062300374,7.488666848233304,1011.1017961084752,0.0,34.1883738518957,0.26560891643973433,0.04503067558236816,7.027105316383994
30.93767259751207,2.487708489636044,8.497680937757668,1.4426958985201999,0.22733785167578302,23.556657423920672,1006.665696726321,0.0,33.19580080414057,0.24713897891663594,-0.32968859983792553,28.714914724543902
27.19903853364673,1.0253884608231756,6.265886805635076,0.47183105979943046,0.16954653094651098,23.17660749028019,1004.5799336256982,4.099414092249281,34.36517979830801,0.31604845842492857,-0.2710191059748926,20.5545018080265
27.046159061929803,2.150067027981042,7.916809002142541,1.6126795169317274,0.46734824531041574,12.74905331234104,1003.6287118288539,7.2346170193756345,35.81911687351266,1.2981030678384446,0.13414196417064173,23.197600419188273
28.220281738924935,1.7011749324563006,8.374598641359729,0.9116621407872265,0.1920250436880595,41.223833726552876,1000.4223423547597,8.502940471623539,35.85727987981813,0.9742435767328803,-0.28087252565753273,34.64511939053358
30.659150142214067,1.0714588704037349,7.469179040584015,0.8397982095024982,0.1178703502036768,7.557731193105552,1004.8791477965374,7.093174980178066,33.49131680633493,0.7855375919135268,0.10574519025845269,18.06309798306784
25.651996682973028,0.6312576438003719,4.770296128066935,0.3901905154198052,0.11649404505751315,9.354982868260716,1008.8975732773011,0.0,33.25235225153021,0.46650139024793724,-0.036082424590961754,12.636482881358225
29.11916960187017,0.5586855028942411,7.912231894220184,0.38037039680066864,0.9015544303641395,5.914360276239715,1015.1869524278418,0.0,36.4584110190315,0.5252659937375452,0.09958026609244872,7.8849433878541255
27.940185621955806,3.2494853391392486,9.378980157689726,2.5969220431263706,0.5028133624056286,27.217265265123125,1001.7232634872562,10.205900591237974,32.68919583140074,0.2864794095412514,-0.2836551646520519,38.99434372865385
24.803796836778922,4.409433433465898,10.51027925951561,3.507480298726291,0.2994849339007795,18.611146376100514,1004.2554973089183,2.2825510024656763,35.65937544578987,0.1463333573165016,0.10511423481708779,39.607025143064604
31.22561485672916,2.0787467633843675,9.312911281139439,1.2443540893515705,1.1109114320260005,10.29549019336315,1012.3984722241149,0.0,32.69961195742104,0.3412191061552734,-0.2583334042168066,21.118581164634318
30.372973226872745,0.5746935954022786,4.808336270102592,0.306630961448583,0.13275195638541631,7.5046532041495535,1008.3565043201411,0.0,36.10297021870225,0.5106120824771628,0.10624346302992138,7.683421146852382
28.91374426391347,1.2227360628132802,7.682862119199987,0.9293508535407834,1.8677159714982705,5.573663068741284,1008.0382851070366,0.4468530517301419,36.39328369734524,0.1354126121199164,0.518788642853705,20.325442330778543
30.93110815548954,2.4886594070567845,5.874084031051416,1.5510123822573576,0.5310427985634805,7.553827410788294,1011.7131424403905,0.0,33.778902234185125,0.1554226811756854,0.1413443475056247,22.11250827462282
31.106589110077927,2.821302240464911,12.167027945061442,1.4863094108857564,0.19120806457521244,13.45357784908413,1007.9115215786687,0.0,32.8179232671218,0.2831209748028417,0.16265463383407,24.15159054753257
29.437811255507867,0.601297799646065,7.09077615142352,0.48811559715250585,0.6114382482856244,8.974951363737572,1006.5734124488356,0.33368957395561516,34.56694350629394,0.37444710244003865,0.3360222811241418,16.61313303941584
30.788639947818556,0.40004915090754534,3.5,0.21172268378734357,0.7485873059123873,9.196228426973354,1012.124175326525,0.0,33.78339105800555,0.3998491321183234,-0.441245420565642,12.52883739277257
29.323450347527476,2.3924332253641896,7.088214119886112,1.1012917220671907,0.3524349568288243,34.176883934314866,1001.3206282555432,7.416787584068853,34.29368541408463,0.17526043286422316,0.6516225508030543,37.144370908209794
29.141478103483156,1.1055723531966108,9.49842909190019,0.5064759502667997,0.9900292860167457,15.13446407606807,1006.6888968012139,17.625136132935417,35.35943745000132,0.25357157435794736,-0.31945649741432947,17.969073372249515
28.495419471259435,0.8698801658666833,5.459714443313092,0.6079819888375353,0.17352143046067964,23.291933530740323,1003.5352078219087,2.716105389634867,33.402251954579484,0.28200015420596847,0.35788134907912794,21.413539224915137
29.903524715355232,0.42077018285573664,4.506109056041391,0.3007118368007598,0.24710090570648255,5.50909857473651,1013.1427258717242,0.0,34.03489174891057,0.14201846637001114,0.31141849553971296,6.360687385414321
23.665353605577273,1.643487817088399,4.559199929535194,0.9440468188368021,0.14417012014760994,11.361425927093293,1012.8928500539824,0.0,35.865018708258496,0.33680386164112575,-0.26575822652666614,16.111571060244824
31.249142971588746,3.4477138116020463,10.679717552481353,1.9927937382175345,0.20657536389700143,14.132624662730581,1007.3323043320771,7.251282730867846,35.26817638479713,0.14497740306981766,0.4031101478683668,32.81767217062753
31.154357041324936,5.4581657116379585,14.483118858694697,3.197380188833045,0.22274453217678258,7.888300118046849,1012.7159419010051,0.0,33.90298461195032,0.8293395333377905,0.2242344682446582,36.00668516609494
22.30709647186287,1.7345971937519913,9.195514593907813,1.2524891797941495,1.2234577265476063,6.792714783089817,1012.8986004464522,0.0,35.35649688111769,0.3927028897343092,0.7114925255407901,21.720914874166418
30.671075880930008,1.5559941438756413,5.702171816699441,0.7363797001036528,0.13659806385080744,33.59584448975256,1002.8043388529347,3.3445248788126842,35.79084556843546,0.33738525779062384,0.1176825629694526,30.150745121932598
23.353133608471175,0.5422285425454882,3.6955811882209644,0.44552020645546864,0.35091743178815304,44.2557539007243,995.8949701076968,17.52724619472997,35.04768799809698,0.18116351926244184,0.012009833967090898,31.958243120196137
25.51874796972099,1.6736095084053821,8.688941067294403,0.9020896129246895,0.4420626588630634,6.149195348871723,1008.7310018435596,0.0,33.529836379754336,0.2541006008980484,-0.1301668847713715,20.67462378324009
29.806836691061882,1.1648032926529603,8.606741033615926,0.9899305381110032,1.130320134782765,11.009841340881298,1008.0790384588607,0.0,32.50105474920157,0.25893052508917536,-0.5601743449729105,20.087058190181356
23.687978908507237,1.8948639240626637,6.05402653663597,0.9826936316743539,2.8,49.476733850381855,994.6557876354229,20.214663195005677,35.952251160049606,2.628047756505262,-0.061379647662905865,52.25302913567267
30.588653753250153,1.1875368708178864,8.759837496921808,0.9008875381109955,0.7299727721334832,6.215538720063852,1016.8960536621772,0.0,36.037324287859505,1.1823577009710329,-0.046564437990606916,12.718077551769804
30.73740886855629,0.8397288106614317,6.567824621420809,0.45292034505388334,1.6899751338133242,19.445447458991357,1004.5409921767088,1.1235736846436486,35.49969935599575,0.10922797551562312,0.14172036389510217,25.538625211737482
27.32841120448878,0.5596511457678738,7.64508007099414,0.26994141766406926,0.7961221119988592,55.1688361123301,993.6977827549168,18.60079192761455,32.82929800488074,0.6755762349017748,-0.44808608880886297,39.96504470511375
22.067051653026752,1.0051478221000938,6.703935537503744,0.8040914501265821,1.5860481408595657,58.57704259241948,988.895871933444,24.442323145755886,35.0164558362846,0.27735604798408586,-0.03365427391540765,50.12810919076456
25.013900398336585,0.562623176613461,3.5,0.4464417740227731,0.6528281843933706,13.92064756641097,1008.5993749167833,0.0,36.03038888646791,0.16614138040227322,0.25168798720774044,12.712910633138927
28.47773264294529,0.7114781992126246,6.052709685108667,0.4350178040759109,0.13740602308599031,7.486841023181406,1015.4633733558926,0.0,34.175573776465114,0.8336890525044046,0.28642838642238083,4.942056379938569
32.30245486928794,7.3904071656894255,16.0,5.402080618553594,0.3313139803164751,8.1605328297337,1012.9326583437827,0.0,33.35140315714709,0.18466553887013581,-0.6009353116480645,48.231423109845174
28.63404203367502,1.3394772088128781,6.07043994723761,0.9012355922202735,0.5680661649511369,35.85120895101444,995.5138396725358,18.947817085304816,35.02679737813832,0.45191252170765095,0.29724231302862847,34.76591587102051
24.72793760117368,1.6144208278433614,7.324010036756873,1.2773014185900047,0.29435001699569396,38.975517988251084,996.2338322275207,14.903498651637843,36.053118497393775,0.7000727554370323,-0.036300869592522114,36.978543167972695
28.65705988254592,3.709520633800557,11.412936885514535,2.136766932806084,0.24371066186799722,18.10661037533704,1010.313000937597,0.0,32.71014082244038,0.5851277568668046,-0.014753807124493895,30.841713108928843
27.669846487016482,7.5,14.150729180197278,4.946017199996955,0.4875973478271587,25.3446360851458,1003.9896075045901,4.03809257315259,35.06689023379116,2.379996517579755,-0.7775803794495432,58.88086619609165
30.188376649087008,1.798375228448228,10.744096774363024,1.1584215123806791,1.319761698763509,23.855329716961183,1000.7306968165213,7.654330163667256,35.26564731995917,1.024346346554436,0.5727499068952578,30.60334325836665
23.123296707683064,3.0781389155520618,9.18858652814795,1.8209110304951655,0.11602377725431708,20.17854388603041,1003.2343304767134,6.531010316940702,35.0901782691976,0.9928457755396899,0.11187960975395328,34.03099392383094
29.990792976271294,1.0334757154820777,7.618859436576939,0.8335829362319425,0.7598525278636427,29.584922074998484,1003.9284538313694,5.058607350613565,35.29514484221931,0.3636570880577693,-0.48601114928294736,25.34729458192018
27.683299076099157,0.9838631185922637,6.640901909243762,0.5080188722721566,0.6772391656103773,21.190640771723825,1008.2576728788255,0.0,35.21491382269786,0.10505855963698635,0.1813205512207633,19.29448131133271
32.111416040519444,1.2245472143271874,9.090613570327978,0.6242784016644007,1.5953245468620643,15.69004429954635,1007.5929594281627,0.0,33.0607367054155,0.8954830078570803,0.17056745429645853,22.53006052309772
25.589657743406203,2.186063040408751,9.543997656377872,1.4881926133153194,1.3012625459441185,8.786160804207194,1017.8081104834289,0.0,33.510228140880336,5.034902897812779,0.4778904535265462,20.686332833285277
28.642529877906455,2.2340909989702977,8.668977390865074,1.5929017259703402,0.7464080055162503,24.069973900531686,1006.5612913666185,0.0,35.16167422274274,0.41240347480612227,-0.05839106925180726,28.520017924672644
31.78629510785518,1.0058976663317818,5.470343160618287,0.5309607713486265,0.43066950894115086,13.979403223936163,1007.5133319341865,2.329412691593361,32.57608059288811,2.640929940528834,0.054198624128505186,14.881714949737983
23.07635214390213,0.6287335336815112,7.328496412699928,0.3811929534125807,0.20282152230645817,9.88966850594993,1007.4806654120755,0.0,35.22940143050995,0.1916866232024237,-0.1749827300832677,14.086477468572756
31.840899115982737,2.001199527736202,5.791997193993239,1.6582450336977814,0.45458922543661506,27.669037306365645,999.6822140775794,14.436213451084534,35.36116248227564,0.31102297599405737,0.25928201489745833,33.48029882630353
29.22280008415854,0.619743392136319,7.084373736259213,0.34002033370063744,0.7523509303891135,21.703087891689865,1006.0696983589806,0.0,33.528451467405134,0.21232346999415388,-0.22422161958626735,21.830902673812734
22.712289120604304,1.782268364204468,6.559515928235734,1.2785000179965378,1.1170849508595821,43.780350298568436,994.5064658011433,16.141003874489307,35.0719711679385,0.48681535546320487,-0.2625466809780804,45.87438717797925
25.16011745294157,2.291653580070372,11.00340193706163,1.709710514173267,0.8016747863689787,7.531936459582196,1015.9198456609458,0.0,34.79658726111219,1.0566746115676044,0.026270861777027796,15.640116928240928
29.435806930775456,2.329621129351834,9.435267346827343,1.4659175429855227,0.19776009387901572,19.665118628224512,1010.3015336206611,0.0,33.620973657058386,0.34991110588020147,-0.37905231995634003,24.951437908569982
22.7071813154221,2.64044824089442,10.718992485385119,2.1783972454153475,0.5119780711508974,8.920429935954072,1012.2260814335694,0.0,34.490788251061446,1.5201393813917137,0.6107459264887319,20.685052862332583
28.11278983185087,3.6999390206375176,11.78287345788461,2.75520655906746,0.2816770641052121,37.74701628687714,994.920122421827,16.810310017615617,36.411385476472375,0.5722511269100521,0.7245433547096564,50.27420165123762
25.631772098006046,1.5089042685642498,5.087462040704155,0.9553926621469522,0.10416173562913189,6.467262494624142,1009.3203529433799,0.0,34.334391955977495,0.47576928617576164,-0.10875652989763539,12.553191213012806
28.51961293655851,2.4964106725185773,8.20244546544043,1.6919025922151032,0.2005388916363669,19.946177397740176,1009.5539007075656,0.0,35.20832996058186,1.0279788403896988,-0.4353082522950078,23.916583852511014
22.480291355031383,1.9446550085183407,9.508963021750088,1.4138524345227559,0.15407158933364037,26.921637668056146,1001.2254211843563,6.36695635596592,32.65200853047499,0.16417941331676944,0.1678072136157215,27.044330578779064
31.15113646459995,0.7305302223974692,6.564938126355211,0.5017837297630828,0.9323749224937312,11.137286274264493,1012.7804837947085,0.0,32.834540487285025,0.9916753713639234,-0.11873588128912342,12.428431995168108
32.22163417636267,0.4416406181280037,7.566437970588915,0.35396569578501424,0.23458984713851186,48.149681714196475,995.5974722397293,16.904162088834177,32.84962471520427,0.26699717175578097,0.46113839638481113,34.92824743028133
32.17321748049976,0.9357304372407692,7.289226631589142,0.5546593303591113,0.25077268195594027,31.628043660036795,1001.1318415591303,9.011846355115296,35.84643528359371,0.2977799452028627,-0.22550130843546629,26.693967590446224
29.87134423330071,1.3364008879312532,5.9554687622222655,0.7616874272844634,1.5477811190843678,9.886226853165429,1007.8207022687137,0.0,34.006104647654844,0.6489556580275632,0.24057962784995496,18.736902559261075
23.365905521371637,1.9359951125988988,7.290694996097066,1.0367942186480676,0.31445373584934605,5.105975387255224,1011.6148080158501,3.3602959595092123,33.478730259973,1.4932713351394649,0.0898977562870926,19.352366353541452
29.961763557254738,3.4349582266501453,11.337300893755117,1.5976443687848616,0.10433434514970888,9.926751866402377,1010.4814578019884,0.0,35.7134956443424,0.6182288597002579,-0.18669152871469347,27.22598829436633
22.258162622817416,0.7495386788920708,3.5,0.35018865751556677,0.2502371163216803,9.624561525343214,1013.1345619491738,0.0,33.23082826899155,0.7280948562990915,0.13401743997217958,10.98334130119196
22.232297291054472,0.6146558742718632,8.616543402123831,0.49050895757648283,0.15716699063235579,35.89734500927778,996.5615334883962,13.034162216689031,33.559917857802205,0.9992603045329902,0.35748639546619726,30.451534149035332
25.397907301070184,5.695830055975965,15.915114205323071,4.108728354415932,0.1488187085994738,52.80897162208512,991.4666788045042,20.489992898280345,34.35300520606109,0.28011581259993046,0.08039698166938887,64.7391477838081
27.13075349924899,0.5829425633723979,7.889848509643625,0.4163451372956218,0.13629435648928373,6.02261471168206,1011.6545692203983,0.0,33.925183696762836,1.1534891844194173,0.08404963279419049,5.612703588999663
30.08927788698183,1.441646209938828,5.224057266676137,1.003179790625911,0.5048109170647843,13.922540680367463,1010.2552242046719,0.0,35.017186507457566,0.42472981672096777,-0.25547419974878616,19.37376644735748
29.174601454368304,1.8093377037183065,10.123655607225835,1.4288116535590203,0.1944622341594511,16.12731030678718,1004.633949802284,2.787887183991183,33.95271466202185,0.21590019318508424,0.45047167926644754,21.11171324263335
26.681978416955857,1.6472338138181217,11.312269231414241,1.057699984064113,0.30170388528237657,6.365216118844851,1007.4293192782847,0.0,34.189692034193236,0.35857875598250954,0.41559130235011427,15.89077761786176
24.873079995957493,0.5439358254340885,3.997766952715383,0.434150174444791,0.9912834909189128,11.636111587695527,1011.2305553896084,0.0,36.21041241547279,0.2695220885889691,-0.09369571604027381,12.973680895090748
32.469807251655965,0.49394806013913983,7.046209200606102,0.29329549642636465,0.3485056775157839,10.339335349246229,1005.1887792760584,3.818988436967784,36.30348519040041,0.2558173092547456,0.0064990391809515435,10.405126271940278
26.474903673477716,0.5783549584820984,6.042703842298717,0.47464608339577774,1.2129718645556484,15.751890623922929,1011.3688665344359,1.102380826288977,36.05915812049765,0.2992422502398117,0.5449772354416144,15.283172668942594
26.739563755461592,1.8094301889502131,5.940323567738018,1.3199119976195095,0.41006429528192534,20.15245838777477,1005.2341506067028,5.966344811420381,36.21877301062992,0.21975203404751173,-0.34674978736660933,26.54099764920399
23.718050122512526,1.657630541060648,8.723060931686971,0.9164556135319313,0.3289998366482717,22.019209819579707,1000.2906732980556,7.441929096165226,34.9498332781582,0.7610334347651077,0.2615009369755735,28.286595484823977
30.345500261874257,0.8259756398178073,7.737160958928076,0.5580571995593492,0.7245330763840637,7.0587946700705135,1009.652176830584,0.0,35.27880282343095,0.6204885650742692,-0.14551482059589493,14.48188418221207
29.283663370705632,2.024779750653421,7.7429137221728865,1.3428586827463767,0.13419577846794548,28.469138454751135,1003.414784476663,3.2642524936347526,34.895844616186245,0.7272281618948053,0.6723272568630744,31.41363073446227
24.318080934281983,3.1442776157545094,12.408574488740951,1.5883617984517733,0.14218193717962457,20.88843863807569,1003.8007749451863,2.3825691234893873,35.87802876142755,0.35270496984799227,0.07220635503286797,33.37922467178277
22.86500097896635,0.46794895751429477,3.5,0.3212456314349216,0.5749647703102579,35.78460323653082,999.3252526196662,10.872681198734195,34.869302088774205,0.9811105132454216,0.4911324813490148,28.11072023651433
29.145242671784487,1.5030624711801863,5.463378228449869,0.8656350950214866,0.40031374228952965,13.35282789782261,1010.7220118450713,0.0,32.97763094756836,0.1832874672324495,-0.216464571961395,17.805971035329534
28.87236774995192,2.2703375598415874,9.291503701097986,1.069191650528406,0.8031821897524883,36.405874513296915,998.4027747824796,10.669216840884129,35.9811945179645,0.6079702485479909,-0.3869850388134937,38.55386233202303
24.869225033481197,0.865231044450494,6.595493796969297,0.7176766732654598,1.2160755745010672,33.11523741729291,997.5531409752457,14.903602815246272,35.770516233913405,0.29332516521707064,-0.031990810020389185,30.268928770377844
31.98406740362931,0.9885413063011242,5.704514118705866,0.6984994788012664,0.32123019229538785,13.077748614004285,1007.7180926962357,0.0,36.027292559715285,0.5499700919029324,0.14193921028139272,14.172605170098002
23.586107863699453,1.9215684385244782,9.67321484330189,1.5387296943870619,0.508310125159153,11.718341843266067,1013.4193208268564,0.0,33.318846692575974,0.33461537434363386,-0.12875608870574468,17.782311511988194
26.53951541094732,4.051437262124725,13.08892854314843,2.9187461639536756,0.41254363343511535,42.8036517829442,1001.4301599489048,6.866100102772669,33.66795332667436,1.037852619490323,0.3154075991962385,48.61458954285004
31.90796716175979,3.0565335968620757,11.78896908075276,1.8118931780111835,1.8981927519033375,22.581819944548073,998.6418250304181,16.162925317228837,33.771732298233175,1.431342667649066,-0.02348374873365025,43.226081162443904
26.407136827724283,1.7999702111517286,8.05524172704471,1.1791158981401433,0.9002602632883775,41.883035958155546,1000.0271277448045,9.663207870730744,34.684746305598395,0.9142306235238843,-0.6785030066183119,39.27454303307838
28.704522450472897,2.496247734740627,10.39711632450064,1.7980440085432654,1.1923490394511933,27.321950920712627,1003.5002280631068,3.5310779750704233,33.07567146190288,0.21584780427508365,0.24348419271755023,36.59086307107988
26.174741178609338,1.1261611914995187,6.358614690154142,0.9393320972503971,0.23206854888786063,18.157322119018126,1009.2954036354117,0.0,34.15714153908193,0.2928400315287464,-0.2588879707015051,17.926208940644933
24.879259624661035,2.0389389969514315,11.750818229642471,1.1244091696436658,0.7663245368977988,6.723843637041442,1009.5798937215918,0.0,33.28328009263983,1.6106418915039196,-0.07655908358678144,21.763038781563097
32.331765303578194,1.4043192898338872,6.308956066518018,1.123442545060435,0.23883797379689786,9.824091172200486,1004.649995459413,0.8403152369844651,33.638479666040766,0.44492003068664177,0.5935959212387745,17.604825371053007
26.298007066307953,0.7370275048705817,9.484595652954516,0.6040906808486891,0.20535934111428622,53.56176234827333,993.6986230460651,22.050586895860484,35.53746682860123,1.7999681831413612,0.6704841034423815,40.01978896144153
31.38804163863091,2.335654243768608,9.256509559417607,1.6773879464564763,1.3992254964782314,10.387381816629079,1006.8999109975399,0.0,36.175687972164305,0.3989941494536696,-0.15142270228248395,27.745929431597578
24.414523361856403,1.7007643920133115,5.998109571270847,1.3988900241477995,0.10877193110443846,6.370514199974252,1007.2119697996737,0.0,32.59849522636789,1.9191224093068426,0.2522253207211439,18.070668773090425
24.237599392263373,1.1106170247780023,9.051229670333306,0.6765339543688966,1.613608824919044,22.212622592885406,1000.8984218437444,6.292622540197471,34.9333569424265,1.6601015193645128,-0.14329607164792563,31.608179775292204
22.326907870287368,4.276699703309711,12.886911548549918,3.554820465417976,0.17274292741782626,23.539849507948727,1006.1098621380906,2.896557595212302,32.65505697686775,0.7482163238761796,-0.05040554261451109,40.420108980289186
28.842501666446793,0.43385014934350835,7.057616416388672,0.3171935496903862,0.8702566852944635,9.705583533239158,1010.4219406491068,0.0,32.866571753549664,0.10531974258444302,-0.16202139521449344,11.733824599663327
25.86952660909949,1.0071452257973266,8.648645284249078,0.4701377148535207,0.24528561463764526,9.946966054836116,1012.2515885136327,0.0,35.531861348840664,0.4068301496136115,-0.5535202881387695,11.757313739274075
31.07576162331619,0.4937011729241939,6.395595442481087,0.4012552001207479,0.294338801798665,13.859084418291241,1010.3005439441928,0.0,35.6631148579591,1.5530585871617928,0.0832693283067983,10.624057233613842
26.96870402026135,2.727504311482297,9.021146493448914,1.7559376103406226,0.20994093751892684,5.30841768214892,1010.551380260658,0.0,36.000116894643035,1.398269587906371,0.15085788543115833,19.390158308830028
32.16603099310458,2.337635906843754,10.671314698822632,1.4823669134820014,0.49632228239566745,26.804008425552478,1002.7516346325518,4.3675379877851075,34.53923850061231,0.22450076927361678,-0.18485061085889837,34.096245850035295
23.948017914882772,1.0439965486425122,6.880327048738415,0.7063541195147209,0.2925357728732943,10.339465934187409,1008.2082602642811,0.0,36.19717217266961,0.4056784266507023,0.4307270990029881,12.444902646235349
31.12054326353391,2.2015550060324203,9.991585738770985,1.1222510714218215,0.58202711946418,31.915383365102052,1000.2273882369498,11.954267737409825,33.21740465405898,1.1829430374693088,-0.10262807598332684,38.426389527481774
30.154266954313286,1.2065234500936466,3.941146349481372,0.7693594883758774,0.10709696323912236,27.717481854314116,999.6851550225157,18.91871726327844,33.57378057863051,0.6174763357318921,-0.1730241387006552,25.97716025661344
30.094679368762545,2.658604358045969,10.45596041999752,2.080227337303252,0.12994317968888275,20.16118539301251,1006.8697883080297,0.0,33.07835923468848,1.2275650280628787,0.2342760913378371,33.06566280373954
30.87022389522732,1.368756381542196,6.505882749058408,0.6244170575925644,0.14724284029738527,10.500001125018581,1012.9018323719375,0.0,35.929410220502064,1.1511796828145595,-0.4899386964903852,11.968610124785904
29.990751904901487,1.2504066750122589,9.730696470789862,0.6991859793535103,0.34434714408948996,15.168544949786131,1005.304289460625,0.0,33.48330300906246,1.5282112803685564,0.36733766109598204,19.605861255113005
28.575313377129863,4.766754354454833,14.514788859852342,2.149719623752507,0.8588342309503356,13.238713960130683,1012.3925737761502,0.0,33.16869834386067,0.17480795580549163,-0.09075920508802697,36.70372577448943
23.37807121566507,0.8621678289996076,6.911688710973238,0.5313406898099472,1.0858807702850966,10.79351871848235,1009.8961744288823,0.0,35.17937595662864,0.19414328148392984,0.39625012673793136,14.21936127708841
22.341524884658146,0.605346946662583,6.819089494017982,0.44875955419191543,0.2263540985789137,31.38680520714813,1001.7992583145094,9.392890934180697,32.8314527133509,0.1518637432622862,0.5008456840402045,25.68354566896835
31.66890240206471,1.8054022918841923,6.752062846076468,1.389272827738318,0.48438289307275406,14.249711627319114,1003.0341831240461,6.5357176685804586,32.693071192046744,1.742507561748906,0.2740537048249994,21.696204666628493
28.47482830246775,5.974725399629115,16.0,4.947526139143062,0.75816657573801,30.0334663973455,996.2114916135723,20.3246084122214,32.958885888775576,0.4867998206870019,-0.2341906524549089,58.202192763620744
30.36364155524985,1.1592907533074146,10.073778983578704,0.8038543474531125,0.253379339330731,6.556459739690771,1011.7326303719958,0.0,32.50103580114482,0.139892432796081,-0.3877910972695416,12.333558177779821
27.055984690881775,0.5024712390049574,6.493818496031248,0.277289128420643,0.33667855866372065,7.128213008927453,1013.4340498408083,0.0,35.497057663153704,0.33274892330817607,-0.45192543216733266,8.73731911329849
23.231735984105143,1.0631413956714573,9.29925986506908,0.8714136042329977,0.43402745358138395,58.00799354432675,988.10021426846,27.283830755784177,34.91761188337226,0.35977514510157316,0.4360187455954588,43.260764238945775
23.31445081812678,1.5281302716545127,6.896912190969322,1.1615720116826276,0.1651964933272737,17.406381449289235,1011.8429481638066,0.0,33.40246296886221,1.0950503006398653,0.0028199607299358442,18.815715420175515
29.1984355159042,0.6826324883093509,5.033068129619361,0.46403403762248874,0.11184660846033988,14.980319219285864,1010.0364411854099,0.0,33.50192127630366,0.8978960003840223,-0.15972762808579705,12.697098192194598
26.518211896444356,2.117189551680218,8.872328316117777,1.54185617683558,0.1746214038093596,15.367924252425906,1004.9470074350536,2.171385853704824,35.987164973421166,0.801524604539175,0.003771246961387892,22.146819098797494
24.105509630353534,7.5,16.0,6.147949065022287,0.5436030250016688,8.393796099829101,1010.6362770188779,0.0,34.65782649819929,0.11326366114068932,0.4282174231339588,49.35857262063897
27.161742740785087,1.3616075139393482,6.859913503226146,1.0007238060944077,0.13441099812460455,22.756866452675563,1012.0603129794804,0.0,35.50367193545148,1.5494240318287598,0.32255892487584253,15.246114503476191
22.674193839288908,1.100934733499039,7.7883348058509965,0.657643146208823,0.19465580950647396,6.240280817394669,1007.7027805962031,0.0,34.446848440482135,0.24566749472601956,0.2034771544980991,15.670875046314562
28.110699720101188,1.219199879004674,7.654144005318535,0.896369504735218,0.2855210639171838,16.92421529006377,1008.6160152855425,0.0,33.522187511889406,0.6950312448245363,0.2732601200992417,19.67817684345292
24.824430746568524,0.5957325135115757,4.574858361384254,0.2776776355306015,0.13648111177184716,16.84063397342849,1006.0973876468888,1.2582881387108231,36.672732042936495,0.138287458410342,0.11306032442393207,12.519653297514674
30.374370556690476,3.8366760902601356,12.684206488645826,2.3195247794089924,0.19576949524743326,39.37841910621769,999.9060457113718,8.462682465931895,34.93228452251421,0.15102506906606497,0.15573957005374878,48.37675782181677
25.258800568697524,1.257352722241615,8.558527263817188,0.7701652730889289,1.1899696824780446,15.457071898078778,1011.4371442750404,0.0,33.063222186202026,0.10577407202491355,0.12735883090286643,18.60509287510147
26.779811565358912,1.1837409543906277,7.387937694288716,0.6116807298126489,0.10876950628012966,7.063785351698496,1009.9326712361077,0.0,34.246187181390795,0.6007264246840516,0.0499785640303562,13.610963031142884
22.122015669035058,2.124638582522841,10.553321603433652,0.9757066832058272,0.5768542056790184,16.90551019628482,1010.3956443813572,0.0,33.91615087137167,0.6955462651678843,0.3136808593409485,22.5065479831423
22.760692321842868,1.3335299400581606,5.574248201859261,0.6712356220255373,0.31832757315196514,6.3407897247761245,1018.0526967667316,0.0,33.42057611493064,0.13106802868907655,0.17644873717013815,11.172293076342358
26.121182342270192,2.071660139358949,9.430913884043886,1.4747083663956433,0.6025246719747634,8.190559761104748,1010.8262407809896,0.0,36.51379195373311,0.30590408712482176,-0.25825026088743525,18.646007257184337
27.039357764529797,0.5014643121771826,4.147214702323766,0.3865866242658372,0.49978552309340285,5.442438238973996,1014.1136620817285,0.0,36.28795598047693,1.244118035568657,0.23510603493292875,6.122177694634603
28.30021575525269,3.088835697614098,8.888782218355745,2.6109353538631486,0.21383066449684696,15.081318469680374,1006.0187230254041,1.850531955094838,33.3563326010365,0.1640891885672261,0.13653647323275656,31.480934687272665
25.062457076447686,4.914952645736632,12.900518511719252,2.8926727769773652,0.9454093730318569,6.236487576298702,1011.4898124545001,0.0,34.014235922938724,0.24642664975488643,0.2639947141202847,37.55310026718507
29.297309804328698,2.0740813812897474,7.320256210960178,1.4306011356698585,0.4047204165495678,13.87230739897304,1007.7578481458276,9.555943761466683,35.77795618418453,0.4313962182460862,0.013527580234740016,22.60580750685863
31.031285170486647,5.346388783565477,13.801506082306151,4.410011488266548,0.8780444263515681,42.83139678658145,998.7543502766187,11.657255212990282,33.39657600700293,1.2081379475810212,0.3341091098185052,62.40522926053274
30.188435383380174,0.6627286825026909,5.87168616243806,0.34250925899386553,0.334403679041277,22.809595191939138,1008.2218415517664,0.0,35.04372890919825,0.27650108180969496,0.02850700719684507,14.643080063912496
22.41599766615775,1.4383518481566848,8.84476505617911,1.0601490738455368,1.9805314183763074,6.128010261750071,1011.1477371095741,0.0,35.50911395113671,3.613534371429786,0.30335789031019067,17.708421587755968
27.045322946207204,1.8733084775327753,7.890216701500441,1.4087120393558616,0.762312647066696,8.55422440681052,1015.0785408402768,0.0,35.31208100055629,0.3633465738601337,-0.1097650305826788,18.573555124098576
23.101766873390837,1.7946304236002613,5.851896202326081,0.871454972071018,1.620969071620998,20.677520762386024,1010.0758690695848,0.0,35.53755715318465,0.39309479924764423,-0.08553891893463338,28.785000356691217
24.541472666556537,1.2212238317631323,8.90830466691638,0.9702620340041712,0.42499839165518616,36.51343346959348,1001.5056180361777,6.347104432586617,35.538808232823676,0.17813779252116846,0.2607183831235436,31.048550960024343
32.35995722930504,1.060187580432555,5.65270244435604,0.8219019602082274,0.3888401669250424,5.468616337214357,1010.2001372071584,5.5309213975508875,36.64866545535039,0.7840317488068184,-0.06612068781066045,8.143388849034524
23.49620320046589,0.6169890649952718,6.022499676334546,0.2858887951663692,0.7337579810477682,28.4320217138908,1000.4572104911193,9.601892643440015,33.98994522493737,0.2674040336404755,0.8220239431618565,23.332336913789774
27.23832561123924,1.1954510170570898,7.821616591113829,0.5815077402382534,1.0552121552726834,16.551561393802256,1004.7475071267172,5.960354273246345,36.277938824816104,0.6947178364277091,0.24825574537265938,23.311732793394476
28.49063521034025,0.6840416828114226,6.530690656664735,0.32126069453277256,1.5977325019034179,16.058029615025294,1010.2353683692335,0.0,32.59377036881496,0.2515107675271978,0.058723220153970274,23.15652704993808
29.375882190713092,2.521015423447786,11.179097083488227,1.4720143831777344,0.2765705344484647,49.319064919691044,990.0568451164827,23.699242480236133,33.73927274229012,0.39448858273914367,0.3369652718655972,51.053116582467936
27.876311176612596,0.7747897582405786,7.11312627992218,0.5064921487936557,0.82134175065302,24.276836844871376,1006.0341683791506,2.461112439083043,32.709219862596264,1.265572126314264,-0.11823814349178087,24.748153592985425
22.10259389790143,0.49656047409909476,4.601844483832709,0.32918934941608324,0.20644294591804235,31.57077853851,997.7569396171411,14.057736398306286,35.30017702781011,0.9057246665108303,0.37305518673155613,25.767626111220316
25.427843736561915,1.686047444207015,11.30272866056012,0.9392408923765334,0.45492443107436764,11.11728483706289,1011.8929328383823,0.0,32.93339859414596,0.20076077602329556,0.36333232583223635,17.670803944616466
27.43597225553947,1.8470969825604358,8.616274763616135,1.5047167855429842,0.189219596950724,16.315540534263732,1007.333494998789,0.0,36.136539513703795,0.6614495471129809,0.48873692022284243,19.64263842935706
22.92259824102075,3.6880736589989396,11.417522246265833,2.2029052645159486,0.29205408347027,18.37792690974734,1010.43353401686,0.0,35.28034424029811,0.6943510547727569,-0.10428333597200208,33.7188350547856
25.6815827776964,1.776543410270214,9.64366627306974,0.8318132663884072,1.305485216335302,10.43192330757829,1013.1288659024316,0.0,32.62390622453051,0.15696134249864552,-0.3779566389482107,20.01735014107582
22.348632642309347,1.0781671052363624,7.314877208320561,0.6146531956619835,0.17106863349569085,16.823661802463754,1011.3778060820506,0.0,35.57354267136888,0.47619733782524176,-0.16355412372089195,16.39194992124883
22.825074220127718,2.9993789830069715,10.997724458821539,1.9869199182155008,0.5503430456123476,8.780639583048792,1014.7668986794943,0.0,36.20675027320493,0.2812052430023616,-0.048570680590461435,23.59451483609292
26.16769440011676,1.6434164206475073,11.696425555066543,1.00788876789464,0.5044733867443514,7.166581374477774,1011.4799472301208,0.0,35.34282033294724,0.47768683295120273,0.6335240602981143,16.0023082349128
23.393515417452132,0.5321593847387902,5.545204750147253,0.29776286972412846,0.15790274239054908,11.557003598164894,1005.7648546132466,0.4306735376346409,32.63125412852064,1.000541142966669,0.8182542101947121,12.251725205441462
27.95917890674636,1.7349863569193658,7.646334101428765,0.8718814792886765,0.2775223342999213,23.82083247104859,1001.0338527586938,6.601833458529682,36.189054058379746,0.20337014684287721,0.17063180662539382,28.03985536871405
29.23938217594129,4.217869284677526,12.767032480438242,3.28009269172653,0.47250089245831517,39.70836486571691,991.3889512320511,30.27238835178009,35.64959482561635,0.1789571304792546,0.05328671280650975,56.4723128800925
30.40616034064537,1.207518091085939,8.780806467326249,1.0245285014743304,0.19325974817023311,13.567465709634492,1005.1623989722192,0.25988930114959496,34.12734064368113,0.288264924897041,-0.07246774066597388,15.392248133546465
24.101577564570505,0.9623037067719036,4.472345626903827,0.5598845146983779,0.8256524799117033,19.413360482351493,1006.2127343039103,5.516965881520256,33.91311011075666,1.9253856074184204,0.3386416225738035,18.115765900855994
23.758567113720233,0.6477844826074055,3.5,0.3903862934349482,1.711520233960531,6.522371373616697,1009.6353551272118,0.0,34.56322678005199,0.9265773159999982,0.8160034871970312,15.927239903153401
23.097962323511204,0.6627535859599469,5.312283548797684,0.46208174797696105,0.2087943000837418,37.87549456639735,997.8638013064892,12.128097325661681,36.22853752903284,0.1117885716288189,0.675047811915895,31.432901740889267
28.682517620208184,1.3071888489525088,4.902055489525585,0.963890455788347,0.19311215090780007,16.7702103718422,1008.5727655170374,0.0,33.583855213039094,0.4075010591072754,0.44829181441204174,20.995241478591712
29.417995128112462,1.8488771207089334,7.690731795987622,1.1219204793352304,0.37308266069419305,26.21932966978213,1002.2916096558924,7.092382188829758,32.93414438833717,0.2785570094992728,0.4431558858898497,26.89866069095088
22.33165452066924,0.5344812022841121,6.715815708305337,0.43398366751537903,0.7198278332820359,27.148324226968107,999.455791858246,11.786893066866586,36.21793640373251,0.7099063042395957,0.34130846018894007,23.9214413629034
31.830228585558743,4.889994015948628,12.465865933379135,3.295863769671591,0.24882832514399733,9.149044502210563,1010.0730453787523,0.0,32.61304635018711,0.46892603550826006,0.03344827400201282,32.32387521594977
22.545698478340462,2.651268151259278,7.632042807094687,1.670712614153986,0.10903607770580317,15.545746994968672,1004.9033386005767,0.3169481066721322,36.41728719564947,2.102908618141388,-0.2077918778892785,25.76036927568262
27.683611520661238,1.813435985426782,8.36819051634123,1.285126049992125,0.4506336350094722,50.233189675936,992.5033859366185,26.266751539525806,33.814704335496025,0.24829152277216845,0.04271506873522052,46.6273652076957
29.445135454234624,3.220503155915009,12.090720907569771,2.6766295402635247,1.5117890140708206,6.314728253896175,1015.4281486710764,0.0,34.68535761725955,0.6318300912936295,0.1978188607459736,27.57291286646196
31.1451757993339,0.5337354017288675,3.5,0.4098132060010953,0.32337627454750983,21.086152943391532,1004.5059505227855,2.4329276618209605,33.06887075643458,0.8228038596656446,-0.45877186455140323,17.206204916293327
29.49791278739049,1.4365852627103783,8.816202070337656,0.6694562776763368,0.34523163654686684,50.879999212965416,998.3622847488222,12.809691551064788,36.37969636831974,1.1477201032572062,-0.003532755278173094,40.321018888132805
30.418144872232816,1.9912063987918165,9.81013082343276,1.1607219277152554,1.6617712032960645,10.004996136749476,1014.1752036692112,0.0,35.72429576055294,0.4135072171666365,-0.23907632410694574,21.208547520974033
25.564227021699462,3.2225023854966786,12.231631947128964,2.056658621368745,0.6337710144887022,32.671126074072674,998.809267455527,10.451390318888743,36.47386902241455,0.7967815739554205,0.4048444063738495,45.589359626449415
30.555663694338378,2.8480386259016797,11.954189848930554,1.639920659326297,0.6715056798777987,42.980953443592995,992.9685890475084,18.28853090429023,35.4378849198081,0.31675537904607354,-0.14239794075484874,48.13256692845669
22.841205887039088,0.9191069479686096,9.95741339333292,0.6710170274020607,0.4722131828689484,24.24589235686261,1003.8587347790607,3.5386894642619082,33.294183239992,0.4430635266435011,0.1648771161933456,21.70529080722858
31.39557488863554,4.9251021926364755,13.331045873817073,3.844079987364844,1.7530159614110945,8.683278686052901,1013.8845155959335,0.0,33.82554811284087,1.4558713088408708,-0.1950071025274518,40.597089683804064
27.74971994961423,0.6124544994435622,6.266775469115199,0.45477076242648296,0.6253899167806942,10.690533628661566,1008.1274428459827,0.0,34.59344887294493,1.8963316991680397,0.6091947640863205,14.878313041804844
30.581626584606184,3.7288176998119598,11.08721420978949,3.153585353290748,1.1143481038889609,5.510526471970838,1014.4552305827984,0.0,35.11121028304889,0.861250485927398,-0.5452649277871049,31.492439761548184
26.74934198744215,6.061441936258826,15.913560752399604,3.3884615683434762,0.6408570237366856,29.927588365773314,1005.3021953462074,5.92686267427708,36.483775580545974,0.3813803150647317,0.21654413189538835,54.48611759544731
28.757565799563512,0.7119770186899883,8.580868667096446,0.5695786232315131,0.697808180534678,31.523437480830438,998.6976840862172,10.1894474544057,34.150991302893296,1.1290717210336303,-0.39704018395397633,29.841995593433698
27.52722793982919,2.448594935285459,7.3899491576178225,1.8527270709669712,0.25438115803406336,19.022461546187166,1004.1390684514101,1.8986855500226238,35.52320969420072,0.11572451094957294,-0.1282664276696978,28.235968690139906
29.681689978430985,0.46579112664117295,4.546849519705749,0.2770858675999315,0.2627456058547684,11.085512998158418,1011.5733630971393,0.0,36.632338050316534,0.16504971471591695,0.12216534628957668,8.230843679197898
22.85711481132119,1.2318476104640181,9.283097103592075,0.916063250663538,0.787504234898175,6.118898596436448,1011.9359961680391,0.0,33.155208472686446,0.7497149481697702,0.13937496096089314,12.146553967013254
22.63369688190092,1.5620093960930688,9.341671673320658,0.7679312769749508,0.2583913051358566,24.580402913125525,1001.8204730443761,5.408811682865356,36.209651231752055,0.3065502482447311,0.1302433943833945,24.514406251517975
24.594583957106536,1.7904608017853212,7.678131972987961,1.3710156246703804,0.47228323081810164,23.151692070249318,1003.4104089796563,3.8087802435633784,34.309036102690754,1.9143089297608005,0.10311219934142515,25.922099193258987
23.675219141188478,4.796627487805677,14.915532479731297,3.179839009900337,0.22906848685124306,39.122043894186305,997.6793644442116,12.476172582138215,35.64941363649615,0.44368510090478286,-0.17464549165570487,55.681084860373616
31.153727449218117,2.184810005356777,9.444481773380248,1.2386038999316042,0.8641802417559331,23.358279968542274,999.6873214439692,14.18584517797014,33.76221485656946,0.43660311303185206,-0.007418663081083861,34.34911004573914
24.301746867259464,1.4502193452117083,9.860806734882557,1.0330070770245303,0.15269378093388106,29.700330877137887,1004.0673813112148,4.289416831354835,33.936132138543805,0.7800704139926682,0.061071905662620225,24.29641109324872
32.24658518610088,3.0544357317392716,10.60974870787085,2.1584108993913906,0.8959181805759971,24.183393015553644,1002.6060557208957,5.153349638878809,32.61667286693268,0.9754959934500045,0.11837613886560898,34.034917418253045
25.53740581359662,5.210313406249764,15.917012302058449,2.781236582676615,0.5154123819452028,18.945557722729816,997.8477393251287,13.021598611298854,36.67703785861792,0.4872531077296691,0.02701183451755409,46.3178285582675
23.91223811473134,0.4357011966787883,9.74728001976075,0.20136321450918412,0.19311080605718972,12.795352811482118,1008.6597124079908,3.745506500075761,35.99784607349237,0.24447978026171355,0.3053566473445591,9.684019014371511
30.29183432499603,6.874833111887741,16.0,4.286108067747103,0.4514335114524043,37.53579761995641,996.3193695562785,13.381402719949502,32.90384721908275,0.9904995077564646,0.08268543955282984,66.12527560004116
28.9164316427592,0.5441108644148868,6.053391804639062,0.36880092719611146,0.24939131960394353,19.73630632590302,1010.9397522074186,0.0,36.79788782135423,0.33170751698936346,0.12046408866756476,15.94745757612492
27.23105502275796,3.0945443660460863,11.653850336714424,2.4776225348919376,0.27584854608100956,12.113235412567498,1007.2558621203005,6.468747263945753,35.10160576797264,0.21550370048359205,-0.08392832190903103,26.340622073088152
27.831317284845127,0.9263505746985451,6.119509747151554,0.7607994234515417,0.29491143258927854,6.220235940099519,1008.1457962868702,4.743720952267257,36.171033143246845,0.6992170442351774,-0.31835467431504777,14.75671242477615
29.55161867185877,0.626832903558411,9.710250784692239,0.4146638107269029,0.12943574497717797,9.808769795887473,1011.4848927998147,0.0,32.786641282094834,0.15688560336126373,0.10391012575636469,6.198798830281067
24.398774783978638,1.3272971875980915,7.659241494220536,0.9974922320221943,2.0196841866366553,15.98528736525399,1005.4364807455786,0.0,34.17464006751527,2.2316171268530587,0.47260611538702824,25.969087986339332
32.46150611859579,2.0523241403580754,8.284783472306266,1.2841829474559523,0.11441914802602564,9.514445331233926,1007.743918612794,0.0,35.37949982590552,0.7004514680660577,0.2053514307556446,20.634165541322904
32.235328202541226,1.1673155432495221,5.847634470319086,0.8736573136257496,0.5887812268329823,8.500649518587114,1012.0282366996432,0.0,32.957664990408716,2.6567577201515173,-0.23612287942517707,14.8943508451073
28.828419706642837,0.4897769148610377,7.527428734159525,0.2605224353048834,0.3087937035611613,15.492890666017509,1004.4991725079711,3.9430350914574674,34.6022822062122,0.34830413010731165,0.33515900903651136,14.516475108498684
24.095195734756025,1.8639111801832584,9.655821243571474,1.1154127141912815,0.567319346533818,7.605584112397587,1006.4964679202968,0.0,34.40351486053981,2.228535469539902,-0.06729097372788483,21.524457873708034
29.14239654552856,4.123058164534717,11.675473139041351,2.9013597455146183,0.298198951010883,27.560864673707,1007.8294026700507,0.0,33.42897296523639,0.1943869756248915,0.30012889316810054,41.34909898672988
22.758083294281345,1.173176591054685,7.976394881582067,0.5364504660511686,0.6040419855477674,14.273071356316008,1009.8613491837306,0.0,33.79116029416275,0.12492758663661042,-0.07907855271365637,15.845685796437184
22.321851273160963,0.7900332960075535,4.159225980494312,0.5838223793014069,0.6879276435538269,16.941914008307382,1006.2312899063022,7.648120425198401,36.65860892432842,0.12012418009825965,0.17365725393957937,18.723551802942705
24.705670329367745,1.3350904357951445,7.680618647040995,1.0469968787119877,0.6278352775254032,7.232232095714286,1011.0115904491295,0.0,33.74118848984273,0.47514775809410015,-0.13147406781852133,15.724178880888541
26.857541045762822,0.479314105264243,6.541899917590679,0.2922170386332818,0.1544479384900163,10.493811877128518,1011.196611713178,0.0,33.417732376064166,0.15199143048351776,-0.12256837376461703,7.807564959358478
31.116861306787996,3.1480174499279006,13.227426124209057,1.980660070802194,0.5813711249599397,12.38898662829265,1011.8186649136609,8.351592783402285,34.80569943559383,0.5306703743516519,-0.49819287848350885,29.749554627951266
29.635275232546235,3.201056934589781,9.605674278168571,2.530476752048864,0.24781904861350756,28.119166196836755,1000.1535939273575,9.547271095390826,35.38511954650228,0.3380523497311257,0.22922618670640593,36.88579505641999
29.7984184725998,1.8187728871399016,6.356262253648336,1.3827436474191066,0.11315092145056535,25.58517705063852,1004.5633666746929,2.066119852613428,35.61790037759913,0.34534872356341495,0.17955937218711798,26.733311006356363
26.467680011704793,1.0969088348180644,5.631293961284953,0.620038463775737,0.34113431074163925,8.532003146804255,1008.966709705038,0.0,35.743262893336734,0.7057166815324895,0.19925495069132987,11.262969467391319
25.63231742174311,2.9733685134028502,8.34721057365275,1.7233359727692532,0.3557594294013101,18.40610870934818,1005.8540703273187,0.0,32.65837971351344,0.20682898451491238,0.14636569639613387,30.57937313339495
25.895907011338327,1.6943646863099588,10.0548424719964,1.2225710301463426,0.38330227558977537,8.905930808604023,1010.8149306223813,0.0,34.193169721632124,0.9728810768583955,-0.21678751166315613,14.48515073447998
32.370320419228605,3.197297638558282,13.078094691940962,2.159068709761241,0.6490828228088272,67.21123998278884,986.3047478173406,29.77620624408053,35.82801974306729,0.6234086919733819,0.38806474257275303,63.470345312232425
22.421146509831065,1.9971243981822093,9.07514878365122,1.028303032999374,0.26622525015255816,47.54793757841397,996.6281381626196,13.505195113379855,36.390864037740556,1.5786716855522773,0.39747275503229446,38.847071322208116
31.10383070928571,2.854969321965912,11.970887198066364,1.6386723480082404,0.2704357147474873,16.597992493076077,1008.6267921801979,0.0,35.08946053033097,0.37232762357234506,-0.2258831128097039,28.62362031666592
28.076091790010132,1.860327444150232,8.549526970340771,1.5068527855690512,0.12810838735331984,21.804499392687745,1000.4971690925414,7.872828632192098,32.72491947009165,2.5347494479978407,0.23624339697248525,27.796531667854712
26.6054619014907,1.2554819986062058,7.1172001259400215,0.9105631462550995,0.6224414754695105,27.63261729386887,998.5483938460342,11.809408446813098,34.205576965177066,0.6145692476483907,0.35624691487879195,31.085823033344177
29.615205434358934,5.470075906291117,14.346580202743368,4.618875901588356,0.4775172424936276,22.871529679574397,1003.4731612541327,2.470569696519146,32.81917659823436,2.276150564070085,-0.1145343956703025,47.96250940140176
27.11002388495938,1.6463249346565267,7.4977983953153995,1.245946961915968,0.2934544892370714,21.847627126065483,1010.4897940295338,0.0,35.71871280954371,0.11646012153360569,-0.05361249123552324,23.63174518905059
31.170943999857435,1.8865538703709595,6.07409463220418,1.5597834459673223,0.6496393304880281,49.56709733939861,991.0352432450958,29.79696163148057,32.77307351791116,0.8811196999121866,0.23693969287412509,46.34214172426575
31.457369572118214,0.7985387736657159,6.833751938009297,0.42839643161319996,0.44686054003608766,17.704580207236305,1006.0852106093586,0.7204503448772508,33.29864358696126,1.117721853161866,-0.47861541929500534,17.85243496948602
26.42806973217128,1.9721059185637029,8.4892897880936,1.4960276184372008,0.38505459512178675,19.160065825261892,1004.5015230499049,0.944370299316013,34.29292122304853,0.1327835124488131,-0.3309810275369,29.48123283134186
24.906691870968043,1.756345274406196,9.279462580047968,0.8045589518715067,0.4222255142415313,31.491595649777015,999.3707392272394,11.98747145347517,34.489387978593946,0.619030234556318,-0.2964212527543465,31.654036237270542
28.219678450230305,0.7269902410712256,6.4488676785861205,0.5222000044360549,0.5552012156826728,20.516647660256037,1006.086687842198,0.0,34.24787131135455,1.0715181065391703,-0.5787107276889233,21.103696955321258
31.579815128975255,0.4982979872459945,5.652880824689152,0.31777106011571005,0.5854677948616599,23.483560205921982,1008.5326305673249,0.0,34.4926055804058,0.594006449290687,0.4297289209656181,18.61978463779574
24.2119529845595,1.8835981642509476,7.08368715064026,1.1088818278745936,0.2534605861759974,8.73510690643662,1011.771096473462,0.0,35.566928353686855,0.13956440007019824,-0.6458461349670834,15.408130531627686
28.541149127416567,2.708192607874594,9.98297654940691,2.1529095102951756,0.16825943780163355,11.49667865016916,1006.8554806127079,0.37550810273610535,34.08785593870883,0.8094192425914716,0.17008873220097814,22.204640964069153
28.631382310971468,1.585728945254547,8.961667947682427,1.255432828261691,0.17665950985440465,7.230886999779293,1019.2822644736771,0.0,34.85532697434766,0.13750637262147936,0.3340891881643269,11.260683524986035
29.69768673536045,0.8114914046030625,4.7456760416597215,0.3724101888046754,0.558982312174406,14.866430859527776,1008.1142481324896,0.0,33.80448780737355,1.120500809329871,-0.05275858404464352,17.951783179818882
23.381460693836228,2.1570853006852952,9.01396417175464,1.4965902014396062,1.0281569230359786,13.516270783229945,1006.7028138671707,1.3382191067691047,34.02059822888907,0.12639256444052516,-0.1839286686559357,28.879505961859085
29.51616212916193,0.5335944572331439,6.310034450313885,0.3186268001906751,0.3370507033675726,85.0,983.2362891240327,33.08650479604823,35.139335523880945,0.188680695169184,0.1314948577578237,56.694784411092336
31.544841466989233,1.3329573454908863,6.3222260464561995,0.8214541595445476,0.18358823131909552,18.225974465585164,1005.0879751309276,1.1123385996970787,34.60912700203919,0.2930392215170131,0.050641550208068514,20.698800876587622
23.88667264313754,0.6853911785591151,5.351919664044407,0.5365353834965435,0.735876713183652,26.614040564658872,1008.0300183795146,4.035706625823966,35.609056067894905,0.7020327457716841,0.40122670184574544,22.467871797958765
24.494204911700717,0.7262458318225793,6.653158770429965,0.4168185613620954,0.904019090682001,10.690826915886245,1006.9859664264409,0.0,34.91031592862252,2.3468662003044,-0.869982399139285,15.668707597008575
32.199648487437216,0.7616241707738657,4.670791979954023,0.6300303842087026,1.0563080708329127,29.935240317751067,1005.9638157418078,8.827038746022566,35.95536856715065,0.17521743746367374,-0.27154761665184474,27.26225978263796
23.900258003449643,1.182260116946765,7.6529537833782655,0.6169666160557731,0.5200825712576705,18.36625725716758,1007.0405664751878,0.0,34.40665531587728,0.1923857854681718,0.24655190937061938,20.51672199749746
30.97104348038058,0.48400763309923756,4.528182179089828,0.3461085195091459,0.9870986979769785,21.715960317518526,1008.9312906850115,0.0,34.61144456542725,0.37614642641827456,0.06765660497106105,18.550834312636464
27.168917492704367,1.211447633833215,8.774886280449612,0.8708394724734024,0.10699075188324468,9.882505526973102,1015.6360301444098,0.0,35.38087680027404,1.1855355703012627,0.3132119557189035,10.559753914121385
24.59592628123336,1.5469448946177389,11.29124242839438,0.8521780095452683,0.15104475491834823,16.13681055891427,1003.9576090747656,4.548048522738932,33.451348960971806,0.4778003535674724,0.1417069916838818,19.507593577367135
31.142873963361367,1.456450852973211,6.3304763327990505,0.8445962044114853,0.1437154915597052,19.073121593151903,1009.9736771592125,0.0,34.15949700880442,0.3328202920021701,0.0028420278655405737,13.24211896826551
26.675705177527988,1.172058236759018,7.911016619728244,0.9187991862464906,0.6611034718895961,17.451494241291137,1002.587378893251,4.197385100072658,35.18681734925034,0.594232170401867,-0.055800955082726464,24.544169792487423
27.40558221626175,3.3236191007826372,9.892401524085718,2.5084087939301334,0.13245449446132712,39.543398136865235,994.5758712308402,16.53477018968008,32.624167957842666,0.28108741985097974,0.8637692555564552,46.16600443580227
25.77195037869754,0.6512575671376903,7.733694881544527,0.3787963781594914,0.4086560051271758,36.99642916857465,996.3559478453273,17.109925278772515,34.37897716462595,0.40765640410815995,0.5872311959110289,29.22087511354194
28.225983940066737,1.5273697138492293,5.85137787130079,1.013535994552126,0.3879994219638129,54.55873820320059,993.0455471189804,18.468923385045752,35.0750547261163,0.3426240568334755,0.2234267843333277,40.795255622892036
23.717000662142738,0.5024791767818513,6.625342655848901,0.23851285534579952,0.26743771040302833,20.412584866514667,1005.6938656269456,4.583947652329748,36.659714787506246,1.0782162284998196,0.07746236270694515,15.43224946007672
26.106356134843487,0.5181026096702747,4.623101247072466,0.27640688892308524,1.0195040743246895,55.01484152787468,990.8454217066219,21.656226142753486,36.271171214955984,1.6482354603948914,0.23834639227370202,40.85752821060038
32.17882938452052,1.7648017206787987,7.866166213574285,1.1371115575926465,0.18408323998911424,30.012968305481564,1002.0804247701042,4.487004419338083,33.70719039765343,0.9552012458719334,0.33939215125551775,28.19087935549682
24.710401043361838,1.7356051191063808,6.577551301670525,0.84070888562159,0.295560555052972,9.421918386404638,1011.894255314655,0.0,34.68100344732437,0.4469100168628837,0.19658933999657824,16.58067210939838
28.895734977683567,3.7664143478895262,13.013071532544778,2.9654220891520686,0.7695907378484396,12.806822551787281,1010.7313468504998,3.056442836254586,32.742581802438394,0.5211129629621406,-0.21298304318529537,32.0064721509925
25.414495674359294,1.7058554177022636,6.815069220204695,1.2575608513484189,0.1139026050781255,8.812534207409996,1013.6538099508531,0.0,33.53524398371657,0.1801693706830026,0.6745787687035787,11.811584725468775
30.12146781970931,5.541863896460036,15.803301402625808,4.585634501747398,0.6029395472725969,5.0588839108743,1017.3770345926482,0.0,35.83188023269278,0.9242987167466129,0.1361728797139067,34.61644531628156
23.374173437542673,0.47987262953267085,5.3476236907653085,0.3490529983532391,0.8627425377493814,7.916409740220163,1010.6762147543496,0.0,33.03025025278398,0.644511111384791,0.7548755106364351,8.536127646581612
32.18312097332472,0.5650388458694073,5.845361364866639,0.46681280305604617,1.3114873709997705,5.056963939942436,1010.3544538442192,0.0,33.60806925678601,1.4963725996256474,0.11550162040706685,15.336151177473443
26.764790184528213,0.47210601785600814,6.071424693241007,0.31716319384257147,1.040440978646104,22.81344485789628,1006.4468369754807,1.6196565087746508,36.55938275746397,0.234344663635576,-0.03597867324393687,22.86008005464535
24.478529865137872,0.7278510673776328,5.167394913791466,0.5022808830084846,0.27314073108171527,12.760408370391364,1005.3129497516333,0.2000457371681813,36.04257994211757,0.9555855085915534,0.5344490434162623,13.23042640521337
22.771715846965133,1.6468699506228175,8.279916581432401,1.3846691867771768,0.49724616727765947,10.247230089926362,1007.7444399195779,0.0,35.86185916439032,0.7924845035625666,0.1554154353272185,15.148799476305275
23.782458003419176,2.0596009095810714,11.002783483777545,1.4558323192915412,0.1361998326051746,25.080375922969978,1006.6709292238378,0.0,36.217597208299274,0.2854214968642334,0.09669792207825134,26.926817461446625
27.457626459838185,0.47465097141434304,4.687229569796746,0.21943808706296153,0.2342038842034178,30.013701626750738,1001.2690318527672,7.398310542832842,35.72330445230412,0.7604502949708623,-0.370127471974908,22.78658361461168
25.538533352528507,5.069171681174862,15.88222424102552,3.748759471749161,0.14453265440053542,56.81306700332179,986.9818068000287,31.424563713074576,33.01852072930841,1.6491681693987517,0.2810762317975398,68.58356274830687
30.7032753417674,3.353931970841399,13.284223997746196,2.72402154494088,0.27037445247465275,19.38164335050285,1001.5499141301681,9.481707923435225,34.72121370388649,1.603820283774814,-0.12265863403456793,36.18508588036027
26.524318998448962,0.9629556872967356,5.509087753592058,0.7397734697796927,1.0364231674157092,13.666301841908716,1008.5188492797485,0.0,34.410248859449986,0.8629797411450228,-0.10672692317589096,18.79558371096733
24.611499862170113,0.5285267836777903,3.768766302984195,0.36126566136892285,0.2918951557996603,10.099133141600369,1013.2672230231861,0.0,33.837951786562634,0.12956022761216318,-0.12169209589181003,6.659433120735457
28.480022359342314,0.697909649733983,6.709178719778816,0.5014630222556076,0.47138668935097827,8.520129868410919,1013.8773485632479,0.0,36.0863737617943,1.3346753714251323,0.20366184214335592,10.213517155177156
29.42116077729718,0.6172096839917397,5.289866147034822,0.5222067423303787,0.3556305508312523,8.352061217645847,1010.8935574778832,0.0,34.4957985702092,0.7433784420513315,-0.48738169575149143,11.267042505992803
23.753940032959974,0.6105150696982943,8.901831954201434,0.29687200987834106,0.3763817709153513,12.367636414921833,1014.9341720864383,0.0,32.75927968583746,0.3230159391729731,-0.023795869954032517,9.17450282035702
23.760001771027337,1.5695634778201164,7.877425570825958,1.1252168105338822,1.6715771854432249,72.22741925663907,983.9448368553271,34.49575405487071,33.68235200999715,0.22439929890251892,0.39309764688828225,62.50909483660014
22.3850499828022,0.8514569608475351,5.329323417472795,0.47967600827350115,0.25803836292099036,5.011956868624187,1011.5205501839037,0.0,33.483070549526616,0.17411731431424451,-0.38598410426900265,7.936436469923785
29.732221158189226,1.1094154015500846,5.276208456272585,0.7832873884403375,0.5441712082284308,8.07519811081401,1002.972610695742,5.8488635754032225,36.31615920468852,0.13092561587474721,0.11050763632710478,20.787973998593564
28.969947540028954,7.5,16.0,5.197870727651816,0.3451758545253918,7.922346342276339,1009.3957685409908,0.0,35.283983832747694,0.9417061229610126,-0.17098979709479206,48.01055682239141
26.983624195373046,2.2448128301148462,8.183887133080443,1.1479585197857538,0.12839297016696904,22.67822953198746,1007.2179505915542,0.8014234136965701,34.90961794329292,0.2613892072973495,-0.09129259181297171,28.50177159989004
30.86378971417657,5.160881024927617,14.355329044060353,2.7491943976047204,0.4024149933041,11.08458058551653,1014.1276449459547,0.0,34.67859173921843,0.11473112916263847,0.6293032911364674,33.55684032089217
30.459536605975558,0.6460800888135217,7.596648277533061,0.4513850371625933,0.8553179502148415,13.555769285649347,1005.9275087460836,1.0186532390570888,35.2954860184283,0.4037722151242681,-0.5276712142407528,19.884461841757915
28.146220826165898,1.1703880550832464,6.380310971253598,0.5867061442387774,0.1467891479569005,7.252621953354307,1012.4003832423804,0.0,35.745964851141636,0.49537161656339146,0.3179706183600657,8.83246240851826
31.116848445389216,1.694525582571182,7.981252805517887,0.9422788229238105,0.13245936190495736,12.26864455480089,1012.0888422802872,0.0,34.88385423507549,0.21124154520459082,-0.11727489407202439,16.579089644381
24.161332705386066,0.5277823317809994,5.925155582472018,0.41383318641939415,0.17506020660030872,6.524910764789354,1011.3468964976156,0.0,36.53462728515622,0.1270287568290792,-0.13468239480098354,4.527623569857024
23.175156003676143,0.40671397683570937,6.757071925578415,0.23623436445411233,0.7505291349976335,15.661262068255713,1000.7014036581367,7.306876549247727,36.70038693379665,0.22578517793372874,-0.3390468198708936,15.945749053353305
24.83237092092839,2.175967447113381,9.802857908069575,1.4039865561113638,0.6793019601812044,6.443014022699741,1012.0888642246699,0.0,36.779971961417935,0.7819806024620691,0.3138648730457725,20.300682490540034
22.599411988937806,2.042749242569728,8.346778039743267,1.6882426418647716,0.47460254355450193,26.883001644279737,1005.2148206068911,9.797928346565367,35.37838177338117,0.15149402033608445,-0.016991615699405688,31.31904249911332
27.577280044010834,1.2463529643519768,7.338908928078336,0.674102010047101,0.3841918533210159,16.705374139662318,1004.2790478456719,2.1433877149317593,36.51026800705027,0.5858585290079515,-0.061184294828128274,20.90708304686533
31.834359769097098,1.4762350504681154,7.099554573557375,0.8943776060699292,1.0864763681817324,23.021332289345736,1003.7581642882345,2.6202901147152655,34.2392626898242,0.19498397382061705,0.08844292522142613,28.983974330811535
22.413107177019352,1.2590415753445967,5.049856225241107,0.8719909301451987,0.7549393475070041,12.590414823469832,1005.3492234168908,0.1865796724137394,36.19624728236376,0.23066169069361078,-0.009600494009630187,21.578643093137956
23.28215409710528,0.4388765783693681,6.176379127162057,0.33009468622216953,0.851952785227242,11.726216140464803,1001.4611154140675,7.763103527017029,36.40944948458063,0.3996128828000437,-0.6502407579137335,15.6360680143111
26.74808979697607,1.0536435213740563,9.734845979722904,0.8541480843922526,0.8551226475212561,6.447213180709513,1014.4262783962473,0.0,36.38780403102878,0.16376678587360344,-0.12178846404207543,9.869269649557163
31.805687684043,0.7118384465675335,4.955730492784966,0.580994848694938,0.5631523872704222,15.388477738832018,1007.6523223884872,0.0,36.07263901650604,0.2141180126420385,0.36340431183191346,15.786632208722697
25.31963910225588,0.5657778331194041,4.858855535210873,0.43036232026062604,0.3756323170176654,15.11612630401289,1012.5687376884626,0.0,34.24837639505738,0.3575035232536773,-0.4773157624393079,10.592874240426527
27.32596549122812,5.424119471462374,13.45732339116666,2.936251256838496,1.000043347177585,13.83825069279786,1010.8738633492724,0.0,33.18330217251716,0.33999020016484854,-0.33147826494972404,43.45769197339885
22.436515020029116,1.8635061187426913,9.441198681821529,0.8570706887687025,1.2717056929077486,23.88697087717551,1003.1015591773432,5.788887639008786,33.936012332281116,0.9300307248743838,-0.09937698838948396,32.34349680281429
23.557603610101932,2.4869903006328125,10.149310722433723,1.5009224522568332,0.11084229376423466,30.01517475676696,1001.3912684139592,8.1389962796648,35.799340847981796,0.14663573400995294,-0.2039681965229997,32.65984592149624
32.359616291067894,1.0061881501185197,6.57333213158865,0.5097545781640699,0.12381910478192382,24.45241284190757,1005.6298915903485,0.0,33.50140769871889,1.281602554430837,0.04024008125043719,22.015087495318966
32.13374631257848,1.1991502484274084,5.781441854710888,0.8803622213544926,1.5345737560961252,7.174593016729378,1013.946406066908,0.0,34.55656987875168,1.1164492693641608,-0.33257686308755924,17.449671661742503
22.0518697998113,0.8326362205514419,6.637310384452482,0.5948788084903575,0.24605570379891142,18.622259388073147,1007.3000227324312,0.0,34.93121792733409,0.9714390618702577,-0.08574908333328053,18.140466193145684
31.99402374694401,0.5631915354210899,3.6668115727542556,0.2633419734833997,1.0299166324426368,6.172260214458319,1014.7752605240327,0.0,35.096591818482864,0.3220926851352426,0.033201913940233044,9.371288051600018
28.710759347062755,0.7156331288381366,6.503279482194886,0.5615125974675629,0.3215453748261601,21.60688213418184,1004.2130423229605,3.50848732372829,36.52361985802883,1.1385627346234777,0.27712914567278985,20.7110577531095
31.113142092460233,2.9553356069277483,11.62689067160185,1.6239489558590234,0.15706505451910663,11.734090914054814,1006.1768848656203,11.837898002407869,35.34441998778156,0.22112437700347268,0.48567628513485855,27.348944372459133
26.774768484155523,2.2108706950581585,7.102768546154168,1.3771310827017056,0.13773855896681828,6.989939896148288,1010.9273616938437,0.0,35.8810849091324,0.17971385629386016,-0.041541503848703906,18.694450175244675
27.41375830008213,1.6667298546700504,5.701336323161595,1.195334473731672,0.17659213375951305,32.73218266785237,1001.1375971030928,15.899146053692052,35.002076895934024,0.12759892927116623,0.7108210844360389,33.700510133145016
27.13288909269766,1.431245147931954,9.945398103819805,0.8899017386146246,0.22939285408622165,18.32715318869882,1002.8489189733767,3.5300821444168093,36.08439537110644,1.7811893922760915,-0.014366603190583388,22.950165021181064
29.002074704234097,4.490607598572045,12.165454218172805,2.8134335635216554,0.40169960955863226,11.133101055042996,1005.4056156660719,3.346924242770534,33.63375353619998,0.3209110429704872,0.34010630188978574,35.37740130525473
23.466338174941285,0.5208253272937774,7.641407358044533,0.24804368614234842,0.6440402408021905,5.436928217185201,1013.1034237411675,0.0,33.40247398817579,1.5978321148379762,0.7260277071543727,5.994146644975286
22.314722693663118,0.926942205056625,6.437499471305178,0.5659699797782115,2.033911369683613,15.789779774991066,1006.2792554208925,0.0,36.48317620965927,0.2909784342576732,0.0987579432325773,25.841494370666
25.233264386707503,1.089099697234527,6.7174472296101575,0.8232931073300772,0.3621307305135061,40.93642717095562,996.646301389091,15.068330163245557,35.48196776833672,1.528755977637017,-0.43073431755213737,34.53129449886681
29.39914800873479,2.8403446293407133,10.770239382058252,2.3179215608943844,0.42858772136634593,17.701934325132203,1005.6318902219608,1.7473675096938668,35.38755998135035,1.505600996566817,0.0818163500226709,32.71771862519421
24.119461247290957,7.5,16.0,4.615491411190115,0.4319915764783947,54.884094064028666,995.9624698553955,18.03407873430151,34.50936952610233,1.6436610592277898,-0.16407501087171877,74.35532858706752
29.071040549911633,0.8405111862052584,6.711665850412934,0.5206414841163143,0.4488849473191021,7.053866838268314,1014.8807500771923,0.0,34.119798214962096,0.5112901001722887,-0.04605120944035822,11.423789208565067
32.18407648412634,3.718264818312313,11.120642550726025,2.7182406281748692,0.4281729642243035,16.7605068125126,1003.3865537717891,5.121530038550095,34.88947213625814,1.3057088287381873,0.7447419088733253,35.07196760454163
22.985957515788893,3.2410029838282544,8.853065205783311,2.6806620901834886,0.1039660659665532,27.401495519311872,1001.1186516175126,13.125339236935234,33.01843530251317,1.9067012369694993,-0.3779671981283565,36.614205693020914
29.062322241363827,0.8071204476045686,6.959039917777822,0.4494243396715316,0.10077684009767508,15.438113065981614,1010.1931427179163,0.0,34.45526401265736,0.33548515335248863,0.15516338780705058,11.892258966558684
26.659377302697997,1.2155422010438024,6.793014251561971,0.7609995335064317,0.1462469012965807,6.336764608974411,1013.1965526958497,0.0,34.45808112920157,0.4256730257622098,-0.25720244811260357,12.067212786028065
31.115493670963808,1.243325499058614,7.002448655638444,0.9553580066871636,0.1481912075971935,17.241540037433964,1006.7761684505379,0.0,34.81484700566034,0.8621534406191641,-0.05768027942032007,19.604951568448925
23.860072789197552,6.522870170343042,14.925924891496239,4.526072375342325,0.6491937351337602,18.245045338007984,1003.0745336576922,4.420649368928814,35.22914814177897,0.3143134642787573,0.3106948173215693,51.535503795664184
29.27257249837473,0.7192627444646976,8.681773491680662,0.3554844899130464,0.2031883976927888,23.263898091266856,1002.3731277063118,7.6825443022989495,36.61646897373706,0.9409893257889081,0.161357380215558,20.796703083520352
30.800210541305155,2.968378569310668,11.658152704338377,2.0811097159889167,1.112984117699725,25.050479674222256,1002.1347939020932,4.428234068947304,35.30432724649455,0.1460587463602209,-0.028761294136556176,39.43067182676162
31.918449304477242,1.0508080174958323,8.337688257750466,0.5513574051100963,1.2877957283969301,25.622575957982892,1004.2805105400703,1.4937579819743831,36.30001815339967,0.5447704990621487,-0.1774301138426198,27.17093700722908
29.174104297041282,2.5000992472575883,9.042011591401137,1.635280850357213,1.7763701683744242,20.24588652067527,1010.7746399555783,0.0,34.892106604317405,0.17827947548664785,0.16062736725376497,33.653760864221724
27.220335022088488,1.271593837672347,4.695094573555094,0.8413390088122825,1.3591968268899073,8.403476355689572,1008.4791043256458,0.0,35.195789895298205,0.308309350985681,0.6476903510036797,18.26931739110573
28.487396022112748,1.7817645564493123,11.136552275343028,1.426269288423869,0.242785377366654,12.250743551264094,1005.8774704421079,0.0,32.800298898371146,0.2795495429360932,-0.2654731799182683,16.22788935979031
31.123502337026544,3.2599031262442293,10.77617936523081,2.070031018699184,0.420802557659554,25.95365482579896,1002.9874415235989,3.5643366849728975,33.073034008402985,1.1955574597818304,0.7190823599102204,37.39640663426663
27.99140233970771,3.0087771136536765,9.292599110546536,1.6902616869870768,0.18681558570754286,47.93427527895167,997.3575741796209,14.158775460575963,34.99258287134942,0.22904366623943107,0.4698241077538029,47.41604690213667
22.319064126816787,3.6209256998821586,12.142868621512555,1.9639413593723156,0.8384402804759811,6.151327240835608,1007.1264516476091,1.108090386256606,34.20156534081953,1.0915573299649062,0.5292736786522185,30.663943242678723
31.774961302823264,0.4983494173822755,7.647710133293042,0.39853040317842386,1.0869032645520311,15.736217600281165,1011.8812834407444,0.0,35.93488523542165,1.0478119798749062,0.1579513333253605,16.691167182364087
29.24003088583139,2.2845114283613164,9.077544736922171,1.1843006432795027,0.9575872179270519,10.246161824675315,1009.2648981034926,0.0,34.83566486195895,0.5145494698567006,0.459895421428463,19.992478427770443
29.10339055066109,0.6412931385788793,8.072190401351044,0.3978245467728244,0.3556195122678497,8.575608813887133,1008.2659069520475,0.0,36.293851467490754,0.2598211018094365,-0.3030909488577192,10.852960123034588
24.264589100176032,1.2600698771213823,8.89262568659379,0.6613719262751918,0.7397227380857215,14.86771244854185,1003.0774328961962,11.092784454720421,36.68102621738785,0.2544052830539498,-0.18381536774697904,20.114422262620437
28.918297437442902,1.6726012007202509,6.396110380193364,1.2700422467309629,0.14620344181530795,18.042836073092626,1008.6901592313415,0.0,33.134831296022384,0.4752086172949812,0.3180348348721373,18.21586057249005
26.135576259368662,1.2246430189032864,6.1936722755367,0.7834642152679345,0.11848464839148866,5.1374841025897755,1011.3710517837973,8.42465556459344,34.19775933211919,0.10530882164247957,0.1535457693283357,10.549674740939643
28.837946258935666,1.573056789452239,9.267807965933681,0.9288231418549912,0.7296960446462887,26.21093993597599,1003.7193764746264,13.452312380124113,35.35941840852353,0.554740400783215,-0.0019327404742192078,29.46582642290472
23.1192268182339,7.5,14.431081154284342,4.4582989218794005,0.3493014838938273,28.99801342485036,999.3572063079099,12.990572611961978,33.8136016482215,1.93175662259355,-0.8259131117125976,65.19693754373887
28.90737569833188,0.6324432533433209,5.9142143162704945,0.5001903141826057,2.5366086862252164,52.13953663676136,991.5734909291688,20.200577129333805,33.64823905220243,0.20084309584364496,-0.10241591681335989,46.122448509576586
32.493844120592,2.2005348776036584,6.814715977249578,1.4776802552150083,0.14604142998245986,7.789308025664045,1009.3328941327211,0.0,35.99907581070399,0.6110686068908601,-0.36091882310439294,18.400145488306624
22.50622640803584,1.206692289639658,6.457215419201097,0.8895097707139602,0.9709118970772523,17.638696523693824,1006.4352279976385,0.0,36.71562741695259,2.058617218025916,0.22273700895902582,23.59581527517043
32.26032893432383,0.628364166960067,5.682825366984314,0.5082306191300124,0.39425225574094014,12.787023684019882,1006.7260979745115,4.17618401787618,35.827354324364165,1.281909637809297,-0.01690898499853248,15.203373179175138
26.27253358759014,0.676561061877845,5.680443344518858,0.548485800197656,0.8898995096542206,10.707931627800093,1004.9883088006088,4.694288148352069,34.75180947805769,1.2397943862305956,-0.16990519045827662,15.20178389595451
31.142911228541223,5.1700784963501345,13.477749415261329,3.005902362432962,0.8645342046035525,16.67413127158789,1015.3196804770007,0.0,34.40279829736485,1.13507739773618,0.9750186689185063,39.800367002247874
30.215047582611874,3.787117083752797,10.171095276311814,3.1470204677302016,1.2145794682564486,26.350266986098728,999.059677322535,11.722896530169923,34.820485198280565,0.32178977077795246,0.41336106684298213,42.35856585098963
27.95367074036001,4.200971319844445,15.999615275948031,1.932238240689677,0.25912370738871227,5.326517162202573,1012.3511052481559,0.0,34.490210719407266,1.4277389509195675,0.4195552494746207,27.424019095918183
29.753716697138927,7.5,16.0,4.505506683048497,1.4462773179059907,53.81462528129771,986.5249531636053,29.908071225014496,34.66241864417837,1.801601921836132,0.8207753006387605,83.19211117559972
31.22441339366415,0.7737474978975356,4.64964676583114,0.6254352239006659,0.1740168931884721,28.24151434952094,996.3799988403433,14.39547434694356,33.374848117275675,0.5108603423005371,0.33076712393908825,29.595983188861606
26.243473377335846,1.1026981399518143,9.358031778868616,0.6173507935928592,0.1384857449217784,24.47287799565703,1004.2164120655804,3.072611153066772,36.386090382030105,0.3627040841325271,-0.219833903315503,20.545814204022392
25.433848196414004,2.170078151147178,8.30694243635564,1.2135784035465809,0.3542307324507752,25.002244529533087,1004.228060898203,4.18487544118981,35.744500506550054,0.4208958264435848,-0.2607637230921077,31.396329216961316
29.00973054841764,1.4580254592211053,7.818227036595555,0.8326038551203218,0.8929631313844676,11.898607601552404,1012.8850703129444,0.0,35.42820291758085,0.3440653775277036,0.38771596556398213,20.612697881073526
30.482382390383215,1.2671269706722774,7.1859176073647255,0.8805586585797924,0.3886093716671065,24.49916731300981,1005.110748100043,2.5520403015827897,36.58467737519023,0.2432730087770682,-0.6707739979213118,23.998185667027386
30.003993915154467,1.1085968229644165,6.005851319455001,0.6932422993128863,0.8954963227566621,11.8462176954224,1008.6727134985888,0.32809504118475274,33.7228956272252,0.6781056195747704,0.022777129146652014,17.215137922608882
30.377043313015662,1.8413791198208012,9.790260931086662,1.3638983452423332,0.6886783061647482,37.05630805016292,995.8927194824438,19.619428242326094,32.84898546684254,0.5961400311904662,-0.7098935321447568,35.8816089934389
26.573624805535797,1.7713014215667955,8.377172354685218,1.4311482370450768,0.20574956499233077,7.7309705555645225,1015.3136953877034,0.0,36.05239623952792,0.4725908819245507,0.0845952279363272,13.629609284867312
30.587259269837727,0.6817446586269508,5.512313250699649,0.4906378254688975,1.4381250649305826,9.841228250534598,1012.7342832820482,0.0,36.79319294369179,0.16045294047163325,0.34892458774918367,17.05487690646192
23.26219508139139,1.421066215449215,5.601035022107879,0.7557040962547397,0.12821805085246096,16.220782152076467,1003.5818659747233,5.1886058249539175,34.98725948348685,1.0564133028633185,0.1477954371112713,21.24033906435548
27.71713552858892,1.6900042711794838,6.70161516754439,1.3909964814871896,1.128487808494988,10.38304076841375,1009.8385214564615,0.0,32.752880368024535,0.21537481953446738,0.37833827563970923,20.546655863903094
22.060465935230276,1.7514201478610887,5.690486092746815,0.9734343254760679,0.2633693324775568,12.72883422257831,1009.1908720146943,0.0,35.856012572666245,0.17300373409657538,0.7376894295809702,21.105345600646984
25.408151213952838,0.7773728479331841,6.417606448902485,0.39642728366920804,0.41204952583959353,14.493487409108706,1006.9951324499618,0.0,32.81712091003712,0.685419692444347,-0.0002384530417030642,16.779530553359717
25.84784611614968,2.569357049053729,7.829844299870119,1.248673896924415,0.34695566739466277,32.16558328595731,1003.0708995161439,18.277925762581425,34.82206014091491,0.4051412646581404,1.0326777741476083,35.14656005258956
26.15981326189718,0.4408352458438284,5.395162673741079,0.2977196245581167,0.184844050331283,15.368986834316715,1010.1667930715024,0.0,33.69338963910526,0.13700300490822515,0.1244344846595541,11.840710843888964
29.30240567024355,1.1011908913271853,9.03729638480449,0.5456455760806911,0.2995280943976837,11.301932299144706,1008.7748060775251,0.0,36.434615156547295,0.3636319126765303,0.3822077719416257,13.296401185069547
26.07986006333863,2.824151654922327,11.882422338242566,1.427637901827045,0.19645766661749503,8.985354392127823,1009.4575404540838,0.0,34.440724217015784,0.9864680479580936,-0.1638719500977736,21.95249780957648
26.71128303753657,1.7277879550027557,8.061602977851035,0.984860199953875,0.20260606804239592,12.35547613612506,1013.4093263907747,0.0,36.363392398457776,0.673095664331641,0.6167598928707386,15.92337061990812
24.49421337418044,0.8842834921827807,6.461083196714281,0.4975520142772786,0.19319233640032596,15.151753948572507,1010.5595591688509,0.0,33.78604866659464,0.37038985968289473,0.41459856948992024,14.783650397015183
25.91914381210807,2.299663691383156,11.959206468621193,1.5906677262464062,0.40213886579956803,24.19222631126554,1004.2555762180276,4.805065684671604,34.16565911043181,0.22777099307718862,0.5650079558987992,27.7343178809228
24.38633108626309,1.7406733314479097,8.914346177144305,1.351977689777186,0.8196165435216034,6.806362227076383,1006.3097531421989,0.0,36.572612509462445,0.6994702700384373,0.06907654762088418,19.89253343887325
22.768557199568658,2.9453282603548736,9.80988117882399,2.222367580530032,0.4787099488266381,8.507371730619969,1011.5289649004246,0.0,33.36565213900603,1.4111762452974637,-0.3893961475341513,22.85166210786372
28.33621023050447,2.524992799581539,7.405959863566093,1.4013553030761685,1.1065865702094717,11.684690847342512,1011.2829071046708,0.4156402288089005,34.98755495209992,0.7235374315759614,0.21113910386889212,23.504397045201305
29.01623438482767,1.9070164821171178,9.023439495057927,1.0452818821109517,0.5554442705413664,11.256737262526993,1001.1013080067055,7.546528565327927,34.17059441280848,1.1056795887999784,-0.5439569346632304,23.528123654433156
28.504648633100953,1.47164437801626,8.892945539303563,1.230760640354373,0.6260754630872741,11.960326145221181,1009.8307681675101,0.0,35.828917605795525,0.5422943491471561,-0.06766503126768318,13.72762678873277
26.86668745990601,0.6286822215603741,5.184150712038207,0.2849781911667049,0.5956470848433778,27.08580987689934,1001.596943502066,7.378028673022411,33.05597439603684,0.8594474529564262,0.1168781528212877,22.23781175533508
25.987750691881914,0.8846529483723045,7.029179439777197,0.7093927720936871,0.36858438943448557,10.485068900874413,1009.0200558474866,0.0,34.38002436672007,1.4593283666375485,0.8820285023787686,11.232926422562274
31.065003320504164,1.2690811946054104,6.738986207917195,0.6724752206302872,0.6260735895160395,14.757310721664952,1005.2013174327891,8.854715923707909,35.50541029543463,0.9901564137819686,0.1614920141796792,19.75908384091488
27.450358743930288,1.8632647711543853,8.077827989279388,1.5444857500114706,0.1325154209917281,18.69086478363419,1005.8591936884692,3.4296195423960576,34.25016981052649,1.5437945103107247,0.09883811417906374,19.043140999637778
27.031409715112176,1.553513143562097,4.064590572068278,0.9117924610495862,0.9842736267357375,8.698772841148608,1014.5941270880711,0.0,32.75168647888412,0.4384721328301461,0.02793865158764754,17.148574567374745
22.269241690967576,0.9438985069326152,6.366345206904504,0.5910132808808647,0.7769044244047375,22.756440313959793,1003.2905055507465,14.558435079859878,35.531982723741976,1.5074224286493936,-0.4197318166677561,25.06134411690905
25.58310219007464,0.4103765475734085,7.192731739244217,0.30074373291542744,0.22660397045490915,16.089524916882517,1010.2716221811927,0.0,34.66375280904543,0.6830301135502004,0.0800390440045527,11.492501666523788
25.9920539972515,1.497046032351577,6.747579024883001,1.0255777632957535,0.7575210127573421,13.288022803925697,1006.1094675417447,0.2536037893506147,32.54862735272443,1.324357613565033,0.08600893664787036,21.919454151053245
26.187639199417454,0.9381578051970928,6.767473601677741,0.5414819178361268,0.10572543960198008,28.23433211400293,1004.6503671192611,3.359832392153897,35.134420349482,0.12410365471564305,-0.289012973408801,21.49991069411446
28.09180987688699,2.5224774940795585,8.406533429305325,1.693925280656623,0.21022189298562916,8.906650705985765,1010.3375231585188,0.0,36.455488396873776,0.7435078019283932,-0.36536096504992766,17.98491970255273
27.602826740632224,0.4387802208148006,6.3304669119058,0.3256989905953171,0.130309992907188,35.0592109818838,1000.6199287879451,9.035855537255811,32.977411577310264,1.2302264900945832,-0.11854973896870664,24.612276048630864
28.38300347433117,1.8064990916602692,7.926913568684224,0.8435158077744567,0.7818218668456577,16.527136412011835,1007.216168304523,0.0,35.03988631053942,0.2148430769003386,0.07272654250044261,25.012417941967954
30.031274246192346,4.941261179477477,12.48540781203645,2.2457030076837166,0.7345321357579683,18.15293113244236,1008.4501393486709,0.0,35.633276191579306,0.750447524642468,-0.11014396348351034,39.59509115999815
30.53635025651898,0.7066497744269478,8.270796795466199,0.44746955815944695,0.8560241452663049,34.11878712852369,992.2483322991595,21.541049941958196,32.804326781603315,1.1456263375782216,-0.31780640737803245,32.01161438699247
29.54029230037819,1.4207925955951484,8.95082469236959,0.714281664179233,0.10202129479903481,28.82041609834823,997.873293901484,16.914944762834413,32.597246470106,0.30376375601910477,0.15124528820150693,28.423517557491916
32.032998807526816,0.5533992480300907,5.088758500561901,0.39608871414540336,0.41302705516818883,17.882849686327482,1007.887715152597,0.0,34.49604222657327,0.4117647733828247,0.23860338845923013,20.392693423830945
22.191442118101797,1.9722389457031624,9.296712566392358,1.05637256180449,0.6491011663407187,24.587780322023587,997.7450048057134,11.7437491117072,35.90210275510776,0.6057094683492492,0.09245419822778225,32.88785148715575
24.055668849677232,1.6795038515038727,8.829224936937543,1.04656677357316,0.17600206280573266,12.95143452464973,1007.0753153052615,3.466232558519698,33.19109346342711,0.5393420171200103,-0.14704394985692665,15.699676561610906
22.079410187270494,1.237083949394027,8.190202961426014,0.6545019945348475,0.5721509718054776,16.097763520433105,1007.2084866155352,0.0,36.09754027052416,0.12398678113445004,0.2581943574312904,15.568323534459639
28.79848449862333,1.5789473483132785,5.300721382971284,1.0569369880657509,0.13953660277826224,5.897121475346269,1009.0873530973128,0.0,35.323282198321465,0.16233169389273144,-0.016688051404443377,15.619884600889536
31.429320763974864,4.030248423089412,13.764356973109884,2.0007014990617273,0.1900311152508338,6.318163806302188,1009.3237189305001,0.0,33.92834513749049,0.16352744292038685,-0.3661792975708023,33.34530168582579
24.55656411405114,0.7496353991448742,5.494795274072176,0.3442646155401233,0.3906441604790968,29.76015592169637,1002.5605647503505,9.510158163958604,34.71805093351753,0.28250472152158546,0.41268552425048943,23.669481571880425
31.73386272036122,0.43651677748800133,5.248988299316502,0.20536047702720786,0.5770272289860472,5.861366271423867,1014.6143811085179,0.0,36.651972412824975,0.26930962327885266,0.17372780674327148,6.805329262666822
22.63280759804039,3.564921865294833,15.373681985921,2.9649575527027143,0.17095188241365544,7.598482531292639,1007.9958649315856,0.0,33.430678973719054,0.9133948110504002,0.008248393006491335,28.080982236011206
31.811578281457898,1.7770558860233105,8.651510665923476,0.9008153736235148,0.19217855298365705,27.243414509917184,1001.0569488485307,14.39266941123223,34.648002210299374,0.6102236903576116,-0.4998682716921537,27.588459435872814
25.69203821601616,3.9412461753648076,11.51475940248589,2.89047566111604,0.2029226558811555,5.016052508244233,1009.7407836942713,0.0,35.18529219126277,0.9662932857050317,-0.2107010976973241,23.046946121602275
23.064918698716774,1.853892486752541,5.029064917020715,0.88462277090357,0.2227279769546216,9.645886009095072,1002.7640253288585,9.276379126462528,33.093462803545364,0.14347535971320627,0.7564979993340245,22.910423112454417
27.10165347145642,3.0585270533376674,12.589994896927333,1.5086617193658847,0.21560465264671097,17.28028130709435,1007.3097254209724,0.0,32.68714498108023,0.4984026759753094,-0.477919721658244,28.00535895196751
24.696153961065335,1.298473656858838,5.319438076133004,0.8486181084089156,0.3262479902444374,17.669716798598543,1009.5283874968861,0.0,32.55787779760533,0.33473816481882823,-0.03797224787459236,20.235941135409906
24.99116547060019,2.617174789069308,8.2057562650755,1.6643880465096477,0.5773189343904304,26.017772017768944,1006.3367293793369,1.3100099264397937,33.89617928338007,1.238029283050397,0.04428248317623308,30.92076301934558
25.226544631726007,4.3077182477920966,12.256864397394,3.5781291567919533,0.3593394929384718,14.87098686743695,1005.2643533370273,3.0606512184873003,32.81797336628492,0.8381678031403565,0.16216687629404414,37.158796932626785
30.431771927242966,1.7582710769516905,10.289505626063482,1.455732724438225,0.7731967398017874,14.969819410154365,1004.0808625679055,2.3932101267302843,35.95621079592679,1.3207197787444298,-0.47400982753924487,25.8969304548948
27.661193405090174,0.7190542369700377,7.454157606544706,0.5478067656759646,0.6716604716419399,23.089598591848116,1004.5573348696612,0.747632735232654,36.78847396679551,0.12852365511759126,0.11096168974161011,23.13078859659197
25.268730841138037,0.9009039954037243,6.384870926966314,0.6223811756923255,0.1608750827272273,14.665598381165998,1010.4490452556898,0.0,32.76360643345819,0.8655466259912321,-0.5401369118650877,14.009829902812402
28.408504724764644,0.7543211297716715,6.82021612904724,0.47671898064412194,0.1225336119897858,18.12845794977197,1006.9998921891427,0.0,34.36072298651379,0.5659281679194893,0.08410007866842897,16.151425669186
29.519582079343532,0.853600318103283,5.635902033279251,0.5057337872281978,1.046464914391807,36.92797857374174,999.6622756713747,8.55677937940904,32.61064812882507,1.145781682517122,-0.17833927165335384,33.105518761150115
24.862552007702106,0.9854114046635798,6.98322106274247,0.8167434801004374,0.13743910112253463,12.185456581917583,1012.4079518377132,0.0,33.07616083025623,0.5245431401488121,-0.2530542434212336,12.760656096002835
26.34226556601619,1.6959706982522706,8.162752374021292,1.1721930853712699,0.17225511888327483,11.808709588882477,1006.9201804915916,0.0,33.888567011915896,0.5661900460007809,0.3421860055336555,16.464278119836585
23.27980398003795,1.81873858080582,9.726884288972506,1.2397049802375248,0.11007185131459678,5.049774262670019,1011.2607709259404,0.4025518530247698,34.192902316147894,0.13189325684467704,-0.03246218517735876,11.83873833249336
23.902068170114145,1.289595042693934,8.772038260507506,0.6999411840236123,0.5453947186945874,18.306057015363162,1011.366028352487,0.0,36.54106666964315,0.7625178677215234,0.21579878171765,14.733796006366608
29.15173746663232,1.9289687631719588,9.213109847017993,0.9040673962308519,0.4929223394695835,5.42313723374265,1011.1765101226954,0.0,34.20209827765465,0.2914127326404665,0.22738941898223608,17.88808902297417
23.905102650804082,0.5361519224593636,5.421552124107701,0.4439742347565997,2.0509403358262452,14.820702801433121,1004.0953467720984,10.441998453928035,34.633993933946826,0.11193425906396615,0.4944837211342857,21.555384721215916
27.51421552850413,0.5470129914448241,7.097356826185873,0.314802751135103,1.080896219414954,27.83167786045979,1000.5318290628245,9.814639709666292,33.55600848357763,0.14124820263986393,-0.37289020956735863,27.40129356863754
29.444985748085543,0.7016578880852649,6.125031499248907,0.4399644813965931,0.3380782953766207,16.176652378544205,1004.524485937524,2.5366556763701857,32.50053809665327,1.9919316333828847,0.3716554818819148,17.487039007739703
23.12220769249481,1.5679551394796616,6.199447697993691,0.7774799282597947,0.30905012839980844,9.398974512643962,1011.2013217813093,0.0,36.367138163952475,0.35485966857665086,0.05576156785331644,13.589627925696611
27.956778306103487,0.7852667463550733,5.8085484555727245,0.6162535740570909,0.2584845692944303,26.595932259140614,1000.3608927648817,8.545346898853307,32.85137345525611,1.3153158788143873,-0.08234360312935778,23.35353456481956
24.69390922886432,0.9329218794603382,6.806049858705095,0.4301261823335077,0.17440957760249037,9.400524160511534,1010.9422986924907,0.0,36.64627001645578,2.0265034348594235,-0.35223768171659886,10.462582888245024
32.110732189994586,1.2181554453769081,8.558003477175554,0.9545421057176294,0.16686867810264766,23.488759203969767,1002.1199623192141,5.786428052017735,33.06262964763112,1.8216415333008635,0.2623068015400016,22.393130204764535
27.07722929055921,3.072962341202924,10.256039955929534,1.5552692780743527,0.16385071163290793,18.19180051225194,1000.1391229974074,9.54298588035972,35.10097746722689,1.3808469355298876,-0.2727785824668599,34.61788491484311
30.46292177263916,0.42233458010278024,3.9464041773255953,0.3398212339431597,0.15452553679751382,7.608551630328712,1011.7869263366928,0.0,36.79746552778354,1.4513856907934073,0.23123230544200002,11.536336948031177
27.77737869264075,2.0768782372320818,8.823493351962977,1.5408547701988071,0.22379986574822736,37.97404026190997,998.8090215250307,13.589607001409492,33.095397763099605,0.3046564980191176,0.7247407705384963,38.72862092072201
22.455831594975603,2.1684223282480355,9.073344250931292,1.1186199173193383,0.26481125221357293,8.135278704291908,1012.2034528041828,0.0,34.32295526524124,0.19854982545536567,0.39299196412576487,17.61731182676081
28.648089443737234,2.964382880161458,10.614645627644755,2.0048927646006263,1.5666176530394662,68.90590322858381,983.6080193660285,35.87275582650008,35.85582177657734,0.7117629424462049,0.537002013802727,70.66814102717854
31.989735093169898,4.719011143926873,14.874027333000017,2.713726467431647,0.48874241894998627,5.102722777184324,1009.5602454303754,0.0,32.63841764435487,0.5017821455983636,-0.2016516720287611,36.51807795242993
28.316924111536476,0.4325494070472423,7.306973792819884,0.2254850816714182,2.075373144712173,9.28152862568783,1011.3825946707497,0.22443520535737171,35.46606582990219,0.1623813697312423,0.3169565661461982,13.187801483496003
30.601483023981295,0.6671684556978437,5.309586911683619,0.5295135095217041,0.30968152145901506,8.121565134138132,1015.2128848388302,0.0,32.845605352930434,0.7790681575904274,-0.35047523429773664,10.888465394044804
31.28416786515828,3.876896864049202,11.054199168215149,2.370370048039875,0.3753102902244294,5.197291374066342,1011.8934428744917,0.0,33.51703661177487,0.596501071709343,-0.031719015901114894,28.32899404049733
24.394837605463792,1.3815143877264555,5.9264278314744105,0.8419190246903925,0.2765883583912413,23.453988046418374,1005.6162307984397,4.230777368079016,33.18832749872145,1.2929598705596794,0.659445219676692,25.256806035039183
24.22647081903638,1.7303498087834672,9.162853161230956,0.8962427640591579,0.1908904057182278,21.55213660326359,1004.1608277571437,4.304310683126019,36.40154665608182,0.6637107371269094,-0.16274477224926942,26.169832146962865
28.415300382935413,2.1404049201634505,11.025959018800785,1.2911484772094484,0.16952930648250752,27.00668334273629,998.2487094108993,13.315349409310004,33.27596388216123,0.6119137612068978,0.4389746644605826,31.944969636986166
26.3157989329704,2.2184346688350356,8.520559512039679,1.7717456129103986,1.4058383912339463,9.153150284307836,1013.1333440227471,0.0,32.67386661071517,0.4486970560740139,0.4054763565499002,26.227892875387152
30.818543680100564,4.69509959048752,13.089033415790047,2.7947649996850443,2.0477566018762023,13.226259789919165,1011.2791357449389,0.0,35.02679041732537,0.4728164471007391,0.42615943757729324,42.83730563308339
31.450242795679117,7.5,16.0,6.229810687499365,0.1206771287220689,20.06688071148206,1007.869488841386,0.0,33.98857797926172,1.9524615748768073,-0.39345069164244545,54.79543576821903
25.71092448267854,2.4376451111431776,10.146097979880231,2.0196464047290728,0.17331666569102844,13.111672726630612,1008.055239621066,0.0,34.244536748757874,0.18941053271178343,0.2338203381054879,24.03236057887322
24.48714086923206,0.9417346528725877,7.349475932372241,0.47836302924246726,0.3478697788515315,21.73137481994643,1006.8429551380613,0.0,33.01196980290895,0.4545913897899929,-0.004809498070902113,21.221242794968973
30.19551791006055,3.789123756312893,10.034048002402617,1.9738474035345108,0.19279210285835044,19.070690111599415,1008.8286482873873,0.0,35.717408313162736,0.7399669124353807,0.43097390013518905,33.4740630399413
24.88546337325543,0.48075766483278326,6.883455900618139,0.382235817800573,0.30356590284462426,6.70477650634968,1016.0996857287262,0.0,35.08668069346712,0.44044885043341186,-0.5292501399043957,7.659668534771057
30.63745034439362,0.8204311284528775,5.083071520450542,0.4980873213740335,0.16220076762895277,26.264326558269154,1006.1508556134785,5.4595082636367165,34.066133292417604,0.2997881312057156,0.17872576117296107,20.508927130114348
26.449251663312012,4.042845039883276,10.57609079288746,1.826353600978435,0.37438624187095204,22.855378326688992,1004.7804255405819,2.164434483056949,33.23777225818149,0.3032651232924908,0.12923132099402343,38.0016866281906
29.00927394256044,0.8735547026656374,6.052241099648079,0.48879642261202577,0.24266567595699196,19.932852285608256,1001.8675951749469,17.900292573296266,35.05184247843341,0.2596745105501399,-0.6465408580371272,18.87393973132768
23.003120795264017,0.798874239472706,5.559284545877835,0.5504655707330944,0.295173133512288,7.359412081785129,1011.436628741692,0.0,35.84796830188172,0.35286816450232794,-0.259897124633242,7.317151363412767
28.550522909104018,0.6378325928861477,5.815699125617506,0.4909438201883256,0.1445775050850026,9.36757879124195,1010.9124938617424,0.0,33.843308320628935,1.3319124530345572,-0.5905532745908978,12.173504997090497
26.743560626740905,3.535661296493202,9.202717881900387,1.7796943717616966,0.3514780798937611,11.993254527318275,1011.1886904029415,0.0,32.61119964921597,0.5221907538123988,-0.2042243556730174,27.781155823383017
28.15938886334248,1.5092219291694606,9.154823932206538,0.7458824486294772,1.9404151793834137,9.597688536695058,1014.1096861805077,0.0,33.42167913443783,0.2648506065630142,0.24222597963280174,14.594808856000075
23.764149181321066,2.1977624714308894,10.647501890350245,1.799609363825258,0.2794318122526734,8.619350303516018,1010.1654042212054,0.0,35.43431062123916,0.39121824479742306,0.11837795147701266,19.8400315222462
29.737174321913912,0.8371346521803775,3.5858286627134586,0.6282355245343763,1.0409237260697346,27.9122825482844,1008.8096687554399,0.0,36.753114423064766,0.16711589568220772,0.10929002820774208,24.030258400598743
31.0593693142039,2.670375353197299,11.274362344254964,1.8316420728333138,0.933750413533932,19.234539726090624,1000.8020343467822,6.778226348900336,32.55751782945774,1.5062676674657332,-0.31391183812598383,30.466463342132144
24.275767900953145,2.683423135865266,8.61436869982504,2.033161862370174,1.4669974257116474,16.668932760921248,1008.3943474217115,0.0,33.81646031716803,0.41474972546646305,0.4421576720286862,29.618462525774746
23.005002832961697,0.999737666067113,8.084991104394982,0.6213786930323614,0.8025262170726079,8.585712342379185,1008.0691455059977,0.0,32.766689742930005,2.4590662408902793,0.04341311257353098,13.686264054930984
22.24820515348653,1.2460646672506832,7.140246662051606,0.9387630636208535,0.5849310525006421,40.02758215708219,991.796388406841,21.64738820296057,33.86030193738104,0.35620213850525995,0.06179633429012797,36.38622591584178
28.74070075465429,0.7765285703492668,6.440914772750178,0.4649241147635685,0.9739039953291753,7.970556974593386,1010.1126828227406,0.0,34.24543167544791,1.186037338549119,0.3791398491311457,15.539139791101508
28.374487378932198,6.405367955754905,16.0,3.50782180121683,0.13539643143206734,27.183083669727694,998.4354474524963,10.717586422457847,36.4597069953689,0.2777393635069082,-0.2969710116923885,56.81312792703596
27.740322833497736,2.059738131019461,10.525722442185259,1.5275128557035904,0.37964884800819465,52.6192835863234,991.848952476239,21.100984238922862,32.84641143744141,0.14752521403320468,0.12999171945517307,46.361172027874225
24.435444509217742,4.762200472696649,11.712578832066425,2.9424156479491037,2.1400435131189806,23.180724925794046,1004.559303363074,0.8773418306054062,35.84167642818281,0.11934866609164019,0.1982118720604969,52.72189417936799
26.104512957007906,0.9784370696129324,7.672947233405791,0.8243829765826785,0.7605725530698013,74.18619364402868,986.8083680216431,29.921093887921135,34.20079790307074,0.6590991639239061,-0.14094885260284684,55.19374143479297
28.242001519454817,2.836415907606543,11.757543881026102,1.6729012906515324,1.5724696248185166,19.739617682895936,1001.3491667262804,8.28216442426142,35.988430253567785,0.32400818181739977,0.27833068326592164,34.16337646908123
27.21605201802128,2.7229284160772353,10.975781269749639,2.2292369013314004,0.7806101926048586,8.432949502521243,1013.2529445253109,0.0,34.707629396900174,0.45167429981808227,0.21699310972034846,21.585682721054123
32.371747962256315,2.2824609713597046,12.595478119932595,1.8788876790497238,1.0353239770377052,8.191010930206865,1010.9214721442836,0.0,32.66891276702666,1.1243860402597055,0.014588150702901266,22.65801454108057
23.432617401845697,5.793331774202526,14.6345770494775,3.167453043557023,0.6516903729977707,10.493562081721295,1012.7656689565906,0.0,36.56868530427381,0.2710976178038287,0.0037471884527985055,39.42829353274191
29.299017817499735,1.2002268691009141,8.596365598271943,0.9233206949463768,0.7431446041032105,5.100177844037432,1010.6046732450088,0.0,32.85575647276844,0.321467592169391,0.23324168025495678,17.05609162292151
26.245347065095068,0.6241390676832186,5.9643143688176625,0.3889820676087684,0.43327541979615025,21.02658593451763,1001.345260266673,7.929679842227293,35.07003906089515,1.2199008720839712,0.3259648640046166,20.60359589492633
26.496095956718953,2.182167104076053,10.7780099018659,1.7828521076095916,1.2610695170271313,9.380424376689323,1006.4849743368333,0.0,36.273971380614114,0.5072652978496964,0.07201497109232412,23.778957260364237
29.53477653941085,2.4908484595492046,9.471993733606514,1.5693583472368184,0.884436254290208,28.63746545361725,998.3326800992738,11.616645939691457,32.84301013032584,1.1549895948139535,0.4420663111423963,35.908946892846934
29.270579588905882,1.7692938336014903,7.602915227688978,1.322939016085338,0.9357229647544633,11.229932855829965,1010.8093524593025,0.0,34.88174157018885,0.3814993516288948,0.28048408685070414,21.741741608265148
32.40818793387298,0.7707239052032802,8.346411335173348,0.4907869354188282,0.6030203230735677,14.15379926285716,1012.6027310760559,0.0,36.04444646475514,0.4048675652201834,-0.5759623824043852,12.132740892196352
23.348140039268316,1.5233584196023329,7.004702246755805,0.8243201685038314,0.2634576504889708,52.2120158251771,990.8060800802556,24.186650839770984,36.741196247176916,0.20973265071139577,-0.44171384413974984,44.56366845394842
23.093151318533746,0.998787614368084,4.678729067511718,0.529097802350691,0.11632601278622635,8.882185921397223,1012.2300352212568,0.0,35.614607823500286,1.588638570566607,0.4637823266575814,8.489769022567636
29.605557579851784,1.2922945266854902,6.550859823273139,0.8014454985359694,1.3345741266495101,22.884365178615017,1000.0066999285164,8.581789649945003,33.69683781449216,1.4625570607973015,-0.0363705960148142,29.511597071726733
28.073062628567296,2.0580054171784954,9.63295917080409,1.5480272764441885,0.49698102025692026,24.697691394091486,1004.3713261146708,4.843742386238462,35.50815241833526,2.589293674227875,0.10746153797911587,27.96793799262499
24.87868699887796,2.5877347468995415,11.745980671799812,1.7907864387289463,0.2593115012361515,8.496386151058028,1012.507175904458,0.0,35.53479710802285,0.4089475053993733,0.44875168118070063,19.52823640646239
22.83390337438436,0.822813047868989,6.647757549108949,0.5969111374910145,0.17267586698852688,14.731999813146729,1003.5895081040502,4.06233377417639,35.50985385204985,1.1242798682890807,0.04775607391985563,15.207636672722648
22.89941162076252,1.2315853561861472,9.194149241986104,0.69329700997454,0.8961201367880862,11.035310661564088,1008.8443981441811,0.0,36.173319879500355,0.4216386062314298,0.06304366335627211,19.520605100636818
31.389004183973242,0.9017005936173325,4.585798686294808,0.5794094820231351,0.9149796143713411,25.69197929953213,1005.5687011216494,4.009814895944492,32.87573426883381,0.46341021128773263,-0.2540552314771051,22.99192181441663
24.0146069095468,0.7542952477616339,5.6928362487440864,0.35282771644852806,0.8581345087324627,18.637967325734763,997.5242309241854,22.012831636398246,32.96620533528636,1.163171964909382,0.17949807752963215,23.4663659389335
25.39540140221297,2.8474303093864743,9.692511881164503,2.212490271265955,0.5661417032911122,14.047237599841942,1012.2222025263468,0.0,35.2546536341699,0.2171468972649019,0.25527927663838823,25.237886032571932
24.379892223383376,4.239482395269942,12.459229170277116,3.5864192358841325,0.3050787679700926,26.1573272837315,1004.290373952019,7.289353364168662,36.6016887132222,0.2493160436196689,-0.1522586429509996,44.65135897385194
25.72746121123534,1.1398465219728022,7.177865321926339,0.6984428086462751,0.2631279734319755,8.753159554537016,1012.5459407736367,0.0,34.50310614735275,0.32676387402821006,-0.2727074824070534,13.360708980832007
22.72895034883398,2.6262771017501825,10.763665219238618,1.1933421322559437,0.10386620749148143,24.612429932741897,1002.6273121901103,5.825604266663554,36.6304196169904,1.031208312411974,0.9692012393183299,33.11292195559509
27.45012780453684,4.036768891955485,11.598973748264138,2.0907114595488783,0.9070327793961565,33.073598472024486,995.2132920079997,15.404930026511973,36.53376661591946,0.3797518900493967,0.017482035553100968,47.69880706005513
22.709931917718258,3.3945753022386755,11.318778574459305,2.4135795353107987,0.1411720480332966,34.523792397444055,1001.3865096464739,5.717020791912557,36.38251187440757,0.36605740977386336,-0.18929231886325198,40.09577550815239
30.403743332134795,0.7230204793650581,6.233752527371027,0.502377568537153,0.5483327019929587,26.43353615897878,1002.867831781818,5.475927494170271,36.41235919191556,4.143489031453017,0.29730525585229156,25.181220138070916
24.453976860059548,5.408354266254163,13.346202823420768,4.13818002677502,0.4155987097785343,12.33981605174713,1009.015245639107,0.0,36.36277081131034,0.3905161973179354,0.03222208767023782,38.494499294257
27.67012510334736,1.1563032604126504,6.910845835120618,0.6377632310420623,0.4366015118190394,61.09484427058263,992.1061203735923,20.93529517596104,36.02552434921848,0.2708283182195096,-0.3300182131417361,45.81866696788617
31.240830419395312,1.0629849470752022,6.697883609889686,0.8030349187169632,1.2760164677755323,11.683328434199334,1011.4754093251528,0.0,35.48840952200292,0.6856462227380453,0.21906875007800575,15.261092215423872
28.834212374995538,0.5031444366665386,5.658039138495201,0.364877129677985,0.11445649981505875,19.2497625626425,1011.8373394313572,0.0,32.60495516794821,1.0713292772545546,-0.24859233917653656,10.65910355888892
27.59605675878902,1.4653918705019167,7.685344551775627,0.8486462379778726,0.7680405779993981,7.458861844628742,1011.3902666329499,0.0,33.06869044627103,0.1432894585299833,0.6017603007544718,18.71381447229781
25.405504407711444,0.5846818126896614,6.165937573761469,0.39068161539301594,0.12405522285732334,60.08613121764442,987.1850145381849,27.751033711803977,33.07719783448531,0.6788038515687556,0.2230766204133408,44.39672709225015
25.49652008711108,0.8571792956572302,5.894479963522019,0.436226706820695,0.11750523156779674,22.042875703294676,1004.3582712285054,2.40927614454913,32.60122322240224,0.1218337591948191,-0.04690814858412937,21.204508400240687
29.029613029580997,1.0098822621030608,8.726860172742407,0.6372617637372071,0.35280961365943886,24.598552890031726,1005.1181742217204,1.1141443214627746,33.001817604221635,0.5483496193722577,0.08827145630773955,23.415732759729075
32.43846329282226,3.0473167408138293,8.730949189660368,2.4454074952816285,0.1293185029225212,5.9525571125052235,1014.5965166283003,0.0,36.45490966433855,0.2782287280194902,0.3661508423843676,20.64681301781202
28.949311493418477,3.7333734492057395,10.638617045865487,2.3090039379323604,0.8004608253770598,25.180434719712434,999.2304838493317,9.024231696776775,35.35435843371638,0.3197250295791807,0.11508643874627948,41.636179279523056
27.856725882385263,0.9763271617195807,10.927334327430579,0.7672239346167733,0.43934204264279664,25.865969994321006,1003.3749193184641,2.729257000287115,33.84191397867031,0.4776483496128566,0.7927383100317419,22.857749693600645
29.671830357512086,3.5309707090612865,9.798760243826472,2.4226037565403122,0.1132609385960729,20.596686043614014,1010.3476366002152,0.0,35.91144805261772,1.67126139243638,0.44755363073843357,31.04231711665252
26.88465892897904,3.514443041273778,9.295365462228162,1.8512352802312253,0.11860465554667252,9.832569410184,1009.2306683357402,0.0,34.59998879390586,0.8441068388209557,0.22066257864639266,30.359066236826035
22.631494597308244,2.7146968789116555,10.988169499542806,1.8526245190292259,0.5268134981118764,14.41831768369105,1010.8560812242639,0.0,33.111146258738266,1.7573036190428222,-0.2779450557279694,22.917517584728557
27.904116566718052,0.6538213879501773,3.5,0.42654871359722885,0.8382131495973696,6.6383079026313405,1012.7459316805645,0.0,36.303358949273914,0.7472346305790107,-0.0014108363656968534,9.201513954370661
32.05506548730649,2.275559945272527,8.74309703653189,1.3868548773337772,0.35915355404924665,13.930281217676486,1011.13158367112,0.0,33.95624636881683,0.10427987647512096,0.21760623951835845,20.096086034777176
23.840680894755426,5.041375563721272,16.0,2.5098597934559934,0.46393260821039906,8.912733030316454,1007.9007694803639,0.32695951690494685,35.50509469127854,0.2852087702571948,-0.23800149551534844,39.614612270667365
29.24505135361699,2.235847937531571,6.707122404326727,1.3788104545349533,0.8238634957229802,11.01152480126784,1007.0496377186929,3.537055972375473,33.74955489014831,1.517226419656505,0.5026994062370324,27.467442393178022
24.109803730920092,1.0446299051188253,3.907387100605815,0.5004873589784401,0.5243082692479636,7.484354783423152,1010.9790225302514,0.0,34.65030637789734,0.7187609406659528,-0.2909550696223142,13.031616923827762
27.626190686967355,1.5108903794526305,5.4708308800781875,0.7395923545720979,0.21456231702005946,8.660095237270282,1005.8374130699913,0.0,36.009886659580786,2.4987850721167555,-0.17302899431606572,17.745690115582477
23.015102721290557,2.0602911258188095,10.056063378994335,1.2698946633715047,0.5272592629422912,6.115223340141879,1010.6727450401066,0.0,33.17414258962478,0.20173609242215357,-0.1468047147132085,18.130817305113126
26.728894830710942,1.5432234646615108,9.464967316369439,0.8829593065564156,0.5453258234828319,40.34295077867298,998.1468267107406,11.106963480874306,36.70218099952889,0.3112238502163813,0.31033856122159653,37.047529962128635
29.939714953400085,0.6044478362142752,5.319122909717932,0.4957788323315523,0.6960975556877439,15.582554786586302,1012.937560732255,0.0,32.80192846830112,0.3699960583477183,-0.23172772850977053,14.550602579248675
25.64950100450931,0.9984952536620345,7.822110062593266,0.5993790495261044,0.5364492265147881,12.075743715991392,1010.2357895082837,0.0,34.79623831188417,0.3372118804796723,-0.5799917996466691,15.401748597221687
28.98157310711579,2.994384648926085,12.475275359334937,2.2552005827353976,1.6667242288334911,15.720929779376783,1009.4023613858171,0.0,36.43890973321337,0.27420458664563896,0.43081359251659945,33.70876857720583
30.352224588292156,3.562069445460486,14.092744623473614,2.3584426553372975,0.1988918510516674,18.8550997780524,1009.7295629266579,0.0,36.56648370499486,0.45161590195486323,-0.1055351997869466,32.85437637991746
31.735367104534255,0.6363012973150513,5.77583941339732,0.4655398335429944,1.458004284443469,40.69291218124909,994.3501222175064,18.813791411789644,33.49806854038304,0.7168332318097129,-0.3239776712531779,33.47096209372916
24.463741859482262,5.271430792823853,11.036367850577957,2.9206172177999425,0.4478164685271865,7.756015459460359,1010.3110985884033,0.0,33.119135419223674,0.3237321819662028,-0.21420049362088894,37.28260237582245
26.192817115997734,1.037954915241528,5.63700046382022,0.8581416703578801,0.6015735826903592,9.904780571875518,1017.1977987164041,0.0,35.61493290136693,0.14983329508625876,0.6508669622145227,13.343749112284687
23.600368139969383,2.137020857055831,8.206431250297609,1.4147834552717236,0.14714311126149104,57.093469343138125,990.253557720966,23.88410344500241,32.680486343587816,0.839696118374057,-0.1799652940455188,50.15520814661296
32.42107677266294,2.62979475940244,9.345222372056806,2.0578923161435183,0.31553432667083936,11.495032381327789,1012.6160436187411,0.0,34.58652756683035,0.4686199616724418,0.006821163118084485,21.516066322780183
31.7335101632051,3.0736437937114793,10.250769727167583,1.8319478792397494,0.7601411096168873,5.319480825160975,1014.7008391741001,0.0,35.92432747521068,0.5878105491710859,-0.10642142680010554,23.586778795760644
27.669549867945875,5.062634876245897,15.79108467413862,2.4811190825901885,0.6522755560028147,7.236505653211452,1006.5859212349263,2.3296339110535937,34.909095315422384,0.46462294326051967,-0.3814318902018148,37.21831807950379
30.841349590952426,1.0004862198384676,8.712517835740615,0.7198344868030614,0.11843524048053305,5.373684904384007,1012.7187440468597,0.0,33.30845704282822,1.4263181424526472,-0.2099514967864372,5.606805175628775
27.47005876135644,3.528801885031331,11.094332912169222,1.5989137529362125,0.45593554995962526,69.36519338242826,985.8781039650275,33.09625936533469,34.59429048772084,0.5908793997594057,-0.40538794245227316,68.08628676717004
28.54764972402898,0.6259246704562663,7.774391720899008,0.40066514159609734,0.14158916721566506,9.577118421762531,1011.0463570133837,0.0,36.46148128073024,1.6405309951507854,0.3845584464882499,7.342525830045018
22.935806537218173,2.3534697565802882,9.772737611791154,1.240562769235789,2.5687888054962214,40.99433052039222,994.8576441110536,18.541092045715246,35.15401580559039,0.5287148465150604,0.08530767261475852,50.72110939557661
29.930339415216483,2.56753500491619,9.718321968143,1.7997141797581835,1.124159475165631,81.90797127417187,976.9224297631339,43.941226314280684,35.602409698546786,0.3076853609017962,0.9189372167610125,71.99901464099995
23.340991578169966,2.2117513651536367,10.340968692941491,1.861781410907635,0.10958771371497673,17.822514088924613,1005.2332877280273,8.555013353814987,33.94593468254881,0.3635148276311668,-0.19811875374670612,27.877556571923915
30.67371011765155,0.8652370556647304,6.665804772553388,0.5500841163719364,0.9804309470810956,5.472637461585107,1011.453176053977,0.0,33.31048023322076,0.5430490430502635,-0.25060108615096677,11.99327032270793
30.211294920539054,3.7022527848408644,14.7507717783602,2.876647831908269,1.2333807772790515,6.19158396285191,1015.0054775933913,0.0,33.5992615885683,0.5530000670651443,0.5868159189243649,28.67999403791457
29.441819326301253,0.695928284441155,4.09505416180224,0.4545202792350159,0.29631550318790734,14.197818298688864,1013.6057719832462,0.0,34.792663653169264,0.7975789537482824,0.42029196122384704,12.802547741374845
22.379683995510003,0.488202766329106,5.106008630754364,0.3165194347847755,0.6720343544734005,12.296318198163586,1013.1266036923669,0.0,33.704946660526026,0.25254441047200227,0.1846677576198577,14.797279601538026
25.182847737425952,2.4223244944583735,9.170405744594147,1.991561069604859,0.36261201654576436,18.045962799040254,1009.1498650680348,0.0,34.83044858593223,0.7452473223259601,-0.33979203028089505,26.13109162312415
24.76268198406385,1.4324216822753333,8.237538063782585,1.154512319775,0.5791982308476971,13.088683768386362,1005.5975211908245,3.919225160228603,35.54350528771756,1.00463805849147,0.660748693704777,19.42076959231637
25.78143227845095,3.425799666797128,13.068380130889464,2.618407838782704,0.28719841385889266,43.06971837588414,995.0387215555498,15.455889229292715,35.65790226753229,0.7773043374452183,0.024763894080378213,50.210135223198314
22.920248841020303,1.1736482030685398,7.0759689146691365,0.667221704392427,0.27524492388816146,15.712215894778744,1008.1600422005654,0.0,33.2081452405427,0.4944689544631077,-0.10073629497326249,14.410511910355318
31.83805714182616,0.6948123779030386,4.117317805966159,0.46413700737889496,0.3485805316346175,21.565854949347255,1003.222624965452,14.176005546185316,35.72685264998561,2.973502771867774,0.4500359079213979,19.854716056702177
27.81492352747995,3.296942061212863,12.19826655486566,1.7788944098956694,0.17079313412289382,36.75257936326328,1000.5982019256519,10.39238874071985,35.39255900024714,0.4113279426758203,0.04219670756119453,45.784610847756554
25.208005261909246,1.673740137996636,9.145170397606892,1.0503835402774566,0.9004056296850882,7.223837540239113,1013.1869369846644,0.0,32.55162207348544,0.16762621890155194,-0.3579845299711589,16.809480894943064
26.168305929279974,0.7355658799413369,3.5,0.47347288989147873,0.2929517568967206,8.654283058387012,1012.0453418695371,0.0,32.75315035288593,1.1339141762612264,0.06410590982450362,9.920185678270892
26.695626675300772,2.4389408649565203,9.384387356415537,1.9088517407916592,0.32998371010538474,6.589358461952758,1014.3621385646334,0.0,35.27887285799963,0.24310754538506726,-0.22347208054976736,18.46707998574908
28.30624050028648,1.5450003297007702,5.395787847440939,1.2489957963046892,1.110174189314352,7.1056351693148345,1008.3603765832605,0.542248072241172,34.14992676812395,0.8495611516754114,-1.0032693999391107,18.16986847068972
27.414633990813225,1.8834107830702052,7.393162763273276,1.1598948109394993,0.408887876729098,15.06092140542045,1010.5969302394564,0.0,33.128247198175366,0.21832196899506903,-0.2585985672525462,20.978885613559292
31.653615718751382,1.3885617823943868,6.1451978178656965,0.6346862884003531,0.45361874948534897,10.423574669087039,1007.62100349178,1.4148928878280422,32.69090520442942,0.11021286224124364,-0.13470744980374777,18.559722321399438
27.218116570511217,3.223026111945741,12.015344048865312,2.561369585668718,1.5107280549598894,12.702976482892668,1005.9465547667626,0.0,33.185412864891454,0.20446819509278288,-0.35447578825256676,33.330896606257234
32.417659155644785,3.2310206141507782,10.991082366729676,1.6791984775057913,1.0800770495539582,61.629629370326896,990.219442191248,25.237617715148783,36.61731004658295,0.38391437009276164,0.25133628623991316,57.037817072381216
30.939962056323505,2.3772305003793757,7.350628399548834,1.6610964340491465,0.1835592692982387,7.386127353510329,1014.6062741292692,0.0,35.628532258755165,0.1676447767840346,-0.22210671506507357,18.670957222735172
24.189360400752026,0.5782082042610557,7.360873712105914,0.2659690437169953,0.3884332780523203,15.896140092648352,1008.918571009214,0.0,34.76913331001746,0.2321479640844908,0.21744917029205968,17.761517027394937
31.77124975376112,3.3207098170597176,8.82656893481487,2.024977447427545,1.6978270223675895,6.45749841212393,1011.4034421369137,0.0,36.548624150234744,0.9679484321873489,-0.3816619077289102,29.108279307998398
23.2218471777975,2.178779173603903,9.41697319819344,1.8397265370214106,0.30960935205421447,10.368350653717242,1010.6611406208916,0.0,35.1621748820309,0.9815020274721202,0.3682266223788884,17.005471599166555
30.58322193915751,2.3105635719091158,7.9379984254990745,1.13281719401302,0.3090410109726711,15.496813578625638,1008.0282398688854,0.0,35.62027430960687,1.1205643596985504,-0.39676888433327206,25.199530925418337
25.99654458150409,1.1215338970100963,6.470245390822393,0.6947647464140032,0.19762775077886385,46.02754884942519,991.6696271971247,25.50090882316655,33.715402819575246,1.20389673050258,-0.7695356432868755,41.27392916760008
31.218730364673227,3.782844460635972,12.565526151202326,2.1670402023504574,0.15463138758137251,11.948365607394296,1005.3522243150618,0.9054893712784735,35.03262192743354,0.42728740025726397,0.4830419048071295,32.68928845856019
31.11459524612823,2.4677381899044706,10.224102840417341,2.0038903963826873,0.7067109734890498,5.93952550338384,1011.317835389598,0.0,33.116952150480714,1.312928500898245,-0.24956283130590995,23.766068145496742
30.462216701235022,0.5911179151129659,8.06946585753728,0.47155606664494526,0.7614138031522762,11.878015691804546,1009.348622869506,0.0,34.239277524350435,0.5478488746469292,0.6649251703697929,14.944766863305837
30.295319581224145,1.2381980359836666,7.105375915263421,0.6749163714594199,1.6633838527631735,7.205294817092307,1011.0671110339475,0.0,32.64293339744243,0.48160332597724287,0.24760716542282446,19.26745002734805
25.199130960529427,3.8798382681059516,12.443385177035722,1.871925413888118,0.7680921847679362,8.65891784990896,1012.4628680792225,0.0,33.431500776605525,0.8606511368667232,0.3265921614334386,28.829199927144572
22.849652472038148,0.4773548788038911,5.202632798240517,0.33455672429787564,0.22548600100305213,18.476007047104915,1005.7458022438756,1.4727276676625625,32.8219351065175,0.24434049065907146,0.41591537516312543,15.910598494894643
26.231291877034195,5.607893849446515,15.367193752937924,3.278080244458493,0.11842454692511759,5.9772628036518825,1013.2277116853874,0.0,34.167448923881096,1.0349542985860811,0.08943777118717426,35.748417063977506
23.822007407358342,2.2189131640016,9.653272767215647,1.5950296844550345,2.003183923333104,13.749612506427379,1007.9046345483154,0.0,36.1250512079455,0.43670932637558113,0.09341939624348863,29.40480971705941
29.296986433475848,1.996764902376829,8.446712053096729,0.92419844670522,0.28728934716733273,18.163205205489895,1011.99111003679,0.0,34.125116657283726,0.18169490192506213,0.498469008468008,20.790842681229066
25.63404712864675,0.9047634291616036,3.9229484463521422,0.45542144290940983,0.26826628562228516,12.671110221773187,1009.0246252065081,0.0,36.07605039177697,0.1762310563535846,0.08897547349433432,14.288254172795629
32.24390710902911,0.8577158724630958,7.041094914929915,0.6214570859952054,1.1637928531767543,5.270362756909012,1018.8520184640851,0.0,35.32294274408921,0.20812712581092938,-0.20486189637881347,9.630876736776662
28.730206812125985,4.957306490961087,14.469993899763143,2.6519024921407817,0.49587287820152914,64.28919472315346,988.58401341668,26.508104504203168,34.69097662051256,1.4274971140598411,0.2550154960567783,72.69672181182557
30.63604591816079,0.9667360987770957,5.719864763276846,0.7666556300600375,0.20885835921307055,11.404548645007583,1008.6629778697029,0.0,33.51863428102372,2.92218749143158,-0.6897751950347332,12.052786916720356
23.391509063789407,2.790245064770035,8.095860562477291,1.3210034532559962,1.089591627373311,26.10753713554337,1000.5514937212914,10.879256896592278,36.46527119922985,0.3649418846990409,0.5118455805460748,37.83060848513115
31.05115206386254,1.199083462530551,9.37216895831094,0.6429399109513382,2.3566474436907305,10.516011385701049,1005.3412119425382,4.022810875485919,32.733063478020746,0.307308632208051,0.519153697587782,25.44640012362956
31.68895050039064,0.6399294497933496,6.889041275969633,0.5435714965664316,0.14080032617984956,14.02144508975652,1005.2521369333824,2.708920349703331,35.46232597610491,0.24813215392756532,0.46935833384307757,12.635344702145952
27.114150147598828,0.4172369918777462,5.4074050389973785,0.26003479446396643,0.9920469932770104,11.8849321736826,1006.4673854715799,6.161751870148873,35.171331539080285,1.1417374503131759,0.455920186832193,11.32840200377498
28.365655846385263,1.6573231429196125,6.277632332534072,1.2118119194619774,0.32281393843539613,10.871182539090672,1010.7080907804345,3.540170728824032,34.39647854570306,0.24083178973907965,0.020538636130606906,16.171587038218714
30.030502909481452,6.352844419310221,15.20239771212638,3.3229519609077878,0.43412033569491426,5.309311162268829,1010.2353169376499,0.9529374067010572,33.533380107758205,1.6469251375544047,0.012661165427442146,39.92393013343959
23.835805586234333,1.1370644444588165,9.000601595205218,0.7890630217421201,1.2083236172683844,11.248477459857382,1009.929055144781,0.0,34.35199252843465,0.7603993192265192,-0.38037403141979964,19.205011390187227
27.276943802866146,1.1070555507681599,7.199192902684757,0.8197108992195958,1.731728014825888,35.83708848510123,1003.0894868873826,6.534474356088742,36.252922719879706,1.4645606541221114,0.6618144380988668,31.942412443415826
26.185961791609287,1.0747746578359363,6.108713783603625,0.6188452035105014,0.23681511094358657,21.41433669858867,1004.9189068927353,3.3875589221457423,36.0980942740963,0.5844750533561871,-0.11975636055919721,23.29937815509202
23.536926917703617,1.5761644988618757,8.60162994478836,1.2318653049300503,0.20770184392929897,7.2000790619908575,1017.27273165811,0.0,36.547939374901226,0.8040270962148851,0.1689598584131583,13.164707674742399
25.85911143406108,1.3296103879541952,6.171701417148066,0.9192487868237532,0.137774459510219,17.521868508516512,1003.2576800260638,3.56371846104357,33.82351078848856,0.6796953947235235,0.13891584903417234,20.950649444154042
22.715809248547682,3.791283752343707,14.07557529963924,2.296187986161287,0.471283728162637,36.188695046433786,998.6470219828143,9.546580415033354,34.164547880986156,1.167408267801699,-0.4191467135614548,43.44486350134942
22.271025022969614,1.5268002796092541,9.777441305641744,1.0276235506554876,0.10616400243771386,21.857207929057743,1003.3820344348492,2.8703952594965103,32.580522456437414,1.1842242992976064,-0.5606362584431219,23.96325495760729
23.41924603612564,1.5340551756419298,7.061438209351309,1.0442380142855503,0.3388849222561845,7.253612933137489,1013.8227380221732,0.0,36.554684977296034,0.6346560209592941,0.051955317303571905,13.333326688145124
32.11270867168633,0.6382898969993831,5.2059164440525985,0.32949425561905454,0.13429722551056034,33.33159275404742,993.555851621941,17.641580253857764,33.916377394814255,0.7006316650291913,-0.10881464116402813,26.22683239059806
27.77006012689768,6.894939192334918,13.483690748164433,4.21344871695778,0.33380803565222217,10.024363587897525,1005.5429750080382,6.143614910263061,34.23790443259187,1.6296741720203245,0.018697099264832685,49.82696534008291
32.14113269210881,0.8602334841548592,4.326049114151695,0.5052772643886309,0.11833811237494708,13.47386079973969,1008.1298992033426,0.22019438435194605,36.403559829223795,1.694412689036717,0.42289547057113136,13.104984185831265
26.541227722466385,0.5219112445422255,3.9302355777393716,0.31855431559665676,0.9114073316630793,15.455888568018457,1012.289943752668,0.0,34.764373249717295,0.754832679958594,0.12873045268795796,13.41687288644438
25.274069397395227,2.140970265669776,9.056531989686675,1.6152426750847444,0.2059264003003472,31.607042889979738,1001.6628607827085,5.864413048830696,34.93455052954855,0.10467069934973652,0.3154828892676557,32.855936862569564
27.31448955982256,1.84763718233661,7.836396371543859,1.1880590934678417,0.2790803954910928,42.554888539559144,992.4227564738594,23.994831726667023,33.257801204048945,0.16616434983555686,0.2058648567614521,39.95197306103725
26.61487273064556,1.2582279102966756,5.246807007411154,1.0394553710368832,1.0182655456137686,42.160387642256225,993.0483406045297,22.801846261108473,34.644238089520215,1.270914158462929,-0.060716967633941105,40.27734621224923
23.10947918474831,1.2776224803150722,6.877974400870293,0.7250131511997984,0.7171610709339427,5.11180378351282,1016.9141087270884,0.0,36.448296983907724,0.1531112928288235,-0.30063110851757235,12.402056372628817
28.728676304247166,2.859863363602756,10.905759775955984,1.762480687083496,0.21125316203587144,40.6946492184687,995.3799753371829,32.462299132105784,34.90248777886408,0.24411216663456076,0.14265125383971394,44.99245354341065
24.268400916350796,0.7484778573576525,7.139019168117155,0.5724229347470896,0.13357682515081906,5.782905880204207,1008.7899133437431,5.538183605084281,33.59700036795096,0.25724499435961506,0.07936241677113196,8.583878516757768
28.50567352642721,3.145930794846285,7.813170009434991,2.1027710908292954,0.6659348621484082,9.325130998232462,1014.592357859091,0.0,32.63407771577948,0.6501266971788978,0.3703047181266615,23.17789167497587
28.82711147018061,2.0739981467183215,8.540801443367233,1.38711331077807,0.3229519185983226,15.130138851838765,1010.8032338424744,0.0,33.94609762585249,0.615709231839314,-0.0028150244028725263,19.831985672170465
23.596260957850806,1.2687239984121446,5.2086920316844445,0.5979953772390219,0.7537492443930172,14.152970005983143,1011.994485397925,0.0,34.96214093047717,0.3050021534401669,-0.05406954079043291,19.707350830897894
22.644171084662016,1.3800673232985279,8.83671422764776,0.8410680433225597,0.3651932924773338,17.993891187493425,1003.7406250467052,2.9559727051077513,32.68323713999457,0.23962198448905642,-0.03032478432355995,23.733920507498667
30.19799665371862,0.8745352397845185,7.750383056142381,0.48824733374351237,0.2910932276913102,14.140069250501234,1003.6023016208683,7.0224364616692245,35.12210808235197,0.9677082295977681,-0.271554322251906,19.33504040151348
26.82790444957786,2.6316602528935578,8.389947615721717,2.23621132263216,0.3700139757550497,43.13332480369212,996.6387186665679,14.832339513665943,34.750679456607884,1.744246316838631,0.5564184806871602,46.19176277127036
22.610719852807495,1.5507743780990286,6.6423260769776515,0.8891241273019641,0.7212460835889888,8.852229854124316,1011.3603425769345,0.0,35.868772517416254,0.13255060684226647,0.4488700641155165,15.784474976400663
32.44609633028256,1.0190719225785254,6.142428884893885,0.8191285988509068,1.1462671685331478,9.483349899881157,1011.1888966288105,0.0,32.62421914076943,0.18575468200523207,-0.37456044013531636,16.11663363970196
22.60669589046185,1.8503431322062927,4.951427545874319,1.3331601884521744,0.12297172068386653,40.4899390553157,1001.7622239606106,6.984660309432311,35.85764358272057,0.7166082799224707,0.3313818496903923,34.755301715460476
29.297869903014806,7.5,16.0,4.397749227576271,0.4341573021335874,6.117814142679938,1006.2795987888718,0.5711046455052191,34.739771296759855,1.0791372786701958,-0.5957517723763278,52.71054284758548
32.32862871526584,1.3142301878349643,6.9563475185927395,0.8771352997998879,0.11502397491351721,18.1667630605121,1009.0986533054471,2.451825248637494,34.09327613095276,1.0397944936803176,0.3948512315888578,17.504568006859444
24.511391094267218,4.4550539473775475,14.474359729131375,3.5026273522719427,0.38434685841080296,21.02823461857386,1002.0514400246159,5.353022121061903,36.65114679834294,0.8631008316711652,-0.1937226578876864,42.36668824276084
23.49361837121556,1.0770332055774174,5.291045943095523,0.8652317384033181,1.0743785034946396,14.86009509048824,1010.4483432782638,0.1065376040098247,33.18851405311503,1.4104971147086138,0.175965195187388,18.487416335852302
23.274541863935504,0.4900600666688512,4.9534236976290345,0.2519680832324978,0.30194874375733693,21.588995335043165,1003.6855435720064,6.873782056771389,34.82769801209176,0.24704095003898124,-0.6253283913395851,19.126964690190757
25.184389049459753,0.7655364690097004,4.118177757158788,0.448473660450779,1.3127020516943282,7.655155277724596,1008.4059618509125,0.0,33.88022033644766,0.168096735480572,-0.3695464810872826,16.542878115811043
23.06098101561179,1.2679679191410491,5.775906409212508,0.7406064589187711,0.548154165260126,31.80753598122803,999.0730711809997,13.527955929957045,34.76819142881994,0.6732731013091167,0.21404603853729331,30.63696544886306
29.267694087788385,0.7967894856508897,4.661248080069273,0.3719556091187598,1.3242056522862469,7.111938663202987,1006.7347240657632,0.18775237827813918,34.874784446095774,1.1365137300926174,-0.19531786418397307,16.412055819030005
22.65406388036566,0.4003633023925336,7.214614462576229,0.2759684641367268,0.736920897457748,12.170528612967939,1009.1098926847488,0.0,32.88462746822684,0.6234268639782982,-0.2439870046302695,12.95941255026749
27.34893234557279,4.344195382084555,11.77215891462511,3.4402900526268247,0.14913310161567145,6.095360954176037,1009.1721253174755,0.0,35.342881131748904,2.0780616772764446,0.5385515941082342,33.48212245112498
32.46531696545625,3.371402504667347,11.254788035518144,2.0317074658330503,0.21828752458028186,16.030906280229868,1009.7579332831943,0.0,35.22827043245175,1.0525015406917788,0.8238357239455061,26.06022354051356
30.546687829813198,2.569486425935185,9.053930460890626,1.916873817807217,0.32552047480130053,20.51049696709849,1007.4746694919405,0.16246944720673406,35.80870928092819,0.823969377927485,0.3779548778868191,26.281337004103722
28.459804101425615,0.6939200339437885,4.3448581620796,0.48649357219964706,0.18390626199641752,44.67574009816119,1000.6685781771125,7.21649264157254,32.88983152273443,0.13728949292671055,-0.33215820010727226,31.707462390649727
25.215663018259423,0.605194578665461,5.836899606840365,0.3632737916806174,0.40735982124022685,23.82333332408827,1005.2893746112927,2.4302015316680405,33.77821175168586,0.1684001308685075,0.6672317664861949,19.92337393539539
28.550906281062204,0.5119975450363732,6.820250578860864,0.25928780368371956,0.3868583661607049,15.905010380834598,1009.0129113797201,0.0,35.29547557883083,1.0218174031733027,-0.4965012908769338,13.959021352714998
27.533935371072342,2.459936280449951,7.616246215994884,1.8049279182153346,1.5082632680086132,42.763078825001585,1000.5919728604828,7.1303017469385175,33.087942551437116,0.23256602826249811,-0.056572008926364076,46.497033828040024
26.4738755308489,4.627798838766787,14.543707095877284,3.66441175603578,0.3559062448199448,14.112948543189816,1006.3057978059006,0.31824841448705676,35.413672306390296,0.11755544711472751,0.06917221844558064,38.32582149773737
23.372458955772096,1.3008950351274526,6.067029681012871,0.9422926474013377,0.7930165949205091,16.532142072524067,1002.7278727434328,4.40003932432171,32.75381485652782,1.549860156248619,0.723413245343562,22.1227880750631
31.3093442600249,0.6029717422229264,5.360873246892007,0.2756493722670285,1.3805970069062876,17.69218035590631,1007.315266736718,0.0,33.9402056777264,1.4287740559602589,0.36943069814310386,20.754275180137125
26.722738812623888,1.5491922524804553,8.584570738979892,0.8311310435049841,1.0429660551892166,12.386377316760946,1004.6318265795729,2.4397269868906175,36.14085782602983,0.2479116608879745,-0.1123151931798319,22.849542706587645
24.043536374118034,1.0863799414950428,5.960329658861845,0.5190636384379084,0.20531674130517785,30.52400148065205,1008.7931095267429,0.0,35.82945254863898,1.009039425452461,-0.2807346947729124,21.81054025302108
25.86147318421154,1.1515576758916883,7.129166105608838,0.7809339506268297,0.40835724699926823,7.86696290901069,1015.1271572078207,0.0,35.272471075476474,0.12950132808730783,0.400767428831139,13.035294160964337
26.348362401553736,1.9537469022021838,8.044708180781793,1.4703724746388045,0.2922902603962175,16.330570038245767,1013.7675766312153,0.0,36.24297119148793,0.3013323182843305,-0.13667563502712438,20.882503307737732
30.68914790345218,2.429436730915599,9.567038125703807,1.200704584407775,0.32976556452506356,22.933629959348785,1004.7440815349635,1.2777292153776876,35.54985903994046,0.6863683872748985,0.1258590307527413,30.038778546389366
29.70295099589472,0.5875395957109607,3.5,0.4614154837421905,0.3013968537753764,37.804224721719144,1000.0852753074557,7.465477472562359,34.73331295240645,0.9642704087501877,-0.4294217712406905,30.720426862629907
30.077701383234068,0.4579824046583872,3.5,0.30785741719022924,0.8878449429667027,35.14846598660831,998.1486759449504,10.679852719577195,36.71278525165888,0.10627218290027134,0.24924024932847016,31.4143478182932
22.115828276500796,7.5,16.0,5.444907036425175,0.3707801985059205,14.950952885029906,1010.492499699395,0.0,35.48788114309407,0.33690083873350163,0.2210433010116175,54.831255780823604
26.369616980887496,0.8238629868904708,8.038725484876423,0.6908591554869695,0.43376296226358835,19.426605811110456,1002.3541797357425,4.574617227068889,35.085878860295914,0.2447429362429211,-0.38456702158036005,24.982427478127427
27.0541135921709,0.48853372292825364,4.513630645973574,0.23619256920849935,1.9191478351601623,12.017747432189733,1001.4222361947917,10.246055694516505,34.258143412100324,4.125542233885163,0.41106808950507406,21.309383671646728
22.201518906642097,0.7369074055406547,5.960390801716477,0.5972557951266843,0.12783400889550187,13.840243807222922,1005.9289442209132,0.3433182447865524,36.38037374388991,0.7669861148601265,0.24416103288497354,13.563956530336954
24.72803869182286,0.46357921057954854,6.27652145839664,0.23199408006391528,0.40120656516157105,38.14208915407786,993.9280134508807,17.085269468109928,33.77154911110147,0.41219380173890896,0.3090084884730342,32.08084918057507
29.983043142782417,1.1956310668562506,8.191962322829308,0.725967482969143,0.7693720104594383,42.371151947801025,1000.9868352887959,6.336818666888856,32.53964425510688,0.14720038367067723,-0.0825375424625457,34.141222194874516
23.43965191015449,2.9944312389332106,7.348460322573506,2.3673239096521272,0.17374909345346914,36.6084458862179,1004.3729664120924,2.0017615676446416,33.345984246459146,0.6477831334587971,0.11263474395025483,38.513693691597815
27.62075638025221,1.0678444059949341,5.593059560323316,0.8676253895416169,0.5254945466955462,7.085024690255478,1006.8738496750084,1.9879187168925512,32.970925215352146,0.7158332559996398,0.07218260410286356,12.719188081217998
24.259619656180995,1.3397070522182437,6.9126036242180255,0.8742240543350038,0.22317978524767604,31.56752397639725,1004.8767545969883,1.5447081300381345,33.87167322894421,1.117016851715427,-0.0018596416639806643,27.672078410660376
22.12726813376088,2.201179496936161,10.016833390339164,1.5136231531438884,1.009202149677078,46.489433527129094,997.7114470275668,11.45552307209915,36.05127831307136,0.3042927295799619,0.10967614735804604,42.2126129432038
24.532615304795186,1.5377526899492944,11.51560056749097,1.1275708979409242,0.2782711231918301,11.275383230223563,1004.6478650863395,2.0813310696886953,35.30157764706953,2.4916627253465022,0.48975504082873383,19.018767339437737
32.246674426555565,3.5623885944609057,11.070290879815055,2.789718860481168,0.2795858934556048,15.236140797358614,1006.5554923729986,0.09790555276836788,33.22661653370496,0.44731894787053805,0.4262327235463743,31.759368792994415
30.41613967477139,3.6162907938590756,9.398857235790352,1.8030987467366286,0.5103035162066136,26.140331690229264,1001.495842843532,5.346327602737304,35.891933400697056,0.310538219239518,-0.36365123711409986,39.53984747202465
32.07555476537085,0.4159362133556441,6.352087299842106,0.32194616025823625,0.19126243702648715,16.560006931043233,1009.4251598125109,0.0,34.66814542422743,0.357040070329659,0.3948906359174289,9.06078088649916
27.122467461226805,2.8084584106071504,12.036718823403936,1.8044639058648109,0.2508926493834728,75.46789663153105,979.2386456872428,40.15011157532092,34.704672883708675,0.5398642942436068,0.4669001804618124,64.1077906232884
23.152230086113786,1.3880729312213949,7.660552457667762,0.8748320904763961,0.3425215676518972,13.515909760473082,1008.138007515768,0.0,34.05708237821776,1.7559367995339108,-0.0029121856733281826,16.468274799712805
27.753574634223774,7.5,16.0,4.6466992559909945,0.2963779070019651,22.52188448861245,1002.6684793457813,6.858837045681566,36.2178503687347,0.8971749220252736,0.22795648632922177,60.924887010656875
26.77096201287959,1.4562582316198007,9.05825572913567,0.9519336292891973,0.43488190897325585,27.022885719295147,1004.2929529598574,4.798995547037121,33.868807406579904,0.6163854112775842,0.2229005835560562,26.930468093200275
30.865749368765968,7.335733734912631,16.0,6.0741358710045406,0.511926173415971,14.539839113055919,1007.362631328972,0.0,32.90480097087966,0.20662281789398435,-0.2474883158360054,53.98976511556745
23.02986709823457,2.6475854432582158,8.226532531571351,1.7719799809796912,0.47631242824696085,32.227163717047915,999.1242542988061,10.068951454784594,33.80173467407936,0.19705504483054972,-0.0836847006349148,36.794495833968035
27.12653193872867,0.8573178344744501,7.115310528355523,0.7126634667028792,0.5778113829056847,16.0599810747186,1006.7471768893961,0.0,35.576020248951906,0.5185304136499151,0.31278358359806246,18.078957506485033
23.575510979286836,1.636873099337667,9.44226993029611,0.8546377206542767,0.2655133383879866,12.42608474120522,1014.9915053697888,0.0,35.327602113254315,0.8827372867690342,-0.1235377828910079,12.808639140162235
25.40909723234563,7.5,16.0,5.547407936497899,0.16082321336591798,6.59728087236754,1010.0327736736082,0.0,33.308473760280386,0.9342107621674742,0.39142484574180764,44.449427330050824
29.742249312571897,3.5178049497375103,11.232375446563335,2.7259323350980247,0.7437190533060537,11.998712910520425,1005.9363378525815,1.2236773007702082,32.98067248615125,0.25364367781771674,0.5067403542974165,31.83914426656797
26.99819035837205,0.5639025816739154,5.47790547774407,0.406941162264829,0.9560512522662112,23.53628149450628,1006.0588906803182,0.0,35.34172276112751,0.1632826549608412,0.4502851446931647,19.898422065008763
25.946826994030577,2.360706572923983,11.090182564385064,1.6354241242897145,0.23368042999751182,40.58715270241123,996.8570689966206,15.305241303234958,35.40842039331612,0.3911541728724155,0.7429316111093098,42.35756320680667
26.14200092498537,1.0784084783919545,5.125894506634191,0.7289233720073708,0.3352221826369104,9.058933037144874,1006.0241493097527,1.950718292884321,34.07444344000545,1.6018854607184754,0.01824370119811062,15.367184203366337
26.82419106826286,0.4112108030955592,6.398048381953514,0.3266544274532548,0.41063036543797293,11.144182408215915,1016.105708013989,0.0,36.12404594917504,0.5729592008050143,0.11202037588917203,11.888154508070182
30.242673710289097,1.2266306136892517,5.152895163594009,0.9551265240463938,0.4429567646906737,7.3406573985092365,1009.9199395285598,0.0,36.70628237633964,0.33148552450293955,0.16223206671692408,12.691953029199404
31.366889233872463,0.8280935669082696,8.08863282882429,0.41314870643475876,0.5847900794621328,21.429246701321894,1004.0425841728658,6.9909264705439265,33.3842744608324,0.3346158117707463,0.028860726253241542,21.899899594948774
32.031014208291246,3.1336579937670046,10.253516115363865,2.473819495141882,0.11912204139757225,50.13036787937361,993.8375898700999,17.321336475367715,34.98139547753592,0.18499831111867143,0.23976264093557553,49.81530197512568
30.2624855556806,1.0583665104678863,8.8079345723134,0.6515594736511233,0.6752147206564404,19.34019729806921,1011.2267396554804,0.0,32.52298921471694,0.48458762036634273,-0.548921410154196,20.709725520622893
25.311772405354134,3.2119926531183505,11.51870591014632,1.7713456355296415,0.12878848947249297,18.438881778227497,1001.3682832882316,7.1917076160602935,35.56613390291304,1.04029470297999,0.12171688604238173,32.76735609678239
29.225414413908695,0.4009569882744206,3.886892233801062,0.319926558934137,0.3842444607586294,16.28810657588853,1008.1210901346604,0.0,34.28141308832227,2.175779616520019,-0.4321028274590135,14.979327371852023
26.594832802581614,0.988652821785508,8.91651667732978,0.6157427846991655,0.8912577813463842,6.2966118125975665,1017.6690939743113,0.0,33.33105767568361,0.5178053676233008,-0.2869181471626523,10.147226117668948
24.67404153148354,0.8415539183049954,8.841664952590586,0.6508122522123293,0.3700220977737271,23.304962571846612,1004.7900249832232,2.4252364916041453,35.734554263586816,0.2097878033894211,0.30651143386046975,19.942678790474304
30.829151583972187,0.8256135454401805,7.809534120691149,0.458513931427527,0.17265187840723317,17.899988678162778,1002.9234144887284,4.642868192180312,35.98578982949115,0.7892182299074612,-0.01969068345715702,18.22494618955921
22.403476664104414,0.5129963522340206,4.781011636466908,0.23165464952785036,1.990883782435171,20.164275830388732,1003.8418723344873,9.148476670725415,32.97801595505653,0.9483013193555693,0.2941650661505322,26.63109993159025
31.46850091742195,0.7314832564018697,5.857648929987253,0.47413550691639655,1.0903600542915037,37.07072600245351,999.3562310000248,9.253075167839222,32.67628177590355,0.14464003158720395,-0.027271811260395504,27.71381651175681
26.84551337855971,1.6974667976794606,8.273581061931669,0.8319137140919941,0.7639317062011182,26.45213484946614,1007.1003562206689,0.0,33.9365372991772,1.238828767710206,0.43724221073690445,26.88148736063924
28.690615506486942,0.9510546443958581,5.656332760915395,0.7149556924271475,0.3385891308396709,26.256153065817116,1002.1706353220036,5.590513177642507,35.19175900277245,1.1607872941290323,-0.03367824696745618,23.144260360058578
28.92321618316072,1.264392765855257,9.814426837234269,0.708603706586333,0.19141834676633668,41.677429511467395,999.3186608875753,14.408921408749688,35.91170396691112,0.48381054653376776,-0.6342214713470931,29.47729048172378
31.39873627741863,1.156792172503719,7.298715618095749,0.7258388021691756,1.3767451344077501,69.38160956566185,981.1249954624103,44.192755846254855,34.848068735510964,0.5931647698033342,0.12888740370394475,57.71162696166367
28.685031662755677,3.738731637272855,7.674694876430103,1.8125872940977608,0.44201689074725603,17.187831106851814,1002.5915026707464,4.358390524446325,34.997219738120016,0.8498175398507332,-0.7091009459958928,33.52805938481081
28.446302639980647,4.171249133976407,13.017282160291863,2.3553529670221556,0.9608264440495503,6.613891915020919,1009.8282306748189,0.0,35.939390353537426,0.777594076646449,-0.45845231588634255,28.45986050600548
22.699846425887245,1.486655056741133,7.153743006908069,1.1337173443071953,0.28841263468032446,13.60406615947784,1012.7124118646583,0.0,34.77402650914066,0.1100045341689661,-0.2590312851494995,15.449214957528735
27.443284230424645,1.0411365685686516,6.7616559892459005,0.5316409432296804,0.2837808513362739,26.69005142195659,1003.2166027447944,13.259589503920514,35.12796430797309,0.17836275913113042,-0.3026983172195656,23.243954962590763
23.576774508578936,0.5807128755142896,5.492354127247172,0.4116463498448708,2.006381036997472,5.393636974479126,1012.6485242442673,0.0,34.7197345618992,0.20646528846097062,-0.14076778154569985,13.507553526697432
29.7430545715756,5.3059464465198705,15.761273228645798,4.334800878387344,0.43200790144313383,5.819974931946649,1012.4377785206249,0.0,36.28597040348112,0.9455557669930506,-0.314723738235887,35.9618804921697
27.378330168533083,0.49938698177948615,7.578428235033147,0.3605247928240302,0.16823433216265055,5.973268875411081,1014.8680426461203,0.0,33.51272145991588,0.44798063550277034,-0.4420834322549854,4.616418906905295
29.14239168168771,0.9653181102474728,7.162152341833432,0.7475507194022769,0.21161996504110453,23.384475743268148,1002.5404361457466,4.1680375542964505,33.63517241352419,0.5731378864061067,0.5896425106942709,25.161533058950496
22.437565456325036,0.9662658929026726,6.230311826517572,0.47693787928236553,0.39595261319552566,14.736764295611845,1009.9967759096245,0.0,33.05023428488785,0.9888575671742079,-0.18735059123716352,15.109378704595594
22.890316168480933,1.0180044506912844,6.770402204030557,0.5602004487310956,0.11952962996403954,11.44402768567294,1006.795105314334,1.6854746529913527,36.023707031426014,0.3502029034124692,-0.7307686786015891,16.84126210438089
29.521395574658165,0.6871517419787379,6.26627256042817,0.5550918561243452,0.3794003873155557,6.562697283339311,1017.2475308510932,0.0,34.27064234941813,0.929119056458045,-0.07632143055323999,5.373348137586127
22.75688552798607,2.8457633977532857,8.918729056158659,2.0946020812938833,0.34430621790396354,23.44731219128531,1001.9440510789336,15.018964172139988,33.99594394578935,0.45035967696470613,-0.34365587030964384,32.26153153256515
22.748195641535215,0.6090814194225429,6.9647395278174296,0.4299027796869488,0.7800018844365219,10.420286590853994,1007.0621258474713,0.0,36.719799483474766,0.3840988167942323,-0.2597386695524847,15.436161593220175
22.12713898996632,2.012163567592107,9.311957907456492,1.4397165029378913,0.29728674491411844,9.316561041128455,1011.8127784235289,0.0,36.48525447569107,0.34301266166513955,0.2986198684733698,17.18855833811939
32.04326468214454,0.611541495824914,8.411436552149855,0.3765140037415993,1.921755097409212,19.790586523700178,1006.0903002551263,0.0,36.67954703313647,2.1104990553771232,-0.10685516657482623,21.435854361233186
29.743837774319573,0.5170349010581015,7.813687492337295,0.2418806389241119,0.18972563759544347,16.46229145048983,1008.2019666215223,1.8936064966906727,33.11188568606238,0.98697582227787,-0.3534088104262598,10.066674854489515
25.709139789271674,4.242602826743882,11.608172711753792,3.240400833556589,0.5023034057705977,11.300851788949005,1010.0286494733804,0.0,36.33238279653711,0.11224160012375488,0.2061887284850356,34.50729464342937
25.11362360352038,0.7374080235466848,7.55778200414748,0.5320290450250235,0.14229113104332242,19.361083388606843,1002.7566125965043,9.359343250593861,33.91345127736604,1.9937587750553072,0.45247929071317994,19.63576307136691
25.67188391233142,3.154828739324909,9.25226165614313,2.0163197772817836,0.6956864931343887,9.42939646786893,1014.9573841239983,0.0,32.55442411191101,0.9961664188276936,0.2379052569239457,25.749251817846787
30.13386207740241,1.6586350666282699,9.029441271342161,1.343334919817024,2.462603471755069,27.174847103725888,1005.4909836926038,0.0,34.18258284472719,0.1969290858209869,-0.8087444500776488,34.276657727182055
28.944391416239352,0.529687118219652,5.178515514655212,0.30958298088189967,0.8695110230371854,8.646729449111382,1014.5164318453437,0.0,34.68954431849365,0.14764552654235252,-0.34024632583895487,8.347267699349292
23.944553462608415,5.377764047459012,13.145095450362845,3.053110979161422,0.4650684572272149,7.421589066345327,1009.3590588935854,0.0,32.96534782133984,0.3210699069242724,0.06660698572267176,38.20261310367243
23.828148021007884,0.85382157032333,6.956946840628101,0.682304638186203,0.39838882858597013,26.35389046324945,1004.3979686786898,6.935616965904493,34.8120137525593,0.6871894257923475,-0.03550479184240535,20.037450392994966
23.033154321990672,3.541732499446753,7.363267806772945,2.7228664561581377,0.9108961322523671,22.228845020431304,1005.4390515547617,1.9709126946832738,36.02369341195994,0.6751224462610049,-0.06454630387871878,36.45643334982377
28.93317855686405,0.6958350032443387,3.626039644231968,0.45646214274525637,1.3368103080346454,7.82344148129374,1014.1625907980718,0.0,34.12389908860853,0.29365413913451216,-0.2939648424942919,15.099285445649091
30.025912953328227,3.478012024917125,10.9941838191894,1.74698420957623,2.137966105619363,6.730067580840853,1014.7095400974955,0.0,34.016372668097496,0.45400244988468874,-0.4419544290771039,28.453168094142
24.78298749741254,0.4213073489221991,5.882015878012222,0.22583278360368467,0.32728340829879987,30.51675689301763,1002.0134289823377,5.574254697488316,33.95688480699191,0.24287068152199212,0.7527236012345571,23.830676573188384
22.219922090824586,1.5471841443480927,7.230953304589283,1.1023550816918088,2.21563135841594,25.98298437569565,998.7472706850662,10.196038999755512,36.46930611729987,0.1311415733625172,0.05948883359861916,39.07123931013657
22.862802508502487,2.7476085350886037,7.576540915083089,1.65960087737043,0.1762819341681427,10.549494299577297,1014.9950762437901,0.0,32.70965982479785,0.5366064898930335,0.27474262610359623,22.817515442309933
32.16253036587282,4.768363299683241,12.356216176222075,3.741206712181027,0.2315918544869281,20.029306958001627,1007.4206006124815,0.0,34.41382741056971,0.3556987437090797,0.05218791075433315,41.01112466848591
25.102170163512913,4.2385912322476855,13.216278208901926,3.5179544439455577,0.14195353686221526,6.856008925720183,1009.3516263770006,0.0,33.63777765284378,0.5696887968589588,0.06622204452329636,29.282189262287964
30.076843052300404,3.1403464618556542,11.525296287282721,2.4251475349659875,0.24269280157998796,14.902798935522384,1009.0831797942909,3.2875675423193353,36.343370209166224,1.856926301832467,0.02826381006674939,26.6052450396423
28.55896747296977,3.9055461566731284,12.00564840561772,2.347304200802839,0.7573369462643655,5.264710957879163,1007.2988971955158,2.045351996189151,32.91302473341036,0.1928497336574396,-0.34215605067605126,26.918927253050974
26.010366216355408,0.755469814395069,8.095096337466607,0.5782929326007304,0.9625637144505821,11.956961342643464,1012.2426045319129,0.0,34.26920389672576,0.10117836735411939,-0.48007131031198663,13.933642454371467
24.15971625305333,0.9349320662384348,7.278973254418034,0.5521490657833914,0.7790981169903367,6.089082864398595,1007.0790953524101,1.8061398892662135,34.249309453733666,0.1479964639461347,0.1851788808107454,13.470556123609159
23.274557390673767,0.9456617302591601,5.58100763352917,0.4887558418657848,0.5487116101520434,14.024923583899557,1007.5625279893418,0.0,36.32009599545219,0.4727284730316965,0.11574484254490827,15.309384671444336
28.4576361644081,1.1572725288922858,6.662337471888689,0.5362306534587002,0.42466498893146887,12.6668308912168,1009.5176094524332,0.0,33.42662181367617,0.8364104300028802,0.3783983144608975,15.696204310972714
30.133654696696773,1.1996078636892742,5.054994918828912,0.724907059373972,0.6550373527800261,13.227516059974157,1011.669894875957,0.0,35.27305026429693,0.6215921953578255,0.30737628932470923,16.182217851936123
28.760994662181872,1.6583696461358457,7.822856877457397,1.3456404698552156,0.3230486787252752,5.649472765605316,1011.9933805375832,0.0,33.07794634561749,0.5097929039268543,-0.2329792674623848,12.796968581593553
27.56817239911616,0.6787364136619054,7.8898764734234375,0.37031494594249104,0.9283565247765647,11.283421625881836,1011.2587738337098,0.0,36.60209557054633,0.3621392225294501,0.4464069581226551,16.38337730019398
22.44048784603218,2.280340136875005,10.132547373441462,1.2145211651067418,0.6088112448638257,24.776008147382846,1003.7136135669055,2.641940931009402,35.04996432487083,0.3226157497170225,0.31775951830408106,32.5350108946558
32.16913216474103,0.693443179863006,8.351211712632093,0.5810556746242664,0.6385067996033906,11.444392160252212,1009.1910453752986,0.0,35.19290394037888,0.3832381778551238,0.2917945494500673,15.123812701814048
30.386499012373033,0.9944173709963571,6.335623402094953,0.4574336266143535,0.44547975569215714,22.58217472602593,1004.957889216799,0.5408576541404627,34.36522562714003,0.6674857248932643,0.8372643771925828,21.297498843933283
25.074631385360128,1.5197758750258292,9.754746266817879,1.1615842458393615,1.0741673362064978,11.456917304859,1008.7152720530892,4.531562378734167,33.97181566446518,0.21017629345367556,0.7653855668778656,21.23701822821128
32.28968845826793,2.946875577249784,10.014419699377656,1.7049089192962488,0.2306673993850953,12.704593052614648,1003.7089862490908,3.796750743270416,33.41450864682797,0.9853694052837281,0.29146981829421004,26.70427518639355
28.319756691181382,2.552054909109699,11.8010764602523,1.1866932388440472,0.3159498565307513,16.61811866045491,1004.8522747763699,6.014363110780449,35.09714734147871,0.6137572880169299,0.24781902204313538,28.694341294144216
28.115437911176087,2.0594301645246227,8.674189174981136,1.6828036685900558,0.7765611154067288,47.13250820343157,995.3268211454515,16.386481478344994,36.60461550499742,0.28813345898690057,0.4285793136193881,44.20872416113138
29.854768384010086,0.6709346749824956,7.268529475674907,0.33939695631530914,0.40543710584138304,6.613559335345491,1010.5294066749798,0.0,34.04710110259733,0.5172734613539061,-0.15438381938462992,7.824692536128065
30.523582774946444,1.6671412147298428,10.2135227329785,1.1181711407617165,1.0900697444268197,5.468546587894425,1011.2808182760859,0.0,36.29757462124683,2.0745242620391244,-0.14944024015686758,17.296369382930923
28.893025376980777,0.5464137073272721,5.693403230317281,0.30578495849335907,0.291366412607069,18.109379082546784,1005.5731358400469,0.0028022767978477248,33.13973814524317,0.11242263609593532,0.28569749248216963,15.463467117311655
23.3450053368451,1.1580670055749493,7.4121040913511695,0.5513292057931533,0.3074377601454292,46.68969231119213,992.184037399549,20.943479665823016,36.52534188979174,0.23352821823683956,-0.2497666311946503,43.00138838180531
25.551808812942234,1.2537772734774606,9.190094230068883,0.5892364442489569,1.088131433609241,69.09003704059552,984.0718628356494,34.38008353333566,34.00709102076173,0.4569377862814543,0.2574693199331393,57.14089593108849
31.74487822342352,0.46500095450174406,5.637496972208044,0.23074401962897206,0.38094051364834824,14.267536222991666,1007.2046369103083,0.0,34.13282700985138,0.7103959039317455,0.10489125828766649,16.21948770633174
24.358463924360446,0.9123021958032762,4.660805528686655,0.43657930150315605,0.4266675148496475,13.837713143046333,1008.3175475391947,0.0,34.49022170524761,0.2431281454697845,-0.24966653660724153,17.45997539018215
25.90775375029389,5.385008893230625,16.0,4.061498888311185,0.28207497066698767,19.497496166650237,1007.1517542589061,0.0,35.58845036077489,1.707712181446633,0.05905327860090476,44.06313428293854
26.536807270914057,5.313854114797028,13.860290710128945,3.423325536462729,0.24575034226787756,16.355518101307503,1006.7237240268043,2.516365398946008,35.59450976486285,0.7172928222964841,0.5067785572484457,41.475466296033275
26.61375239179175,1.0949910774291247,7.209118015778739,0.6429314970623641,0.5801340413451156,19.075075967433342,1003.056591187509,3.2244326936924157,34.56223091429456,1.3594533307106464,0.07882965772884312,18.892626412887385
28.43586561619252,0.47049040008387566,7.580892724327667,0.2904561024020093,0.15744354466149207,34.00056337945187,995.8055219004693,17.207738875856883,34.749557467049925,0.3396760419224618,0.08029167666629207,25.27908864954757
31.902296296319427,0.7157565037794367,5.375620851206183,0.5880502937610591,1.0513992288929548,24.20277983002378,1011.8264611038805,0.0,32.62904509742881,1.159493421243246,0.1651448476166087,20.74928503527125
24.5272734742413,1.1967018785178287,5.642261511498896,0.9744752073999263,0.7797304769697196,14.616899382773259,1004.5918316339466,5.372101121873324,33.8084758167008,0.3851006122655074,0.21071598301206307,20.15482583567226
23.275764451159638,5.123654291062113,14.603183669074054,3.7723959783348584,0.1952403582782677,13.675027418493922,1006.8132313532975,0.0,33.98787341919162,0.27481470987985923,-0.06579416312841756,40.42163020291359
24.073440143529343,0.6435489960741165,3.5,0.5173316305670284,0.6329059127143497,19.287638467899235,1007.6090321266421,0.0,34.902527255520766,1.5559057084023726,0.17259136678846676,13.764989955249412
31.31271145219733,2.7069985048781247,9.440738193478744,1.5642640203019327,0.5153026572914601,13.515727632784676,1009.5172822151975,1.3922863243331225,34.900688999696605,0.15805092478820082,-0.3171746258567566,26.32285170107472
28.781013532879662,0.5840873887550868,6.4189152962322655,0.3518797853631447,0.1917985773317868,13.56915163159594,1009.9752993470275,0.0,35.552569130229855,1.8176529792357943,-0.2296748698918608,13.596891711999985
25.002021287011182,6.763145177251235,16.0,4.703665162934158,0.2435989448918784,5.230164284855057,1010.5182517329338,0.0,35.583217373737746,0.4680641763679876,-0.184902187826468,40.758782066705656
30.56744285917048,1.169034339813813,4.789085396886243,0.8176815119519842,0.33666239148175653,7.677334193363246,1011.5544189558279,0.0,33.511406114111956,3.045834148174019,0.21441694137193784,12.916455811298958
31.04438496181608,2.788316504890014,12.410236643108043,1.7919950706935688,0.6406532960316923,14.386081048461337,1008.2603505610032,0.0,35.81180474975074,0.5653887939905539,0.10608148964469698,29.909890350680655
30.88840055624792,1.0711184856264941,7.083320505051453,0.6536641296812143,0.5581501450540455,29.21509442859859,1001.0338611326591,6.989296089894344,32.58429534259901,0.9500228769254315,0.0029741479646164318,30.269620961364087
31.64872860321532,1.9807547287393228,10.712086688373393,1.672692154176112,0.4419050141300054,9.57432614678978,1010.7938596354594,0.0,35.57949610380889,0.10425768067067491,0.2917694963548504,17.707562184779242
24.648530711820296,0.741141004025067,5.943999431974453,0.5769408072871177,0.7582550757689699,15.352881667887493,1010.8443218358278,0.0,32.93886274513352,0.5119017654387655,0.18260172895981752,16.554942258643063
29.92794025183592,0.6525579172102007,4.854586278442215,0.4071909715291918,0.7383521402020612,10.922870228218152,1009.4357468827807,0.0,35.63748729621124,0.9023961770073692,-0.051491872994005164,15.89450037066593
26.83566472137847,4.850649501719027,14.134940483476989,3.5939286327040056,0.5328847142595298,6.549976100184388,1011.2563095566404,0.0,34.76660778944414,1.0162366599656991,-0.3123307949869342,34.88694055264758
30.84098480534565,4.39479002833066,12.58694136150286,2.451522329359132,0.7958874508649627,49.481048831127715,996.8299335859283,17.64320490318999,34.380194352937295,0.2032197792737463,-0.2368980804293635,60.865956699570525
29.649152110196937,3.8952416135137002,10.244792717337624,1.908932217264076,0.28308751492697926,32.002848480609224,1003.7064375874409,3.900203536375805,35.469865475974146,0.42577271442338704,-0.46338331288751217,42.438069245741666
30.152698188247108,1.9711772618435761,10.75279545949968,1.164911377404719,1.0588288888248003,6.144419934483607,1016.2217540557502,0.0,32.6563945851131,0.42587702919117354,0.099199342552789,19.131798762844074
28.88969929565125,3.0426525071897297,9.54336917860052,1.8596361084852628,0.5294252928654003,22.810886623575623,999.3385912750889,14.700676827982784,33.46092240040499,0.16564843778073246,-0.2517485738587852,35.55807811603961
23.863002079431922,0.5144570831046879,3.5,0.23490874374287815,0.8776072131754156,10.978932484971864,1012.1946206439316,0.0,35.15069261261091,0.45116304628812487,-0.12336304369435473,11.42112086054232
27.72278264841785,1.052241693429722,8.8862841291095,0.8164520082811142,0.455622867211968,78.76209541790107,983.3732890817766,36.05898616485575,36.14302624851251,1.0873281144298752,0.0053432617798976415,58.01302932407543
32.33903226500733,1.0023119714021929,6.047714524805013,0.5950499260363314,0.21090750000169706,10.04150198418758,1007.2083066956042,2.6218199376853644,34.138762838864004,0.3141599043254594,0.4153983169657399,12.72553881838385
31.84257469821975,2.0154039928245506,7.715991348160754,1.374842632299532,0.4518018880799356,8.818895941946494,1011.1234536602539,0.0,33.612674332324296,0.43998751261711855,0.37507670941088683,17.95781551661759
22.453324225868624,1.1039855774118044,4.339092658796287,0.5294552266379294,0.308710703763194,16.74706907393879,1010.2575132716522,0.0,34.730566673892675,2.0458809017167567,0.030852035061108982,17.742417393014662
23.73055556515909,0.6572219892171287,8.794411810486318,0.3417546007069671,0.6380518666879383,30.23604613431736,999.0623865890013,20.614149494524245,35.17595558526342,0.11933299760669142,0.49292622129010466,30.277682852831827
23.3831521212729,1.8519955153806529,6.399371046870644,1.4924814976688727,0.390641565181977,7.993698327663349,1012.0361644462658,1.708199483545691,34.30644303504471,0.6371899920900604,-0.6543219782623012,12.65604494403408
29.622789054845605,3.0945197248904064,10.657809725861206,2.145972100731925,0.9138596152374266,22.301438824996243,1007.4311156286652,0.0,36.269855935436944,0.916226494325312,0.7070271924182794,37.80596319559616
30.586745963497926,1.1703466731459575,8.475554495473384,0.9715207135799585,0.6100430285547676,5.887220452077429,1008.3627917144913,0.0,34.750786448098054,0.9584799641069673,0.29237490000660477,13.69368828881439
24.241869346262057,0.6269971069727861,6.76117019205566,0.5326340509986842,0.619181848277026,40.175011312738555,997.0304912056546,12.90218526257964,32.65404142655351,0.8551377054331959,0.08598114975697534,33.43235212786114
27.311453275994204,0.7504197490542974,6.261274080309448,0.4493093568470589,0.21016944332358622,6.183709508128557,1012.3566718030507,0.0,33.45913200523662,0.8777656811712881,-0.26197588826322205,10.335130177710417
30.8273817941176,0.8338094014086961,3.9483581351045287,0.474872152234857,1.9679050395417612,39.38542843437277,995.3940761280412,16.153733284234455,34.4377822329466,0.13649535957320175,-0.1033235781456625,41.58568940216158
29.694416220045632,0.970445854266907,5.5322152840295065,0.7698958645057249,0.9293980232641376,14.449001090841737,1005.412951718255,2.273915382596773,35.50021973177281,0.5583177171716348,0.2632728134523144,18.183157004548953
27.693490657664405,2.0471130075211885,8.966503920601923,1.738909030083602,0.80016413290785,13.321212280384417,1008.1096611377828,2.228383340892652,33.444934648308134,1.0166292452035524,0.2712277842359948,23.009860524669726
28.198650749817116,1.8698515859104847,7.184971749658378,1.3123674778133962,0.28035948240332764,55.7269965798568,993.4585087942994,18.515228175450222,36.69790699078491,0.15927266414272545,0.28393767970677536,46.08373914251356
27.337785742620937,2.3055845033782765,9.455091296079049,1.7708186776512533,0.445184735530183,70.02083533108984,987.0990933378334,32.54241067383395,33.869800510208755,0.10727386674552175,-0.20497385702826115,58.17116975043388
25.124258738847615,1.1203265839120162,8.039202964264343,0.85447122975796,0.1663570738356952,19.704636595114955,1003.3020879203349,2.841291106912986,34.78966488950053,1.1110202658920862,-0.2754466995553234,23.044171006402014
27.93273092501967,3.179612707907122,12.167057202932973,1.8827627793097568,0.44794952717139735,6.903389297093156,1013.1139315918382,0.0,32.58155545434348,0.8474905004066724,0.11832183552337726,23.22148186046809
29.23329567152595,0.7652259620516593,4.538137694973962,0.5201303246072474,0.17096248253963958,14.877897736361708,1005.3659874859397,1.5548301253311592,36.30503010215246,0.41882766513395076,0.31944888522001563,12.560368762159886
31.16989061653848,1.4129119968111694,10.838210676728536,1.1066248571006363,0.46237660755478405,15.545409440535392,1002.7684396599169,3.5318889042700015,35.891989010158284,1.7920239103384512,0.0511146973267005,20.868964998395295
28.681059216782103,2.982628111530154,11.519949617585473,2.163137766696652,0.5707796522680193,15.114519150982314,1006.6749437541009,0.0,33.340469418471045,0.9729960374296039,0.5685194864098085,26.615792796447888
29.99177613895316,0.7178310884588497,6.289524728722333,0.32910080725714924,0.3225779340471292,16.799045960133345,1010.4516538958788,0.0,36.51291777233132,2.1626099296797827,0.06159811176653899,13.690405595769375
23.680752167023016,0.5862080372752925,7.689479341710488,0.34274544449543665,0.4106085237021012,5.264631371704434,1013.8000922680752,0.0,33.85811098432884,1.689715338735273,0.04975197465845482,8.575846618257252
26.846353481407796,3.8423110014218302,15.464271460559257,1.9510881740252373,1.038107058473991,22.389614778915686,1004.776031433621,4.008232202079266,35.4764010400345,0.49385035894358364,0.28469599691743414,39.295291814341766
22.09798200818448,1.0719427328362654,4.771416767519973,0.5822673776522567,0.15171430326211863,22.446307773003543,1003.5072862309313,3.319250047858926,36.021598167471375,0.9431859586556254,0.4767305481572135,20.70101368680785
24.59012807747704,2.2425634443329465,8.698720236062272,1.8214005905299009,0.8060202346819466,6.717780320462492,1010.0645687538132,0.0,35.68593218331988,0.7637291708533411,-0.42223934093159066,20.217868017756963
29.62784800868655,0.4410806636044444,3.5,0.20499546516412484,0.1842575901656937,16.82337895600854,1007.3990810298142,0.0,36.44560597132831,1.1010199910133822,-0.34130409781245935,13.72402516560546
32.41400448916832,2.2741347934024514,9.38241992709645,1.2233032357059996,0.11682940428461994,16.762325552502567,1003.8925534914321,7.063936551620147,36.21638146946504,1.0298201696242388,-0.05964150321041338,26.5492935970339
23.04137004566577,1.0079127818026066,7.3623343701324035,0.5783683146012797,0.1923726017969462,21.059698423439688,1004.2840374370975,2.6541404823584296,36.77682951059392,0.1997970966222321,1.1556296246060322,21.67364074635944
26.215690316543526,0.4917674096086278,5.826438164131392,0.342640727163777,0.7517591059768144,6.249723221621221,1010.7798761717238,0.0,33.28522907407743,0.2597367460564292,-0.041513996889326166,13.779926039507377
30.400745171341175,1.9058056903589282,7.448649886148606,1.2647701767399029,0.33373260273206895,18.78784580941471,1002.2106048207688,11.092556061101241,33.81047574527481,0.2853283711305503,0.0073759699463009365,26.28880307839001
24.14237416360344,0.8407920930223249,3.5,0.45176414399252585,1.0269099296977322,9.613685842489911,1007.5260787239291,0.8884642263015916,35.23577122995601,1.1238950122662699,0.26642317543277133,17.27963595270942
27.828391967674005,1.1825215077039206,7.688839238984711,0.6098221162426145,0.4347212327382274,14.90153039222201,1009.0955960953089,0.0,35.652102899333805,1.0987855306334184,0.39192511598471597,14.250946412347563
29.697248608311586,0.5344210016107471,8.145109528772332,0.2911093878561619,0.1101257313766572,25.779242688064922,1003.4135532365021,6.345507262120086,34.798801734589546,0.5103166741799723,0.10942479075916456,18.94707145199536
28.46784722773188,0.6546994151093555,5.291931263596692,0.42621707786988866,0.6675836107782096,22.121607134012073,1003.9648175712384,3.643594891473134,32.81789196901244,0.6216904619552628,0.4575216232640897,20.198458291863417
23.97425971346187,0.9660631158616093,7.399003502085614,0.539518344784371,0.15255799556342944,6.77222607819226,1008.4771540081305,0.0,36.11885947524164,1.152408281712794,-0.36788991405907195,9.638705263080197
25.731537971200265,0.5504742868634683,3.6386372462241674,0.45636575360958054,0.800964089537395,17.522888381815097,1011.5152424960203,0.0,36.63175973089147,0.3248977630903194,-0.21813094865995375,13.858811867425546
30.22981373709667,4.267469967856399,13.36726553768029,2.7121738461676457,0.1828207462307832,53.68547908186533,989.3802768516646,23.84033836035512,34.243722428453495,0.1308888989947308,0.45687043270287375,60.72864397812246
27.819378398386174,0.4097046409478198,5.14739490708909,0.19400268876555193,0.29071080132561866,7.387207981299185,1011.7129869000738,0.0,33.46669367130504,0.49535927522280965,0.053830090174215965,6.519802912449587
22.054910942200582,1.458204250418921,6.481140724849686,1.0815596617599978,0.7445926275592976,31.83367169808017,999.4284102718632,10.389997484477234,32.583049146336975,1.5700746128351561,-0.39185771175303263,36.8808897411014
29.990402980294984,0.6104487852369095,4.958262351602242,0.35499923604383293,1.4878702375329953,21.975037553101973,1005.0602930031083,2.098506894666173,33.52038585520241,1.0377280312584962,-0.4128882760660226,24.018460240115157
22.37076922687251,0.988329099730063,6.188575006464598,0.7030929460404036,0.3089413747066558,25.8212891419405,1004.7405336967868,6.72267612466536,35.509650731805216,0.37400827784367097,-0.23382928187064667,26.029406661737713
29.830204718677937,4.567192595620178,13.794596645655124,2.5660212035613963,0.8957957205959753,9.637187399976293,1005.920976597092,5.375267691468123,36.41983436699274,0.14017854720647166,0.0507439397552707,40.6676930010131
24.126045881734992,0.6821964000198488,4.259708718242451,0.4627321103866636,0.19526482697442982,9.753299343444045,1009.9640868320038,0.0,32.90210618565659,0.7078784326253493,0.213582849404376,9.394920314557693
32.05977154125349,5.802360164370121,14.84857529851444,4.40318484785193,0.8406986391885015,38.105344922724356,1001.8817498022883,6.5023160432373555,34.879014504796295,1.1792370829816106,-0.06517099998044877,59.50771785948315
25.863377888671888,0.7686606083458337,6.321381428023779,0.6312267793566974,0.5821598242868773,11.244345620897734,1014.6544810130475,0.0,35.49078436860088,0.7560827355824935,0.18474971623383163,10.949209737040057
25.43278197154983,2.5649845703843326,7.96841338989401,1.422157895224695,0.19635122182694403,5.9112379132903055,1011.175918939468,0.0,33.68843753075696,0.43210905902681795,-0.10297327034276525,18.954741031831478
23.563324528490668,1.6658415482294107,10.693512589325465,0.9727561453782438,0.26211629945165793,17.848970464441432,1006.7754675480572,6.347314544607901,34.9505572684323,0.17899094538993393,0.47837207056592107,19.929484428769655
25.208844262647258,3.8532809429236643,10.655662477170583,2.4495560042065287,0.16358484066494072,6.8665225053210115,1017.8066074659665,0.0,35.57556823182482,1.5499513229317616,0.9431440331003245,25.34115153328601
31.204832999196107,1.6918739278177966,7.041217699621798,1.3888084413156947,0.3172747554260019,27.295872434050576,1006.1652959601885,0.0,36.10219274548212,0.2937437962833317,-0.08741445622954837,27.144793797203874
32.4615105450861,1.623632650544573,6.4550768462464845,1.3160431453408692,0.20247165320704075,19.37119994953695,1004.171769842425,3.517238403700128,34.445749358525916,0.25238363176828965,0.21797648377963097,23.769711833544072
25.86725007032191,0.7479713728495385,9.044068601836345,0.36347767000478415,0.5647684599629292,34.08158362962244,998.1094563880853,13.296144789007002,35.71578604135153,1.1156156272449724,0.18944378845253929,29.434331422780485
26.710411625022697,0.6908750862355668,7.0729329981232425,0.347352600703888,2.4417710459835056,26.509047832474238,1005.9541581014017,1.631814868494863,33.79766677848135,2.484975725420158,0.09854339919097391,28.810403544857706
29.58174485112874,4.37244596608763,11.465514729592272,2.834235526170933,0.10543683504432795,6.664761371605387,1008.2225751039077,0.0,33.41610101112028,0.7475686730447209,0.278637830869452,32.78156405590514
31.305055694883283,1.0356099070719658,8.52344517101949,0.5101908482632267,0.4503386734566194,11.716698677138549,1012.4386572693124,0.0,33.30544910818987,0.688194410837921,0.21758741614293947,12.786462074730135
28.226965508961236,1.1445537605323972,7.361244810391632,0.6732635475033074,0.4836401217776132,25.85583275154432,1004.3563805229701,1.0679404278520792,34.04315274685062,0.3308955243024176,-0.11486874963471312,26.749654869102606
26.111019830867207,2.6822109902291293,10.213859914079684,1.366195302500798,1.2051274247057147,12.562155743366894,1010.3805099271655,0.0,32.65428263169205,0.11237481087502331,0.5107910204179408,23.94675304666812
26.33252932891055,1.0619750856351455,6.394839341014583,0.7480723927792526,0.4173537524391464,55.24165630536,990.4832342285293,23.44849238387909,33.71686490196058,0.22776585141181002,0.12058318662037155,44.47313703844829
29.30399053821647,5.260569738749508,13.344901549313654,4.365211156552452,0.45307355601842636,23.631529202477775,1002.3798959156522,4.121546082336881,35.30455814510588,0.6268631545940948,-0.08468014694062713,49.02686510374898
22.033791767844924,2.5426161957960067,10.083358301014714,2.1579018590071275,0.3871007371633327,5.218698147943116,1016.2371027846284,0.0,35.286051902788586,0.19844134522136442,0.9051208833465905,17.449291394135695
28.505688043328327,1.855815044359963,7.522836234854548,1.1136680255421612,0.24094491286948969,34.68202028841317,998.9789562748754,10.296703213660178,32.81628136791341,1.3916503787217205,0.009325317995540032,33.333857300647985
25.732676609634254,3.8044018718417334,14.573056813677777,2.6235347614870537,0.1259469886624099,6.487571695504838,1010.0958417191881,0.0,33.73588715344667,0.22505988502515578,0.13923034449831226,27.823147654645325
30.339071978409386,0.4814056753452295,3.962593557756757,0.3815173971137674,0.33641209510251946,7.120048795815279,1010.8278039980837,0.0,34.94909795811506,0.5430178547891574,0.11140412060311783,10.003650947252329
22.97640171814289,0.875429783887339,8.880008770279629,0.43507532155054146,0.12431119881420916,23.565565420862278,1004.8755982836811,0.36246264681288376,33.86977419126334,0.5304802098797254,0.0045368861670771615,16.827020561390334
28.176123802958102,1.4008903181184436,7.354624299416497,1.0168022860179973,0.4598212024342079,33.031466883721606,997.3063323736034,13.515672828963886,34.297348504012156,0.6557222676998313,0.2070326467654054,33.44008849536526
27.0502153438043,0.8119175490080845,6.9100801892462105,0.4981418345557612,0.2652170937456281,15.760743268663404,1005.8156677008708,0.0,35.565086255597784,0.3379930808305118,-0.24574996818206873,15.460773273130915
28.744418022004886,2.5795320655499507,10.892894367934064,1.373493681750551,0.4432225568623086,9.776139193136114,1008.1204346987553,3.6322832379802943,32.53984736666351,1.3406700229133375,0.25879018528307013,25.562525751180754
22.680962742071166,4.425404340198869,12.020353869851311,2.704370998063783,0.16489600490551892,11.059324358524929,1011.9820014720749,0.0,33.68849223958025,0.4525176776419344,-0.5654239099373504,28.51120095673023
28.08982976799538,1.2819977608996167,8.603968546667264,0.6158513595273538,1.3138997299593564,10.878639572118598,1006.8626724721868,0.0,33.11220064827557,0.8226909187169801,-0.40432441293999516,24.96352590567853
27.895588173575,1.0700030206265292,3.5,0.7791364591042736,1.112160568152109,10.537444685569564,1004.3937486150207,8.750916896146489,33.04871948588731,0.7062139323227934,0.6890035915089804,18.008532422597458
27.886930991369795,5.61346499920141,14.02425269872963,3.0935640995703135,0.1948225247641584,8.895817922943017,1004.435732460658,2.301963668130655,36.62387293072316,0.17476411514671072,-0.3896630093526252,44.2724868415782
28.336620499262775,1.3416341020481743,6.028847172675116,0.7708523191066855,0.28933647378599253,18.14191011447144,1002.1186613135434,4.615207995396295,34.119209425718395,0.6847323548058301,-0.6359855982129011,22.23676752654878
29.102913340876803,1.474368656618028,5.773604563354809,0.7348732838900456,0.5277721193120174,37.293051210910534,1002.7286523452283,4.489478938092845,34.76648091511145,0.5800422539587173,-0.38099565917316564,30.68935591271888
30.452384496648083,1.093319052944607,6.6455420381818655,0.870132887232281,0.14526048835389962,10.135818926871117,1009.8750472991522,0.0,35.65543411439942,1.473233356111119,0.659020044218857,13.432838769542336
24.83311756134625,4.244705896259432,13.219095565539519,2.7479279900155147,0.2970258138032425,7.893075111201686,1012.2536575087503,0.0,32.704024141898216,1.3765573927875498,-0.5771516090954502,31.627705057756714
30.66301880689065,1.7464702514608947,9.19763645037857,1.1856066137654746,0.23012480005731747,30.532236216431993,1003.0373659157743,4.8291867541259,33.5363973457981,0.1981857040939775,-0.2845349639070428,26.652544079212415
27.231684663766263,2.697949494534223,10.217624225962211,1.8285975203512121,1.212040781738607,23.955387412422425,1004.304568703003,6.473098048661431,36.07823548557796,0.1511289811009343,-0.4603673695109454,36.67725941522063
22.809111930910476,3.0724572006407844,9.53188276381309,1.887094750522756,0.9612996473069355,42.39805576843044,996.3176331465747,19.20524407756283,36.206559636664885,0.3093875385514178,-0.04594521898150296,48.63627712078384
22.61478475706178,1.0693135270253313,7.478289005383347,0.5635410243354174,0.4901960853551667,7.5332466008686545,1014.0316542185086,0.0,34.10368895875545,2.6880762919892947,-0.10260731436325778,12.532921318901204
25.50950234630864,1.309794073413007,7.544057874419688,0.9797955161915126,0.4306109367974862,7.180899520862243,1011.4811467637594,0.0,34.1119048785026,0.11308593546403684,-0.11826477735446171,13.283734977140181
30.24141825967041,3.4191733821382417,12.55859633975286,1.7123989821801502,1.3013571959821093,15.914974088893993,1011.6440678129516,0.0,35.75465657156819,0.7704793718689156,0.6996468297917978,31.76201019405848
29.430649814779613,1.1222185117301215,8.185398375511493,0.5516259664123361,1.3125512670507857,18.342587988680297,1008.3096594875894,0.0,33.76880197502444,0.6626829065321082,-0.36967636117314184,20.162910368745713
30.280457129060267,2.927302837764376,10.31485972885682,2.148810110506183,1.6680134745883999,14.159640911145951,1006.3161708043791,0.0,33.003504548901994,0.7240559573071912,0.014234277099011192,34.495505816767235
27.431325092636897,4.928140348296087,12.524773117691073,2.629334415416182,0.16028402356448151,17.791949155289522,1005.1825012173886,5.3007328893478425,33.607402436034505,0.2477597159335086,0.168510436212257,42.28243819202122
26.62208947853265,1.9617092256520974,7.551651372425654,1.123488726146455,0.1787579506733106,7.784798502883924,1008.6121003147438,0.0,34.16558234603383,0.25426638309950234,-0.29307324172525034,18.95022485248043
23.548251530415982,2.5653633827902853,8.792970049565463,1.6420659791926056,0.6081796510605885,14.144575477489933,1011.8284071045329,0.0,32.724480251258925,0.43794760782429754,0.22030649343631087,24.941059931314133
25.446023912897772,3.0164078097387756,9.956634556655413,1.8995542428222112,0.45084344020238953,20.025013144024754,1004.5392534936237,3.6300696256310436,34.55832509306075,0.16046118273501514,-0.08993367309365773,34.090860457295754
26.55720334482569,3.383337590589276,11.492083304445327,2.481446871660883,0.10838733765117727,12.936297362498241,1006.2778709309254,0.0,35.68203230492294,0.14652608587546676,0.18100817316644963,31.721304629924475
22.93030451163598,1.2041839785352657,8.240292746555566,0.8421734212904706,0.12879042231087676,20.927921762134257,1006.3419545742664,0.0,34.70910412126598,0.15550570251690832,0.012200261966021447,16.647004589168017
24.31642550346772,0.4841986185482939,5.794879473863862,0.34269567097661285,1.0854884638429334,13.400074402902458,1008.1908209855698,0.0,32.80914996421238,0.6105534926805535,-0.6676859289482063,11.218332456424033
28.281365587669256,1.2223322274349702,7.2243851912336545,0.8991741505456053,1.014207466715408,10.682103827981315,1010.485192196792,0.0,34.39264341478762,0.4042414698675817,0.5071345494680094,20.210230767694807
29.72446269951149,2.192176665041912,9.160877454575447,1.2430630164496566,0.2989143928532045,10.06573645915553,1015.5247266990881,0.0,35.54828981458418,0.3085584310911318,0.7746604103739251,15.973230758784508
32.48264886962597,1.3575588301180415,6.669747924513965,0.7859360470234886,1.0975923460531831,12.408279558446804,1011.6299208348967,0.0,32.74981561215782,0.327719998828778,-0.011863963677184716,16.467886533052138
31.797689979107354,2.611448866087465,8.312519572493004,1.6326754785756428,0.5052709585415835,5.327045091484163,1011.8875425075887,0.0,32.75734291582562,0.23937362770054202,-0.2642832181533114,19.623640765364986
28.746934595119512,1.1065331668042284,4.358602854281546,0.6340267618616217,0.8377348971604042,20.458846265075856,1001.3504990323507,19.34205678874026,34.09358603367822,0.4181124509743034,0.5771044524114909,21.604063278111347
26.423104559587756,2.0114515003152573,7.577888663452154,1.697615076845368,0.3509299679864757,31.110167287935568,999.6900436251065,9.608631503077827,33.33834504573195,0.23618407754214676,0.711634016003615,32.71600727788307
28.679862329436443,0.7300972428692729,7.023893217066372,0.5662785861042552,0.15416176153510172,11.130977735391799,1011.5497945342393,0.0,36.519557402626205,0.8184884387049824,-0.00907839405649908,8.763863502237989
30.249341989842435,2.6140404531877035,8.650905658678514,1.3484838102977752,0.3559055929916026,5.659768788535625,1008.156383850441,0.0,34.999777496080895,0.17938729039828777,-0.026538215327180134,21.150135036537243
23.242530004695567,1.6623818125650676,7.635576706478211,0.7517916648521499,0.37503920156235493,65.55968062464105,993.4277482788448,19.988821248247383,33.73549921744535,1.8767067421441523,0.022031115814975282,50.169584528903165
26.304001341811027,0.7651791784695323,7.076969452363634,0.357425376731164,0.46027364908416957,9.285613713709836,1010.2197616881438,3.7699871805901086,35.530539935194284,0.15646703942165918,-0.5360921112358566,11.138846153978571
30.81792399917398,0.9522971711947543,7.495169152784561,0.5215021006457223,0.15021228187903946,6.895401501268106,1011.3072622085181,0.0,34.11219492084511,1.8236917359846088,-0.05189405754262974,9.309737898316456
26.030245995296962,2.6091913980278365,8.077245238201048,1.2934192650625531,2.2402943797900985,11.462997691534918,1007.280006548141,5.510219910183551,33.068097270829746,1.1749175949014485,0.6502296606422358,32.52091132452374
28.00465884788546,1.4543062359140504,9.113340259325753,0.9646925846968875,0.2259527045881412,23.781548070438635,1005.6978111236759,0.714961174969881,33.52009858832739,0.7849972839616669,-0.00904103126969611,25.32251081647337
28.17157828905308,0.7894181791648666,8.111977856529988,0.6261649912072241,0.19960106090520185,9.872306792504737,1006.4609270776373,0.0,35.26381332317531,1.5603113544290612,-0.3140120847552718,15.87735012944371
23.937000657903212,5.871199296840654,13.873383948485337,4.37228263516747,0.43670949185419194,16.9695521409433,1013.5072151210336,0.0,32.723067255787065,0.1899489534584336,0.22383996675656803,43.02631073677929
25.80347213734903,2.409127777567586,8.100674695159924,1.2918794130920646,0.44671508088980694,12.519416039239765,1012.7970002507396,0.0,33.672562872206676,0.21638009773870803,-0.1835195794729393,24.70365055796288
25.512368531790287,5.43951316827283,16.0,3.316578350216296,0.36077429595946464,6.754139468428644,1014.1717730838852,0.0,33.39573935386135,0.27433379313828216,0.026741756716225577,37.70659898543714
22.27506543958668,1.2912846468955579,7.104032082529052,0.8434124891089587,0.765071523749756,10.612684493228365,1005.4587840736542,5.294612136999275,33.36488097590909,0.2684727564782138,-0.3940970731915477,16.78882208036503
22.254013520859232,1.4312770556549355,4.246631779001108,1.1079262921453368,0.42716050963963603,23.067187653706664,1005.1179860716117,0.0,35.43587837149667,0.32337628951082875,-0.3128184564153561,21.820484899131895
30.732818958595622,4.051749608072921,10.193627037432229,3.1832515742371843,0.5233725821558286,18.254639777091803,1010.1106428152395,0.0,36.05101274204377,0.6142910076968219,0.3081807392022574,34.12066173948844
24.86724350471453,1.5912709672697667,7.490233303326859,1.2951152705243976,0.6788961737825824,6.786141870451523,1012.9850224867108,0.0,35.57822641467631,0.11714624436326071,0.09055337279038075,17.574711665885275
27.439827045507563,2.365656065749281,7.513616942921804,1.546424875909632,0.11140459907923558,7.496430712878077,1007.906907098443,0.0,35.2766296079422,0.38902480667917927,-0.22162008539498573,19.16905249949913
25.136618522682117,0.8649335157861626,5.9367446724604305,0.6294206810463001,0.48046118162891605,19.331666082278126,1004.0896209354889,2.3347582507720177,36.44074261881681,0.26972429269898324,0.09183729560671602,16.4738413944092
31.877132073711074,1.3470444289742618,7.47327429267904,0.6664100199295896,1.0701293368784808,28.504188402829925,1000.9071728318756,7.812363429150926,32.75108723582448,0.6598025487554458,-0.16250134805454064,30.24328095083284
24.722615968090626,0.6108182049501707,8.2928546749624,0.41298370734647294,0.1078937663036524,11.019646849577361,1007.6521848525905,0.0,33.220177269697835,2.626634809638253,-0.22431605927955928,7.924654789543387
26.51139653375882,0.7690346789109014,5.948581547697939,0.4225666558476678,0.33377498969040487,17.66490112852201,1011.3125536895042,0.0,34.281949479383286,0.5374569095879028,0.4574120390369071,12.494278820231802
31.16366763008832,0.40151017690224466,7.3315310177831785,0.25001506875749835,1.2730458567593337,7.619474019553232,1005.0995301048907,4.306321130219423,34.10154206706663,0.4327466014323682,0.32400714361607014,13.66142982541628
30.84030245131399,0.4640907459537479,7.978503585771902,0.32654362502815387,0.29604144536440136,10.22284510445384,1011.7583506112602,0.0,34.297621892741,0.3755507892078096,0.042554502629116836,9.254085266754036
23.95406488738591,6.455484756673975,16.0,3.5685556623011485,0.3762256944480823,5.286698515737634,1007.9462140157933,0.0,33.387756091683634,1.0221286524920572,0.10051806803739617,45.845212972354794
30.42775475285496,0.8440617896230865,6.946443111399908,0.3974467706405963,1.8965010320246838,25.47091263587527,1000.6282226875805,29.077296848441012,33.14286425699498,0.1448217991701247,0.047060693932979826,31.088555533374407
26.810962310747872,2.141751616927461,5.910219188710968,0.9725555790217014,0.20003442938326474,12.175141044568383,1002.9575065281009,8.728524457951107,34.68953096406909,2.0278930486446427,0.22045324071073863,21.51877512201932
27.07117315689623,3.323152564820752,11.672911914783151,1.5248744611213438,0.13036677242093092,28.709031078171126,1000.5314709684529,7.606203583161959,36.49062585349581,0.4246862511011492,-0.22982558045949303,38.03190725838
23.40153971036741,1.6799623384287945,9.596532040892143,0.7615939501165172,0.982898644241959,22.251915476645486,1009.3696415230578,0.0,34.18546868810464,0.3258648919958226,0.35187665667902507,25.41924320363726
22.84631589444981,0.665960321773707,6.077127921039547,0.3290789803880235,1.0128182037249236,29.70436244644467,1002.5632646612113,4.785828895971683,32.68641882071397,2.2913692241983585,0.17374804326178445,25.678094774289846
29.643362723224534,2.483810212447458,12.087734187518297,1.3556524016074372,0.38746288913909654,9.709521278957354,1006.4068771853144,0.0,35.53651957442495,1.7481887336884165,-0.042069718261343064,23.098490022823583
27.212842099730647,1.8670711275646577,9.65047837181757,1.0053965281744583,0.42488786390481215,7.865808206930165,1013.8125808202843,0.0,33.75175109376685,0.7162230054198745,-0.12072231102798965,12.931152805900679
26.586932377459384,2.502361427941015,10.356660636023005,2.1137913363731915,0.9130189935440229,55.010631337665814,995.0424763575495,19.456418610288157,33.55390853141103,0.11120846749036101,0.3443958296183829,49.2201758632347
29.659836400850168,2.7497198986670917,11.579066884409523,1.57394638504285,0.703696846429277,22.68854235026425,1004.9697984753615,5.761688810251593,33.89430940300124,0.9282708217104355,-0.0026702106525371763,32.07086644005099
30.03788543940665,6.328688600765567,16.0,3.1704724540034044,0.23863938599142356,30.144310087576304,1007.6918844972205,0.0,35.612406752803864,0.3452840712162863,-0.19461258354044308,48.14629491490126
23.66853576052821,1.7636660697251738,4.435383176412283,1.1785257906009747,0.10766695396323042,5.185085307187096,1014.3296572473851,0.0,36.02092336354231,0.3948885969326744,-0.08459941844101328,14.140354487161861
28.407364069515232,1.0688081198434847,6.175146188512724,0.8477604118532126,0.39400751038159787,11.12738858391348,1011.4660916343839,0.0,35.02864108955754,0.2037142250350504,0.31922162711120594,10.975108382736975
23.421217863915697,2.0727115823369213,10.52663288907824,1.4948896506482352,0.9812682014958178,24.011526549460516,1001.7027647110762,5.2921634711538195,33.88665864099407,0.5447197558308227,-0.513693620436114,33.40585951934346
29.88943840330498,0.5134327042019442,4.712791857416056,0.29185200796710503,1.1177991976521269,6.136680107950235,1013.3553271771198,0.0,33.8350564024043,0.9188432479078352,-0.07439311695316539,11.229067253729047
28.898029140804965,4.04302593499285,11.942237925131723,2.727613150565959,1.507923886284299,16.7292408245496,1007.7618629050577,0.0,33.034525904593494,0.291306456807067,0.4247039343865173,38.57547742987147
32.04445352137631,0.6034083561127324,4.518880570148311,0.4440737875505834,1.0524837057718508,12.846909225012801,1010.2695832094784,0.0,36.513194507411335,1.7755074496792649,-0.008875870236140324,16.516535067878365
22.72405917174242,1.0356209497745648,9.54000160239687,0.7676455337669575,0.4904219242778368,5.248829344429081,1009.7849604713405,0.0,35.24399941556592,0.22995170081597294,0.14548585629724442,13.24444772751201
22.59907457208817,3.1062986831973074,13.113576315882177,2.2260214178354194,0.3646345535236194,8.76817732487584,1010.7738706957751,0.0,32.61599086538021,0.14113585527270087,0.43036913758801815,23.971625450322026
24.962964284278602,1.8553506399042012,7.013827809116469,1.4811712594939674,0.7709444877783379,9.692545959026852,1007.5583671632853,0.0,35.34817850930273,0.7203083121990655,0.3623153786890095,20.108794651974392
24.747909679227014,1.2004384352400133,7.381736184015651,0.9580005098213623,0.7058745376755078,6.660761624867658,1004.8159371486859,4.866313405800719,34.42275972403208,1.2355530881278811,-0.10402057056397267,18.80718934033462
24.593277390256,1.4262108007336711,6.5464383696745365,0.9720690899164955,0.447625400870442,18.977806282905014,1009.1805228833625,15.423553298895566,36.68199924110175,1.9362630843855253,0.004362256728657282,20.74021832578499
31.515673095470888,3.4846479550503147,12.194783277637633,2.167250826808137,0.14112011379703215,8.886357073989537,1005.8337448479946,4.461664438399429,36.021995946667545,0.974470627362878,0.3666673656051547,30.242957225250752
24.620235098419816,1.064835343246462,7.681228233707125,0.7524425948188266,1.272155532100611,9.55284578101199,1010.3880346609893,0.0,33.23665774148103,0.23362369681943881,0.3788143205493645,12.485360995536631
24.855472124350626,3.6600475529501155,12.805643952730106,2.8448993321917038,0.3736340511910865,36.991741655108775,999.7671127656553,11.104927006347957,35.596477811161925,2.3808577130976536,0.0191824561397706,45.82241736289084
29.97368175538862,0.5476203234549253,6.483594253780696,0.24766722854724868,0.3031793880356527,13.812507544776098,1009.2921859409167,0.0,34.58793381649163,1.6112211043490179,0.03125902169765063,9.46471216279931
26.72226834573067,2.7994880747936746,14.442187844211318,2.370603152444381,0.546887689336872,11.969076621811382,1008.2223194643417,0.0,33.30429420378069,0.2068787534176282,0.14368929308684797,26.096789836706048
30.155460848029403,3.4094449274005547,9.59511522180489,1.7836767150586257,0.6041624362613356,23.016421778747382,1005.3362842816498,3.3595726063025975,35.50458160151878,0.590934920904059,0.5284152415060525,37.49149725061492
22.686344654426044,0.7210720782883498,3.732024709264259,0.46011580059088836,0.20646707226496314,38.6512910106503,999.4976637343818,11.24843411968188,34.853766588385255,0.5865066569445548,0.4236481422302847,31.8236822913922
27.119497533570534,1.300363287297894,6.751018616084017,1.0387456603327647,0.91613348349614,5.354971072604351,1013.9999063585365,0.0,32.63060767871775,0.4506130959332406,0.2926853463296564,11.904086176299746
22.352942801924467,0.68947562536753,3.8890737273211533,0.3723279793609717,0.254080770578219,13.324960271303533,1013.7135756711453,0.0,35.28032818727395,2.5917436706076025,-0.3275342466223621,9.921665699441862
22.657858636281222,2.361971978064866,7.0128561555077695,1.5133581733803372,0.1929859614885744,18.21059637276836,1007.2041015951194,0.0,35.230444486408494,0.13688416546489812,-0.04619169229188991,25.243239600789853
31.517593260116314,1.6263456664118334,6.42545021824435,0.8181053315577625,0.334697202659066,10.369722669604236,1009.922260729922,0.0,33.11956619252129,0.6920422554975245,-0.027800335791465985,15.147272518398097
23.462076396734748,2.0139907190673974,7.2418999361738745,1.2245678446423574,0.6901344316770347,25.72279308107106,1000.6880747764499,7.39171984810387,34.000647226085775,0.23787709155717557,0.5464697614112155,33.67990901783227
27.59041716388978,0.7500189977525965,4.9181070430295835,0.3906505314967877,1.6145130114788822,54.7986574857201,992.7436858893427,19.840106094888633,35.01936557422947,0.5496162143069457,-0.033602536912873224,44.809562389812065
26.316503827307418,0.7806955696539114,7.182580451045158,0.4648660353318072,0.8456299860661467,45.21121878694592,997.3857651030322,11.474057327125623,33.09676696065894,1.0077700697412948,0.4887049880771646,35.74312574376202
25.647104925717848,0.46781268194132225,5.082779235866376,0.2804002256203625,1.3686552699966732,9.329114472757942,1009.5816903701372,0.0,36.16671052468945,0.26999638347109683,-0.14974453468587945,15.110482416267581
31.44825012971636,1.0219321686981124,6.570206041347882,0.8658507474748869,0.16818740258593723,8.592687744413503,1012.0956719707348,0.0,32.61818999903713,0.3998913982009754,-0.12180938518126559,10.716404767753858
22.22914566614264,1.7126406483789016,9.424102328833426,1.4521911843795423,0.13322659114907745,49.21239799714091,992.8585228322939,20.559609432694963,32.942200884368226,1.9067277815118862,0.21850893703459928,40.65290242369218
28.969791704843686,3.5223519588170245,10.190749738698505,1.746785450861871,0.4670999471813124,13.591093297804813,1010.4166454218766,0.0,32.999259755376,0.9599831245837408,0.598851346950115,29.539797059738603
32.11564155924228,2.159031899573849,8.489438571175846,1.5985202558740679,0.25430922412775303,8.269978191570038,1013.332521804384,0.0,34.770860641692735,0.6101939175786059,-0.024121995243757008,15.68857865571292
27.88176592634934,1.3146100021067224,7.914937982931474,0.6187845510027492,0.8922612085936332,22.186012297757102,1007.5604667717032,0.0,35.16649025232509,0.2506152383406807,-0.8469687516514192,23.858115774823887
31.836635851347467,5.296266518182957,11.620928031798991,2.447281917161058,0.601617112232369,9.685272605411749,1010.3654795526661,0.0,34.23608542495639,0.43234994495940793,-0.49746419081861043,40.65041135764122
22.54870773250325,2.4324377447988934,5.801029677212135,1.1970842412267444,1.689008254038683,9.35325199697865,1007.0287564875694,0.0,33.74126735897311,0.9924949838526427,0.15428654465755975,25.90796177295156
26.397329850278695,4.658596587379642,13.904649850479942,3.8954917390813,0.2323415720340076,34.596350863228764,997.9187046042745,18.685769170826912,35.9800647151899,1.1306920535959024,-0.4661786093736188,48.022796445780195
24.731656805101537,1.5998459779242489,8.617744181113997,1.3220253952158603,0.3993004408261852,7.482327737434146,1012.7045134915342,0.0,32.7936297300236,0.26830964431029636,-0.25294698923874437,14.439548158545302
29.673620132297664,0.8794007651434149,9.679251579536762,0.4639464537295067,0.41303404813547506,5.9318358735286365,1018.9039162634148,0.0,33.705255002871006,0.7509325220175495,0.054319682723389946,7.9951128737415695
32.30361945022109,0.4868371027176495,6.113449098691984,0.25055993279516814,0.22300942025799675,9.390356598280007,1009.1112202625826,0.0,32.668196988857076,0.15989418490082682,-0.8072785360112613,9.84173315461602
24.693565655664603,2.471899036003575,10.679027840693578,1.350185945595131,0.5013216769889165,18.07329489379022,1007.9255680788979,5.2117059233972824,32.55972758035495,0.11409157361801954,-0.08290402626390907,27.4457065649916
28.868833315477783,0.6069042373614165,5.799218661871589,0.3982619689178954,0.3635666249090226,6.838878531644093,1009.5158335204143,0.0,34.01953351380846,0.5773391156888318,-0.3576829952510942,5.869998602893469
24.08002514397727,0.9770356675801231,7.204505034021851,0.6623147486047374,0.36635224995645543,13.930482730937337,1005.3420177427491,1.76038124405631,33.33774174851321,0.252455428949974,-0.4747129012652626,18.330090020572435
27.935967673001905,1.6164699249027104,10.410531127449179,0.8706911125507746,0.30275752751732365,18.81913469014414,1004.2219969486204,1.3007090139572288,33.65397317580446,0.14931983973577678,-0.2307645537263211,21.157407652643535
26.87129111022753,1.7297103503213695,4.9274894033900125,1.3018649647838922,0.10768343142878864,31.44229260938926,994.80575770132,17.36591013187531,36.03007277705636,0.8852185863416832,-0.3242231237743009,33.33360862418785
32.20605596113114,1.8683996611955993,8.983543776509599,1.0721274622715944,0.43225471303713825,8.656735829593703,1014.4957669059494,0.0,33.200814413871655,0.5134627238704221,0.21431807629730598,15.228450597447619
28.3895363633129,0.6909249199932312,9.447044951103866,0.5657656189228182,0.283753446874458,28.80228755296477,995.4498437782706,19.78379834228202,35.85500347875274,1.0545964628622742,0.46878437533900924,25.547965442800056
25.6698169069116,1.1641797600012196,7.518574896816209,0.8296982051166079,0.10059433335036316,8.748596854707136,1009.6061518980364,0.0,35.40271767952936,0.7542869076735927,-0.077549398063872,15.766985399637123
23.1980057413233,1.9363640621445914,10.961314756709537,1.2093377364144204,0.26563959071363513,20.811326080216407,1001.8962467515078,6.815880213896414,33.90371575810558,0.8851666816383472,-0.1586440226663926,27.589528713804317
23.588091701716813,6.000861130445541,14.85773181050781,4.596448399696908,0.2469703538931403,12.886218497806027,1006.0407693842285,0.6476117134309374,34.850191424258036,0.32034744072136806,-0.09497175040526455,46.73867970249724
24.365827764487967,2.4809568319624473,9.417651056286836,1.9281149261640944,0.3249842810713553,6.705305290074009,1015.3685599185973,0.0,34.411073122030515,0.2833250269011685,-0.3378654877784618,18.977450812705346
24.635149944073127,4.494107265328362,13.139680131173932,2.5445304670823234,0.16362687700650688,22.53759127966073,1005.323016325528,2.7079402243346293,33.05209985663996,0.6510882145563897,-0.4010596634668873,41.68484567890796
30.931468607331947,2.6982016060933622,6.530376271929896,1.5808380538587317,0.4188853612154716,8.43835838721472,1007.6291933630135,0.0,36.40089688345695,0.23394773924998297,-0.5259440585126679,24.543516978497713
27.892839276966512,1.8332714262145102,6.547621825410818,1.5113160776160728,0.6305888057480165,7.720782685723568,1009.0523027907419,0.0,34.94935726061877,1.1137777545260072,-0.4153323354113607,19.026150632646097
27.495604569430846,0.7411554289243885,4.6887671529879205,0.38235942899580677,0.5476392717136487,11.211381482242299,1007.0871051401034,0.0,36.285032196920454,0.5440428648736098,0.6211968524894202,16.36827122050592
23.205073154626785,2.157870793548296,10.117266545435724,1.0074239185768126,0.8327760099314756,19.829742049859167,1005.7041750808802,3.1818337986649325,36.04245400079714,0.25447792380991185,-0.1916473623772103,28.523818092050604
31.03146678016907,1.9624278479419073,9.840599784821515,1.2395128554119486,0.3706728022956286,8.731959173222496,1010.9231624536244,0.0,32.84303647883052,0.6887667839308024,-0.9795699651173169,21.902105330308153
29.589550183689077,1.875972462875506,8.86280509723571,1.4454066922300892,0.4294354305836705,7.840967207558176,1016.4580907636323,0.0,33.391263863879345,1.8406432202247636,-0.1554699284683524,17.820294406810888
22.710517799950015,1.4766796395094328,8.894177696400538,1.1203084701983963,0.8482820166152305,5.140048919315392,1006.134606970524,0.0,33.124622791811774,0.1513966490159647,-0.5066450878662875,15.637387291272972
29.432268520912572,1.60346939525658,7.6400207923791825,1.3113369164505657,0.35114229792233853,13.931765796379775,1008.158953610158,0.0,36.07235199098375,0.16947901878828292,0.07081972899900701,18.956021918687167
27.707151282097783,1.0514084550754916,8.695432723445201,0.6973784794917626,0.6441932044154128,12.836437597166807,1007.7677049706218,0.0,36.20852049375737,1.214121215866503,0.03307622066704832,17.656817448134788
22.858116130341173,1.5720612942865047,7.842892993663816,0.7703507012670224,0.3566017104339977,8.729606519918336,1013.2451017220076,0.0,34.77027749217597,0.16964649239134694,0.0695599731922191,14.496061548486542
26.812156736050895,0.752148945282401,6.440664172648456,0.5155797418355657,0.343374246960952,5.77203120666654,1012.6877356223783,0.0,32.94796571178443,0.12410292950903544,0.03574587243918536,9.678800497868492
27.089311014865494,3.0170407456347355,10.032284392248908,2.2970488494264396,0.7425880712865411,12.85140000946807,1010.4793336792698,0.0,33.08315145973497,0.35656255116128666,-0.08044860661691221,28.8872073678905
23.740632671714394,0.7288335025395559,7.338576021025843,0.35518334045547634,0.18647840528220122,26.729917687801496,1004.0288218630682,2.8982411557590186,35.998259893484544,0.4772093178124861,-0.45956364253899523,18.73011386838381
31.929830543502966,0.5420709963750341,5.343929568555692,0.2813689761465631,0.2860188710569931,22.587591329049797,1001.9032537239524,5.225293761193166,36.495517587076115,0.6056073379133132,0.023871074810001645,22.042540221388457
30.92474140054695,1.317019743359491,8.835282603844187,0.599133701872155,0.21422115530337957,32.60529549373404,1004.2080865802943,5.0381541572459385,33.35774544597582,0.5247131688713935,0.4066236061974928,26.30600184129715
29.024734541955638,2.1181502274206196,7.114446698283105,1.4561457408049185,0.3002038095981293,5.134804559523435,1014.2811834246314,0.0,32.547891578830345,1.5663824941409714,0.6847855793283214,14.730540449247737
26.854103390506374,1.321199497221451,5.729784712906321,1.063160986872812,0.21783324922520894,52.51325995126102,995.1234823364198,15.486645698172516,33.923097492148344,0.9783410828926136,-0.033296964557102224,39.41271981762279
26.32353818663734,0.9184096770807626,7.684277551435129,0.6596618264781039,0.48973888181183745,10.847205185683546,1013.325654258593,0.0,32.63114737548589,2.57402638906336,0.0046365191507101375,13.517435109738067
28.83522140508502,1.706932425266968,7.939662043606024,1.43863001873856,0.8201500735511871,70.04067686343777,986.4127465934815,28.12127427750173,36.06029213913556,0.48827986051880423,0.22514951268111266,56.6934070826093
27.727034628772508,1.0818907618357176,6.266566247074599,0.514129053355775,0.7950916662939349,9.07653120004082,1014.7055820123356,0.0,34.61350270607288,0.1528592890801076,0.5726345458152365,12.267985549427413
22.6538676117598,4.721743732264332,14.834225316788988,3.8302805651357366,0.30400511775991956,13.928938573947729,1009.397473420205,0.0,35.26000134868099,1.9677729594792601,-0.12020381367659151,35.89157300851623
27.381277812088484,4.494962988041132,12.18004125734491,3.4864160732349734,2.1197406460409893,11.115813559804625,1008.7657245348302,0.0,34.26938496738713,0.10247298634338528,0.2924279609326182,38.44944119335476
30.467237980944816,1.5166433716349066,7.429656187492277,0.8731264448989274,0.5054695642357399,11.155590858500496,1009.3867096797555,0.0,33.98568245215367,0.9979227713359646,-0.237986742933536,16.040285977083432
26.82201871476806,1.0357189206535318,8.963135982283097,0.8693934620926624,0.3294219816524785,30.857261876032585,1001.2225373348723,7.267579251578093,33.45546177622717,0.11906905773015156,0.16544714659292595,24.51691464617471
22.54554406431982,2.537767757937327,11.876695483003164,1.4342831445127948,0.9122875825925023,24.20900439800824,1002.473412458078,7.54568364267977,35.81328995226402,0.9593129944412636,0.3897114618164297,33.82302398520143
30.255921093532347,0.45984612146457166,8.186320334041719,0.37050808588006856,0.6889900640386939,72.8639443405961,988.892865934277,30.295140563672433,35.49085461298677,1.7677819224487101,-0.40180121229172877,50.56548653306288
24.11431971242773,1.430267399470051,7.151292653645225,1.1475027205290624,0.7225299556341955,18.309259608345165,1007.3497791989571,0.0,34.05113463333317,0.3958506574763849,-0.1338006527063762,23.065734420297684
24.715518766324408,1.0559364603388013,8.746739986086547,0.7951867278822506,0.19824820542524457,13.711292053988767,1008.638389287621,0.0,33.88079937748648,0.26542431599818944,0.38417408384325047,17.39426869907078
23.729416711039107,4.45191959066319,11.590026021540723,3.0067739122495176,0.3842747091276153,6.321485911746762,1012.5618579775894,0.0,32.50534437818932,0.2539264795639823,0.26565643068017813,32.35250735077416
25.467258181150726,0.41932103244822416,4.394423546323712,0.20882233534809258,0.9906656229643773,84.41775158991784,988.1793128955394,37.04723574938225,32.77327415919553,0.5060309003269835,0.4125811491101993,54.80033763377176
29.945890809730667,1.687652194917118,4.51209017191427,1.1185567938554557,0.41556519256469104,16.226809233701452,1003.9232001026769,2.6805960758005045,35.17999875703833,0.21243932047408842,0.3469538762589233,23.17885608370457
27.453551524791344,2.5594066325471476,12.116234241432661,1.5170076659227074,0.6176272323958394,21.87791892984101,1002.4563296113872,3.837162433039824,34.71281143401249,0.7705369539815305,-0.06938623477084696,32.185204709288335
24.15125337858248,1.4617972898552303,6.335265348125297,1.1210330652523113,0.49895699518741565,12.309771719177991,1004.7895574162328,2.4904442560243742,34.3696537792856,0.37565414078986126,0.8197165519381419,16.141830428363075
31.21721582059643,0.5428348493844299,5.7873038592713835,0.4088912636720543,0.9313394272917774,16.108220657236664,1006.6694055434784,0.0,36.05825963544713,0.33414745054745354,0.09791849676368815,14.913470929940567
31.23560947699106,6.1474660160148105,14.699952315934233,5.005543484339115,0.2506864216214496,45.00252346679829,996.2061044907122,13.327387311672826,34.66676227893224,0.47114180473560596,-1.0194981322004701,64.64739986573503
31.141073462983073,1.567732491239759,8.864666356726776,0.7147795120557122,0.48555326652933173,7.5483489683547,1009.4958887521248,0.0,34.15332240005147,0.5693018048337358,-0.04882123033205481,15.830563979355269
24.50736021950616,1.9238408387085069,7.899463018599302,1.488362701920668,0.15918215626667834,9.841726020041138,1008.3283441855278,0.0,33.19340229435743,0.19184194202710889,-0.11420993994976493,19.422901656106383
26.738013113900376,0.831977525452735,4.540334210165499,0.6867016211297128,0.6273384119171468,7.309231111198387,1011.4175312011557,0.0,36.02895843532286,0.8381148441717774,0.32833720857854726,12.186133823212163
32.34239138947919,1.457082052781555,8.28524154128589,1.1157171312108622,0.6924917347861803,26.997580324108853,1001.377025803819,8.82370703808564,34.97786747552111,1.3870775852838721,-0.10791486031934568,25.705294233145704
30.1061310012549,1.2970046574178584,5.184013346136803,0.6511972241667836,0.1197018611502857,5.896750164645143,1012.5024538843418,0.0,32.89757785346786,0.2954272111890962,0.4346394985366981,11.806743323090233
22.28525792286838,0.5245583113086116,4.6880963723822635,0.2531054920808799,0.6068650587568165,6.192194023395273,1014.792976089418,0.0,35.290263111387425,0.21935665716046665,0.24533478034234768,8.51792557451304
22.684648208235167,0.579566218049421,3.5,0.2656372768421124,0.34102626443524314,9.963363820164695,1011.9285298363934,0.0,34.32780420560016,0.9575347050377248,-0.3000316615145211,10.761686476448276
26.871279456529493,3.30705309035444,8.816758394341582,2.3198914275076272,0.15962490249736708,15.107075070476526,1010.4224797183582,0.0,35.98896076142838,0.22166768117878938,0.0008693325360012785,29.748106178966275
31.54681216154638,0.8387199500287807,6.7774896646325224,0.588671583553917,0.34505550443111577,12.298741714168301,1012.1935674698626,0.0,36.45133276708278,0.12527818522093098,-0.22143670549639022,11.799481473557993
27.6563688785035,0.7469778660150118,3.5,0.6310211197818231,0.19718225780591944,5.641922570099762,1012.525339892668,0.0,35.082002996657856,0.6793566888464627,0.11466552639878438,10.093829920960065
27.22703133436005,1.5248298336773591,5.522975113686673,0.9289526679410341,0.3416951595803624,49.21273618226073,993.2600090821163,19.349244455727764,35.64593512304747,0.264465889223955,-0.22352180353229234,40.06126805644614
23.107473849544622,2.742789596396288,9.933467899314106,1.5983949604564882,0.31827647665916126,47.76769505540379,992.0141898821842,21.251180225327126,32.74334064468931,0.21310790565017607,0.07605233067817165,46.96165491459208
28.896191099605087,0.5023173042575624,5.088760803524034,0.3515065653696986,0.7034080109550511,9.586546591886817,1008.8790639712571,0.0,34.90909845650498,2.4973321790157352,-0.04530701284664393,12.770188409221893
30.632083186302367,1.7758865797026138,11.184650797403668,1.3856239055031068,0.7696785394270514,23.409996793397458,1002.7895329576291,4.689421397992262,35.74796190692854,0.3070723012340838,-0.0032781391379383684,28.121378076054278
25.994410078829404,0.6030984795679659,8.836422082258903,0.49738109366806504,0.5203083617609703,17.09760201283335,1009.1548279157549,0.0,34.636077242755846,1.5025748662510494,0.7678291329293346,15.473033450241617
30.143924434715938,0.4594277876316022,4.525086323610154,0.35433352797866535,0.11032666673067668,8.795710898568222,1011.4185843526074,0.0,35.05226538486865,0.21776863473863167,-0.07616982934752158,11.347501252313723
32.127004865958526,0.4866973511631354,6.711761659698866,0.30207824649378817,1.3032872702246623,9.256615108731143,1012.27872619043,0.0,36.36547719799849,1.1254791481001942,-0.6270515806660165,13.170914109845635
24.139547820840736,3.2748105332508994,12.018582795170797,2.3053542701672596,0.6215974747420523,14.458515353956653,1004.5654831094821,4.598276888515658,33.351828159734154,0.5183158602180008,0.4055391506570216,32.51421542550219
27.494961127544784,0.6008512412181976,5.18531394715615,0.4761864638728632,0.11565720745834443,12.60777390801228,1013.1038121376594,0.0,32.92245998247322,0.1491132096352142,0.4027845656307028,7.918898806788244
25.014948559888044,0.47392391652823135,3.6097507450035105,0.30627042842626184,0.8687509591823352,9.81912560988285,1008.6758895167045,0.0,35.46976753649985,0.8936657269286592,-0.642629060828889,9.637519060525031
30.324971399855315,1.3217204931144482,7.360649213643921,0.7093338929293441,0.200564335029894,28.06807114661085,999.1425090134068,10.400928077698357,36.03825029374651,1.4357821903885004,-0.1953148674228235,27.5902362624004
28.064730341752153,3.372571881732255,10.811360874896891,1.7466191470053367,0.4895415884220222,14.194412294628497,1006.837588701864,3.8582394981465695,36.15710781090502,0.20677090467120135,0.2025336948962831,32.84312980232231
28.66311538427819,0.8869839411455694,5.942924348606096,0.3991987402785219,0.38284664721059636,19.892787840361265,1013.2601500434962,0.0,35.259071337492244,0.8758796942579725,0.23347114142597336,14.827265846307048
30.37809867596689,1.2762949317779526,7.960806179447043,0.9410061244220674,0.34500216367406633,7.937543279007567,1009.5684492268164,0.0,36.082817698134455,0.4533290792043332,0.04834668279154782,14.73614549312828
26.157689962955775,0.46518608404775824,4.711240540777567,0.23000608803417213,1.0921040873290462,15.675191581237275,1006.5702199344895,3.62583935792329,35.51285608461015,0.9411383613304324,0.05623888262664957,19.72248328003478
31.608445718273956,1.3538607582002218,5.708953043391684,0.7412870165473819,0.3588029121362454,10.357667050985807,1009.1587642312344,0.0,32.8757207383992,0.8509069422814985,-0.27850575557911456,18.30755932105002
27.59680310608447,1.778933623179268,8.36570497724743,1.0124810191087472,0.13525013335777622,15.463893075862117,1007.1866534655271,4.902674995151852,35.77678708390545,0.11617625100619301,-0.7899470497094904,21.362108420919498
23.658525639771153,1.753730760961039,8.735670508583183,1.1822810018504257,1.4188015111896999,26.250440176077692,1000.8465670242113,11.574148250817746,33.271246665066414,0.21813546494589744,0.7673275613642379,33.77277787687645
29.306940740772426,1.046569712448187,5.1188580665566565,0.6375523839081227,1.2395986821069676,25.50946695185488,1003.9257410929723,16.014422362292194,33.51742017314118,0.4820910084260486,-0.28903354719734997,24.027366474453775
30.329244179601673,1.006584175576867,8.203987432524983,0.7246093446271054,0.6190224735389493,11.122164165945179,1012.6470700680293,0.0,34.19699769609426,1.727182272365855,0.11177699152256884,12.255892347422073
25.32599760920903,0.5803956920780758,3.5,0.2740950367100856,0.38390940786398764,21.591066782007843,1006.0524286832564,2.9529424499822223,33.85263838520325,0.35119719417646034,-0.005596798480767662,17.335796089645772
31.000382198486907,1.1311460780948646,6.168892752497291,0.5650930685484723,0.14385605713892613,44.69202109569756,992.2639071815423,21.452489414910506,33.88310247470252,0.6947273344368753,0.36401914329574103,35.560385088790795
31.51450417504055,0.567678710717054,5.634808874994284,0.368812116903029,0.8038974602738943,18.756620186503437,1005.2436480907563,0.5342781164457999,33.2278159540774,0.10729440849595179,0.09021402471875548,19.058462146477126
24.907497117466995,2.7279746951029913,8.95601888220749,1.5952811785511058,0.13531525265298963,7.24910326926533,1009.3604929241153,0.0,33.76364550257104,0.8450607173429008,0.10370433358219996,24.886649680566986
32.32697546350983,5.823192086751346,14.634155045825636,3.3094676522897153,0.13198037764132886,20.939338295575887,1005.5367379300556,5.927994910553849,32.58454913689629,0.6543945757360321,-0.8720113868031252,50.12110442269242
23.477471044511965,6.014468593923048,16.0,2.86776617777824,0.4468859209362087,6.551546297261395,1015.2936594805205,0.0,34.5335170707598,0.8539912807974844,-0.2416686753897886,40.17722907131064
24.121164518226145,3.604811682110124,10.212334894239875,2.91372483495821,0.1785277295587133,33.79223138378278,999.6389033950857,10.727287289566446,35.80494112271017,1.5101873554648464,0.310621566309649,44.60980992638407
23.934360811999273,1.869236910008453,12.026459021723085,1.3584257439897265,0.10349213533051986,15.178503510151167,1007.4855633597971,0.0,36.20766368766681,0.19504509204399934,0.2791338787751752,19.404176354522967
31.38689195508264,2.3309802133473556,9.851454553621817,1.1623369028584614,0.3475493286914155,11.80906627652165,1014.4703777543612,0.0,36.02784280352558,0.28195330358771276,-0.28307848826602405,22.789409219807304
28.8700717994121,0.9372169818200011,6.82507327324399,0.44613251229499823,0.16641655137919967,5.8217438549456935,1014.2314293288609,0.0,34.290768191678985,3.3808789525222154,-0.5023100039523927,5.868238329970888
23.597094973833865,1.9941386573659639,9.303810113340234,1.6749747977824976,0.1787352242895093,11.710209640792465,1010.9003928177581,0.0,35.64083386900458,0.2019635708367133,0.09430275735302568,20.16352739738225
26.623395892867663,1.373059246323681,11.266398267260556,0.9919927683347949,0.13601315487741938,37.692480386996564,1004.3539617453773,3.709259933547231,33.737930328609416,0.8651244975016978,-0.9673709170785352,30.259105664713083
28.46062926323292,1.4525016188092468,6.124113407959472,0.8961679760823241,0.20328899522234023,5.296887754117991,1013.2883623362159,0.0,32.73891863268576,0.8747561545855536,-0.3520359883182169,10.242923586878621
22.876372892388524,2.6686314793179733,8.122909784367767,1.949948783843268,0.6656348889288429,14.011618912859205,1002.2709284334783,6.029287225308972,35.40667755918244,0.789300266401568,0.6660563763043587,29.348359413912025
31.265371868277057,0.9298752088498655,5.541476081071877,0.6997615151476514,0.844795599786517,42.46319610123765,999.0131518201903,10.55450536340701,35.289823508366545,0.2548278196787714,0.555773565105819,32.33287196928571
30.43783712213612,1.0124539271823982,6.8706317893751585,0.77147458517702,0.37110442125765464,12.031696632437738,1004.2697466035227,2.404474086344047,35.947006400490366,0.24534541416919525,0.22053727556780078,15.0544408158141
27.3046711225547,4.536803866603221,10.577590272666939,2.908775983190938,0.4178536639570095,12.824928729718188,1010.0751630993929,0.0,35.14925668882238,0.7585815817162891,0.15756771006843973,32.34553144611237
32.15482946022129,0.4925867864733227,5.920165074629893,0.30636588046699825,0.11494004922686137,17.09709187966496,1001.8187902683385,7.12177797012533,33.17463398738784,0.2236613872824255,-0.6325597745835395,17.785290705147283
26.386490282388547,1.463713255718353,10.175004560413544,0.6651277463250862,0.13232609206187534,13.702966916457434,1006.9570356267295,0.0,36.16859828581585,0.7500509796277696,-0.20923353282719076,20.25378285082462
32.33315834988323,4.3032962033577125,12.97304425198105,3.5313831778245492,0.23402063145764038,7.585048009181206,1009.7853913485663,0.0,35.19718698848041,0.5069885786486621,-0.05330900928802165,27.073152386953318
29.013159987438083,1.9080636201425603,7.995486327793694,1.3190885548638858,0.4532678797066553,5.262217938861823,1009.5228470564205,0.0,35.97272170585052,0.39327105406820084,-0.20179481232541607,20.293189385439415
28.664048369166387,1.6648881958335484,7.069558079474946,0.884491124910972,0.7054069534203169,18.175760194394396,1005.4693074577933,0.9885254742107406,35.828660617616976,0.3142041560330191,-0.07258516721775252,24.229102152914876
23.742526400605744,0.8597456580006045,7.895309741228434,0.7031355648723077,0.5179947689502625,40.502070140755,1000.4203621619473,7.03079972874258,33.78081729506788,1.8690451484554444,0.504728548521203,31.618372455189544
31.260241462198763,1.0727850593257497,5.692263946929279,0.8753633865044548,0.32400581812154594,6.574396521845838,1009.1510368133495,8.467268297244562,32.820577791863826,0.5256801651259977,-0.13963807144496282,9.704373086132728
26.48864172316646,3.457392308085526,13.99290003545282,2.923825627102226,0.15666882409132935,8.317006490423287,1012.2107729071809,0.0,33.258968959085216,0.5942979863029136,-0.0693287131948679,27.205587329797403
23.703450760716034,1.7107282492247093,10.979350470176012,1.367937013743964,0.7829418824854659,11.473597048390674,1006.378628767135,0.0,32.89930803754698,1.888578138132625,0.3088359503393129,21.801850143223074
22.13237895974547,1.5569199520125814,8.187582111615328,1.3220021468871488,0.3034991689092654,28.15786444344329,1001.8370864999939,7.0819934092994625,33.546673457944586,0.7365771968779586,-0.4468165015109811,30.24643940464161
27.877434678203016,0.5678298235293492,6.004821050237861,0.3110994665970499,0.699404858687313,9.391771898332397,1011.1043176055514,0.0,34.47598877401177,1.9999540344218283,-0.24407160259359628,13.364246451914456
27.537696032288103,0.42585279459670683,7.312524742636412,0.3351034934105224,0.4237514699869819,34.9254453966172,996.629348998596,16.99847918749302,36.399285601419514,0.16747588736316957,-0.20820290571489497,30.047129004382356
29.553213034876165,5.7048473532492725,16.0,4.445281656595269,0.7038734028709347,5.79136085548865,1007.680160701949,0.0,36.24968065045873,1.224978867508531,0.06945725129311162,40.120504465538964
31.347709556686922,1.1570984912788291,5.873789687712769,0.6275826175673538,1.170223393177112,44.61276021259632,997.1056743641971,12.292090219959595,35.58997920491163,0.34515516014220093,-0.07073672362278291,38.521548568539544
22.83376913875181,1.8789693163372632,7.592312069702022,0.9195206460110914,1.2424065027683542,16.517518591621286,1010.5679100132367,0.0,32.60368314605565,1.0979802555178206,-0.059669318271496866,23.271675999076976
29.680713148573805,0.5329151261277512,3.9757260750050087,0.44859100938892993,0.4446763903786144,20.053094628515563,1005.5056483297961,3.602657796281287,33.96797356567838,1.2612530289112664,-0.1826988954858732,19.018955498604804
23.967825413024613,2.2387425486311296,9.64333399503712,1.2725232504554638,0.42239481895659936,11.417246411174046,1007.9268421698465,0.0,35.43409823388343,0.29005061499503576,-0.32479059107516417,22.87973564232811
31.010859058150224,4.714586315034919,14.486197192248191,3.7639216486520235,0.23896372977501829,26.325276045984292,1003.6272066147187,8.756940395988615,33.054824256408,0.4153916186551754,0.2632000234737021,46.58577414145303
30.60016689554739,1.7715722201470658,6.163941539472809,0.800132120094091,1.335587249860896,7.550814898166801,1011.0572806805803,0.0,35.944677755068405,0.876807737186179,-0.06823144163678904,21.95429130679563
27.678334427348215,0.6156909757286891,5.425445399087402,0.2822388527065279,0.3755530677944703,5.7020790397074155,1012.3807927234307,0.0,36.43266682394665,0.16258706007031587,0.2666566430515806,4.788939097395198
29.457549385544773,1.7945725856880075,6.2093497778663895,1.1419736151776423,0.16142374118024044,12.047342926686056,1001.4545940821881,11.42885879398914,34.022649120542646,0.945206280541547,-0.33906956566840163,24.588836772229065
25.300676188429357,2.72627053161145,8.559087241534854,1.4871420625351945,0.35509405504381153,31.908933454037456,997.6537145277807,13.965103604200834,35.53512516601448,0.17023920104599388,-0.18283475521237486,40.66847183413802
26.94726293879455,1.2345239130030088,8.048668633744866,0.8961859850827076,0.16114632482760358,24.68677881868147,1001.2991654642324,5.5555966099197125,33.137277770475464,1.575232771465344,-0.027414059746368166,23.832253003151024
30.627187425959953,3.7902597583633013,10.722244465036525,2.5630711728499245,0.4142005351122179,15.192862368451486,1008.1967183808782,0.0,35.47051073118601,0.2940595801544732,0.0052465371143262385,33.44479580641321
26.822284570318747,2.0737059142849468,8.281431711664457,0.9974407640066939,0.4707476467351639,16.88535564122295,1007.6048401515397,1.9454834254345457,32.592258272834286,0.6142463999728949,0.31402905407627346,23.841926208685816
25.756881785917138,4.072163746607014,9.888927151971654,2.097373306944887,0.28545438283518954,6.947944414614746,1013.0476231776814,0.0,33.14831747928773,0.17476235965657094,-0.10067825135732546,29.04473195614508
27.18923069612815,1.9629621419845282,8.813817170159147,1.1880233744327966,0.1334562056950201,30.715899857439467,1002.1250217769209,4.322226977306357,35.552490220417276,0.28841000624735663,0.31135978498380634,30.191619131590365
30.696617150590793,0.6251897469454774,6.058931564734886,0.3277504892360046,1.393109749165264,26.647833890564453,999.1251573044879,9.803027881974588,35.56095595836811,0.410463510622452,0.1812304029958931,28.67729689615875
25.519684497394163,0.9929871770791915,5.6939380436928015,0.7615108825691561,0.7679629173952045,19.958747740666468,1010.1227059595395,0.0,35.25699963513426,0.5005448287213868,0.012601586470967811,19.15602557436808
23.82449672792531,0.7606236119408354,6.085601054969793,0.46886976352841997,0.9215256503115475,13.78804149947677,1012.1383260575413,0.0,34.55266530485207,0.10004049995478585,-0.2829545787737819,13.808229771859926
29.476147213473197,4.231985550814883,12.888016312221957,2.0625544220519445,0.30568463673722596,51.71906214949862,988.9293237154197,26.30019407526914,35.40210479203936,1.4170771820675288,0.31490634291216196,60.91399400022187
30.672771233434858,2.6860555097175163,8.612597694127512,1.7291137478691276,0.7437632452669674,34.57120598158234,1000.762913420118,8.772810083481412,35.82734343264179,0.10462264748290466,-0.2742181135597777,44.75880126024973
23.0566935244971,2.2051872853749566,6.754943297672252,1.072460359180018,0.39894071899246675,19.476483438342154,1004.1939983696594,2.4194397410324964,36.65587113385799,0.9914953083312179,0.042551866944952416,26.1493517597492
24.518678183937418,0.9728901668213963,9.459563949308738,0.48797730970138326,0.20102447340860463,11.508575921327857,1009.6777665882314,0.0,36.321156435659,0.4815826941289175,0.031120844972372087,12.725510740620305
23.490705892490436,0.7254332691710605,5.3558708274425,0.3959733486364771,0.1597926753315593,18.473501905249375,1009.5531947602934,0.0,35.916497071034335,0.5452512447898542,-0.022483299916048888,13.473822155551192
25.65338482161275,2.6598999775187515,9.642679804753419,2.111458079429255,0.29043896925246787,16.993857719149425,1013.3928419734308,0.0,35.4874573218718,0.24011748672409605,-0.08626190304486002,23.09886233738081
26.728685278506834,1.4284070218773555,9.08739224190971,1.171072373324898,0.1665912479515934,12.017845695305574,1011.3053084173608,0.0,34.968868845359175,0.6609300309196716,-0.23772684323658494,16.572286405200362
29.86267653811472,0.8094584734453347,11.750608033557327,0.6317848411534187,2.8,10.12756903538543,1010.7146287201717,0.0,33.018617940413236,0.5623175404692297,-0.5159277530795273,22.78392661533797
28.83704964125758,1.9339740390214994,6.6144235954054,1.1287269837655378,0.12269798383817306,12.316107113537942,1007.9091982718536,0.0,33.21189442102309,0.20764569335603744,0.5413316564941231,19.6954505832458
28.519749958523526,0.46587170823668367,6.513309895415795,0.26041230427545825,0.3618382262491113,16.94351182188032,1007.5696644510828,0.0,36.027202110884865,0.2631789431445324,-0.12210321249003724,16.140225919726095
25.699936939401372,1.0316444840694494,5.7956316433838495,0.6908533935508916,0.37074280055263265,12.823928810542377,1012.7988744050557,0.0,35.95424552249105,0.14154807516979384,0.005160766708885725,14.640126943256519
30.835199307389978,1.4114549126775953,6.7324333859546055,1.042699986571442,0.26091014805289753,9.283260607943408,1010.0433546558621,0.0,35.14217338168546,0.14114949833584084,0.0030204156231207965,14.524675236027893
26.94851525768073,0.656191759553771,5.100827135686603,0.5560235069014612,0.4812031884297686,25.03593559317646,1001.0327473899432,6.753874374918943,34.38701257067946,0.10832293156974904,0.4334615180300619,19.928489609596262
32.280601849159126,7.083090475568856,16.0,3.56016161647536,0.1731213547539141,15.614097210508932,1002.7115962579464,4.474169462954258,32.61194039424151,0.24944179231949742,0.7266179775311741,55.47949200809995
28.658492452105236,0.775328654873508,6.333654536095322,0.36418489441273966,0.7894320886541634,5.981035827939679,1013.0763641436673,0.0,33.90686085287274,0.7830257072764661,0.10594659685604033,10.602578333905948
23.32577978642728,0.6234688741332567,3.9104899428675086,0.4537247071038368,0.28186190517354137,11.431135344463772,1010.0349262938687,4.693627359738269,34.30875052753087,0.32806738353662546,-0.004950933959921175,11.288010187401115
29.099864401792058,0.7641150952061093,7.7956185211388025,0.5982183063607754,0.5026951458168045,35.26899242719756,997.5397491866612,11.926134153672624,34.58901003054571,0.35180012944141825,-0.3432099525057943,28.789541796187038
25.413592162032838,2.744963598717267,10.023438881741143,2.1645122564436123,0.6658801981411657,24.70448155532722,1006.9056087955165,9.927142643636447,36.496095773813195,0.18487274578951313,-0.4552559572944677,33.871582842855496
29.206435565204025,1.2868240520314242,7.949935753008724,0.9282961087657781,1.0893720647462335,10.466280376090205,1008.4250245460942,0.0,32.96745041914061,0.6140645062278894,-0.5708912253754352,19.357740541698593
22.73123205570526,1.7333854218680442,7.420810841443146,1.4414942746773873,0.9129671070406433,43.97011063447228,995.4907280515076,19.511423189468594,34.73112775505301,0.351261203026472,-0.22854573583321386,41.32855228884317
23.836255090347574,0.43397278384527566,5.230345109603873,0.2839926166478305,0.5217769391912066,6.115742859465307,1011.4317605403263,0.0,34.0820658769206,0.7767940179409307,-0.6817991790595901,5.872554708387812
30.985241218510758,0.4560608538910945,6.252255394754963,0.3719294471420051,0.32124954454207094,50.503218079274774,992.1516990350608,20.34427762319759,36.75742191262902,0.9116216822071984,0.4275904838090392,38.38693393473613
24.385385348746908,1.3444411996703045,5.67391821079781,1.1254651440565828,0.41480971692353896,8.94760608784661,1011.0232868081354,0.0,36.20601527001649,0.6272421836908545,0.1980836853976986,15.493576193483387
30.788931815050873,3.1142191704889273,10.068608855260067,2.456692223928708,0.7588855658753443,5.127900987078851,1015.3430567960606,0.0,34.38677917322736,0.293835961917736,-0.038074180139673064,23.90500265976919
24.93239892877131,3.863844027450491,10.665498978593202,2.2174733221921077,1.0450072423534973,12.963509402593232,1005.2346386692828,11.58407888353923,36.79869112022547,0.5263076144129193,0.4382843932662765,31.491141967329774
28.75026005561643,0.5451168901935253,4.645357186461824,0.28808678681638594,0.14930718034997312,11.225515682287519,1010.8432892521272,0.0,34.71047195982743,0.2741558789061751,-0.3249046270911462,9.698386069657074
29.288581021853226,1.6367626115088805,4.7814153397775225,1.0954001467710195,0.31865469353212683,15.84370454284274,1007.9925976676487,0.0,33.21860652534302,1.4992876596300253,-0.23699336937759413,19.82355591201011
27.382874908023055,4.311185157823271,14.769123168301888,2.721245508266105,0.7734834510763848,27.308034168117732,1003.2168068311739,2.6930571251135116,34.89026117485487,0.9724504171177939,-0.6268276481056106,43.96808319147468
25.205762105315678,1.1855655656048774,6.104209888358126,0.9497605306926457,0.35425942934573285,30.870467920882117,1003.9041645657296,5.385258660092858,33.47268479295568,0.5075535546309816,0.3210237932570742,27.744207784014883
24.23276595189651,3.2310498638428125,12.560953837662389,1.583255365601864,0.28171365749113353,12.180288181410566,1009.1324794950706,0.0,35.236145212327884,2.1193326994898016,-0.23361945020824582,28.524029895713873
22.348488222905477,0.6296303901149701,7.736523184298385,0.3482460656924677,0.338444703024822,12.865876615650526,1010.1429738851551,0.0,36.53099275200088,0.5747940678846414,0.0554934646465383,12.870241322152452
25.1914372130276,4.7831289161140385,11.680632489230529,3.5907885205038963,0.5155426039203971,7.24528328621359,1013.1642419473314,0.0,35.88065388039062,0.3389764580890262,0.4009017402011371,35.00177084398053
28.858209300578473,2.6272062394942766,8.096354377580429,1.2820626103136332,2.8,5.6820121883093915,1010.147252321319,0.0,33.67460386880194,0.16020209386458886,0.5297977644247973,28.597486576848222
31.852200593709068,4.937442610628481,16.0,2.855351529088424,0.40565320424639517,19.350446998645396,1006.9297192653521,0.0,33.77649208735383,0.5708228971099353,0.03979877697830035,41.108745006031604
31.147647063762044,2.2062697950697543,11.597674544016273,1.334489108541242,0.20521828864482194,5.932504447096746,1010.8048412295635,0.0,32.79793927328834,1.2814558539219651,0.18448310269497475,17.518456447043704
30.043680153620677,1.1225919051444966,6.973387659267937,0.7847338598008056,0.17998656497169374,23.530687353615793,1003.9128481034691,1.6562291896200954,33.72923169327899,1.3091761347792659,-0.26634758611528125,20.98704707075847
30.278697104159637,4.853675694739007,14.122675910156238,2.4911638942616947,0.11947269184417295,15.843739164355924,1006.5099232134772,8.100321002290231,32.898286638614614,0.656664448343729,0.6391806700526367,40.27657786342103
28.98234148649795,0.9157851044607175,5.702143583608509,0.7273548062450313,0.4682332252437671,8.099233773416852,1012.0782625997073,0.0,34.64762949310026,0.3999693572666313,-0.008152696104778145,10.279334626375105
24.733012004443033,1.0459606485784358,7.531258238741695,0.6579269186101151,0.45393302967341165,15.85689146603477,1007.7156258763346,0.0,35.545892441842504,0.730401446564215,0.07809973315384211,19.833812321628272
31.525547822411212,2.3306738692962674,8.119440113649574,1.9037146577662576,0.20336835481727628,7.829587449771147,1011.9596843295149,0.0,35.73007899444638,0.9616447025829087,-0.0923985752921291,16.678586411531104
29.042689275011256,2.7192266030028107,6.846077238957482,1.7325496977104706,0.6348358482282103,13.08592466263297,1008.5591259914052,0.0,32.75597569866717,0.41823424769076556,0.4697371494448147,30.184598190396358
27.88462662529462,4.641239171209288,11.371896828410144,2.5991686764262907,0.7081032658848259,27.50138669284764,997.8635365596518,13.415854932793788,33.961810362424266,0.4880492608554198,0.11985787307911631,53.15913186730611
23.16538942674155,0.7666634450265714,6.411633322823709,0.38849254162426766,0.23494923700708845,13.676454049524505,1008.4626241690831,0.0,33.739138596153964,0.7848172604747505,0.31632710209476844,13.4935812761078
26.694083209967467,2.959164567985169,8.629895369119422,1.3360569962226791,0.289785961412606,7.2538583943999395,1011.2037309971881,0.0,32.94849138884554,1.3556503383626066,0.17388534899260868,24.555741519519497
26.833761847620227,2.5463953974455333,9.482595518031658,1.6879112770431204,2.1940687266009635,23.0142744291711,1005.251321870037,2.1477021780649306,34.05862663700762,1.0392824106600214,-0.027143284125601685,36.852561676997816
31.077917899988037,0.5054725366514509,4.297859006823317,0.24912854845909,0.3109723613891825,7.894351028243162,1008.9681972896661,0.0,33.78707646929871,0.11358751730028684,0.375313996454857,11.48607486952993
27.73980631197178,1.1836070789444557,5.9569618583470305,0.7180838871461823,0.7437080106446486,23.781164329704072,1000.621346714243,6.948322929916509,35.228346686158886,0.17968859703250079,0.1708606681013834,26.156031710256414
25.994205764189303,0.9317637996842378,7.956922799051416,0.6389185479766634,0.3712620880971005,14.13754302801181,1010.0524786878544,0.0,36.29820145405496,1.2494889111499816,-0.2863426712965318,12.265481097392467
32.256403449361926,0.9809767995369371,7.1369790606266434,0.549616147320054,0.8095166694280124,13.465288249038787,1007.6346498749109,0.8499698612500683,34.45581939975483,1.176820455311657,-0.2962239843332831,11.175097275354513
23.162566229926316,6.914275319485823,16.0,3.59604349380118,0.7594471784402317,31.694261452458967,1001.4631538979248,9.188301561100129,35.71066024289732,0.3954052835650189,0.10208935516107195,62.52203964432284
26.43675849727542,2.0470339197436815,10.003107015144604,1.555517839820731,0.5958485722387241,22.262986717280253,1003.9885075826314,1.7733205343564022,33.127844578575896,0.6266429947468215,0.36761026583566964,29.07254090058763
22.441259089299756,2.423520784488443,10.083250302100218,2.0084115868576737,0.9682723258815288,5.468503568128439,1011.7300777593322,0.0,36.34835542816862,1.5176876391537892,0.6237971919772413,23.432294877963994
29.768993268052768,6.4092372355639435,16.0,3.14165534245038,1.360211377758849,9.91714383232378,1008.5686141428828,1.3402109371479076,33.1561573743249,1.555249605470986,-0.5720247101532808,49.448431131564504
31.63980379809108,1.1576523216525985,6.393985285501968,0.5929913448440634,0.49035738487777647,33.662592441054734,997.2346817568101,16.04566458444803,33.32603507657738,1.016971526589657,0.05898094718455235,33.12968297286598
24.940391960280138,2.989890150217927,9.737349802601006,2.493583522799844,0.2220003972636193,5.2589464219365984,1013.2557464556262,4.303460481911145,32.95779435542701,0.24112128259367394,0.22137668176124875,19.812721739924232
31.012587606390767,1.3121595820465795,5.4102233480968245,0.6103033834014057,0.32884442498244704,16.03221055970168,1005.5891412695621,0.0,33.831621856538305,0.8862287821426146,0.1534841972481671,19.082061268466664
25.068291419849928,3.6586241713334524,10.942052432341585,3.077096595972357,0.7390367336869935,23.218374941681716,1004.9313471137567,2.110117151131047,34.87536492087676,0.1639490448617103,0.40326448676179816,40.387750976185295
31.56308669726111,0.7188050240787677,7.74100388479545,0.32479765194574095,0.5735573015424066,18.614726014247534,1007.566493483369,0.0,36.7483746790472,1.4462414692918044,0.2794368917720258,12.911540330439896
29.916599987766233,5.120791427133421,16.0,4.093906127015846,0.188096312710855,25.010708574108108,1001.9410347932638,7.5133880961301305,35.91148254902744,0.19691081381042488,-0.294925064253119,47.118707072354
30.451521156835106,0.7950205841336178,7.871494803570514,0.4554912008232682,0.1236695169288133,23.10904431741262,1000.8728542602994,6.558626040515423,34.135873952435524,0.7514448372759975,-0.3051770910417559,20.586147471345793
22.18906883380477,1.0317638132666702,4.165887064055852,0.8516545237310486,0.616929560391219,21.48857224788115,1012.4300212100786,0.0,34.97613804898535,0.6653395087746656,0.15935919965310352,20.621680407763257
32.109508749277275,2.6582003342425473,11.409478420627686,1.5331917792842318,0.23010481318521797,29.127460184909232,1000.4230242960246,7.089271796414057,35.18022453303859,1.0000801810573827,0.39667689854788374,34.50749622107757
29.630045416738394,1.2007541083184592,4.403579460065121,0.8546037502156092,0.4116195484303943,19.526189012521805,1007.8300560000591,0.0,36.03772705136359,0.5812116495342065,0.10019614353344343,20.708409797087484
25.1998865015544,1.899252497714488,9.7658304820696,0.9154644471821053,0.7180144262472212,12.208104304719626,1014.7915241702965,0.0,35.66674267730514,0.13684865197696683,-0.5022765743488973,20.950806786440683
30.708643981017893,1.3408303901013792,6.8618179123259,0.7333429457955049,0.4721769364570073,13.938816176878532,1010.6302106971411,0.0,34.9479518459759,0.8341916217422201,-0.31650999536069546,14.306672294131793
24.955972583356765,2.5699689403476604,10.679744063526574,1.9518187792525072,0.13914002433522338,22.658708963716947,1003.7686149413986,8.190445053642362,35.37748701627052,0.38988207220038107,0.2920305495528657,29.826056728736088
31.163915315444342,0.8147198470704085,4.467823202884887,0.5389162743246823,0.19237571482130233,34.25922643065163,999.6919105424205,12.007147735283665,35.70744572714047,0.3316490128641719,-0.07202578182099635,26.38754601137442
23.18209409932534,0.4963780938542889,7.65023201799694,0.4076195478526724,0.21142019236699466,9.448567571894923,1007.6115916935325,0.0,33.07251945427364,2.972990816865961,0.0912850561211508,12.27249996051569
29.388702763338355,0.9705185412353178,4.549471255066239,0.6031778201063087,0.2342003976897174,10.861338919384725,1012.1727732552442,1.713841357798886,33.36195848361314,0.6355441803217713,0.42289631370311515,12.978756211035536
27.67733400477156,1.42886568612345,6.5692758687424435,1.1401275759065015,0.4750016571794916,42.378306343225915,998.2489212769653,11.954448835951514,35.46091244230232,0.844214198924218,-0.3707731666669844,35.73134119701023
23.01361193705213,0.6943151034311843,4.752625244522578,0.4371284129475109,0.4154996630572997,17.09548870849488,1005.4174036652463,0.0,36.15682991654681,0.5483417480264458,-0.09498492956568393,15.097410075505575
24.539885196717808,1.1011051711349693,4.350562028809196,0.9267994644122456,0.2021956395912958,7.760599280017901,1007.6779346986973,10.724201129416194,34.259827815609,0.9817342278913852,-0.1330054846808803,15.156854945147849
22.130242380911806,1.2172757141159298,7.3328876367913765,1.0151273041723041,0.13147522414797022,20.256320880130644,1001.6954607775434,5.0260642942162965,36.71352838662618,0.9367719184845598,0.17439088778475334,22.019310894009113
26.922063637377313,0.4945673784582191,8.599354957980237,0.28766743135469675,0.18462547730053863,70.58225385636416,987.8962610117333,28.050355401386994,33.429108450495505,0.7422705494882271,0.3205108623951972,44.14200602163303
25.163285237980006,1.800649815928899,12.241527502152032,1.448387734793233,1.9716792276625017,29.278398849485807,1002.305308095902,5.151298817874666,34.29180691278678,3.7562476031000473,-0.46809360991457355,33.78886823412177
28.282753585126468,3.85140810406228,12.078268267941475,3.0389325731278327,0.38446318882483377,24.171633369088834,1004.6919281040792,2.5629383588073855,34.127649086891985,0.4694823209249701,0.04806227429180571,39.52126575006407
25.12099698094048,0.663314432718618,7.868987891494796,0.35439043401868425,1.0090032897521433,8.265539141265045,1008.1276968289508,0.0,36.50027254512364,0.8348979830006783,0.35426518641617405,11.661221162717315
25.14915067082334,1.8573211612228517,8.691320047093939,1.2995976313995081,0.9499768708413285,34.240423031284465,995.5104929713226,15.057949641946609,33.72712762556192,1.0590333947303858,-0.5991752580112923,41.70658500284411
29.803528586681836,2.1485544915551555,9.6157228769516,1.0293142874466705,0.4224051298219158,15.44543610193603,1010.5279552703965,0.0,34.524400345581526,0.3829963219060193,0.027462645496137535,20.52952920091135
22.505499777772712,1.2697291682174954,6.772289526100633,0.9963365286119129,0.6519328282626282,35.81177831869337,999.3800907444709,12.662376515588086,33.30510551034592,0.46658100721718443,-0.37552455427412973,32.49144313086906
31.480397449515866,2.33222102081509,9.490613225601066,1.212331290808229,0.1963559619068838,10.603088800412273,1012.3557262388266,0.0,34.741444825818505,2.1875070242959014,-0.17454841624233647,19.637436238904513
30.948770681107405,1.2461974649946428,8.0493734939,0.5960884997881062,0.6247109756586059,5.896836620033028,1010.4140914239691,0.0,36.186837928693436,0.11969432466014125,-0.8267621063185326,12.328269493756736
29.01194917387727,1.5239440530944992,6.875409702255602,0.9297394281250169,0.24309218736418203,14.04704828126864,1007.5054677668376,0.0,33.80736968612943,0.3450477577655346,0.5374569415642594,14.723203477103876
28.228826486127534,0.41180833830615526,5.625013559111598,0.2803462911292709,0.902872446149398,9.40283634597067,1012.2681383874034,0.0,35.98640591030016,0.4995678537992837,-0.07454019459122947,10.836987974753185
31.369176230466348,2.282795501284818,9.021386723816441,1.8078982103671055,0.13934700771433126,22.584993272681892,1006.8973411266708,1.0267473242876592,36.41863980335519,0.10087964033244871,-0.23251715241257004,25.450127132964305
23.9459668850515,2.1324264563228845,10.077972597376979,1.7905921198642476,0.7675373538730461,49.08650696718904,996.1806057639212,19.37749176715822,32.813718925772626,1.4763363882589575,0.16489346591000256,45.60411682993653
22.8291762030037,0.4626522041001878,4.233725709938817,0.2895263636954753,0.14738068643605245,21.440624932927207,1004.2859036212514,1.6303136439069683,35.75262550617278,0.3023288034733152,-0.31480858144053725,16.805452973162275
24.51485678405015,1.1348187243361623,6.965360390893615,0.5381069459641493,1.0586004749310876,35.51696113616006,1001.2190106568867,5.900765593283017,33.59797677544711,0.2788049887148625,-0.3480355851084529,32.757267206841234
30.343071926351996,6.583600352112837,16.0,4.93537119438995,0.2632147793760654,13.446905293042505,1011.7903373934126,0.0,33.25390894890751,1.1299673611096013,0.5786152094348046,48.75641309100983
22.364037800628076,1.2735966687298972,9.038564232592721,0.8610396114812678,0.5781043194629182,25.67569246549567,1003.1133400085748,3.3566892578096112,35.084826285707656,0.2954241466828941,0.6830320599143795,24.935047205234195
28.11947176837664,1.5152729275470525,9.751259842917753,0.953343869126356,0.4008065563305139,30.925006500566163,999.7257087025623,10.196246067856098,35.53409124978341,0.7431049742530972,-0.15722228529886867,29.76523391757991
32.45209392000876,4.251471822643974,12.689297041026204,2.4391014897120638,0.3052830636978262,22.37257660688741,1008.8160053835849,4.888287864478496,34.19747223866142,1.1339105744882094,0.4235741484706627,34.90294898231163
30.984808985294165,2.421174665858487,9.839610744074312,1.5760864347480665,0.5665972893319351,14.923535920535109,1005.8916774203022,0.0,32.66844694045342,1.0435074209417547,0.17461415539583022,26.121785184606505
27.47517973495769,1.7959066213484784,9.735986168481649,1.0514527572708416,1.4263209684997766,18.76398169932709,1008.1620840857382,4.803657271269927,36.40742945404621,1.0138205599666958,-0.4448409520986223,27.547371763146657
22.668229547509746,2.957633799514845,12.664124133423117,2.2265207644550618,0.11896548558116574,21.879299073823184,1004.8156099203956,0.393433849515175,35.642211742444225,0.15568877388970878,-0.2748461628474247,30.52282337779994
30.729421901049953,3.5964754591456027,8.546251457137755,2.4008540893434294,1.230171030228408,9.08524325748057,1004.7343206327602,8.245159217023179,33.668167268736966,0.1499291699060148,0.5928849297189274,34.75733280876054
28.28927433586071,1.3767037614282374,5.504904809996059,1.102380544193884,0.5226654597296505,28.21926934307118,1005.7660830611711,0.0,34.63651457970238,0.31983609764545007,-0.4493782614884618,25.764807241710862
23.20679646912545,1.4313015153437383,9.540508879722701,0.9552757733821279,0.8410127135144793,47.03141893448981,986.360560726568,35.26665085708979,32.619508996858436,0.12196595241021987,0.8483497683262006,43.26519588577416
22.98550149064524,1.1805492981820873,6.709654703074552,0.6437593941225893,0.31793740227020323,13.763103303584732,1002.3804556158982,4.102926766938958,33.95891596176555,0.516404213894315,-0.1499767615691227,20.050990197308465
31.55108160408422,5.84381165429678,14.511279793847088,4.619163508539786,0.38726273950680656,21.905509929193297,1006.5620743852447,6.5391103255633904,34.746901513016006,0.4012999988646141,0.6032852172026316,48.07007783574112
29.026602760849823,2.311314108940771,7.279123915599982,1.5552546451502718,1.0141386872779352,23.699796538639053,1005.82247384483,0.0,34.72406154499988,0.5885464023839175,-0.056947328124992966,31.717608526375983
30.707511392825936,0.5390257485034968,5.13772129499013,0.28715864498920296,0.34114761318089915,20.196188573213966,1003.7711827785733,2.9249049577933337,33.39519497543672,0.3129674684560936,0.3299662570254029,16.93863864070968
31.229278452963808,3.5799674819721443,9.340387542414122,2.503840440647042,0.4442437120338042,16.08964203282983,1007.8183195515093,0.0,35.84001367459073,0.4990321207674573,0.5382615990422411,31.110452565197537
28.003609696507382,1.4480061710125507,10.743052516921306,0.8587932102001602,0.10918073269334351,34.877283244513656,992.0444755855133,20.87088418899032,33.785107281664565,0.34455070073471095,0.5364838361883534,34.90333867532667
27.433186693427935,0.513970726581216,5.891493229875328,0.404886733393151,0.1777085819993267,13.342424505012637,1010.6269868913478,0.0,34.99576309966528,0.23030292078199163,-0.1545279357775396,10.317734333314368
26.519487808370396,1.6766073146719944,7.930967353765514,1.0584755546238762,0.5618561498712926,5.882692308483594,1012.3268913929617,0.05332157911256097,33.66754556981329,0.7288085663058852,-0.25008583496469416,18.04156697205722
25.327939171806754,1.2637598631347893,8.156882766394368,0.935910910929567,0.6680020433443096,31.060610210191584,1001.0734084122727,8.687349641421157,34.32822185384311,0.7714774176820971,0.02157579658710273,31.033968391042755
26.563257589016473,3.7626916519033884,13.216362727325954,1.8370005597274761,0.49317063790344773,20.69120633337169,1005.5426159562015,3.0209305592142837,33.39231288857599,1.1604685417516023,-0.40516786736189236,37.68381964750808
30.12573638516664,0.7650389020408676,7.79590225850552,0.4654571183490301,0.16960563780478483,31.490655364466207,1002.5130220843871,4.006830010934915,35.22193350788776,1.3464746655248754,0.1337424614636955,23.842334716848733
28.32019602565888,3.2021979528386306,12.374389230970893,2.7004025647845955,0.365283070355936,7.087894117572301,1010.994750792859,0.0,34.33001274860781,0.8313745187299847,-0.23727882829713032,20.59735641239975
31.371494544525884,1.7051861219766784,7.123066693371737,1.3187638612037778,0.2973933539087198,5.437300307286321,1006.1389451299825,0.1061659274209732,32.56930440929739,0.7978868123538773,0.42894842074002043,15.492167910233523
26.65549015098147,0.4898528943052223,5.434935002314108,0.25177278842012585,0.4080282850542992,43.1330817615952,1002.8283159782048,9.766474561568817,32.621109474272096,0.13500706977064283,-0.1495393456763484,27.28102542394137
28.374440576546917,6.1120656363391435,16.0,3.429514377080749,1.0192397824189967,7.23789878396893,1014.6220911942982,0.0,34.52587756942712,0.16977148222490857,-0.559790639318007,42.40228416431888
28.628729307465882,1.549922263441752,6.9987764817357245,0.9019405645413978,0.7729708784277315,28.22464266801228,998.5232543273069,13.128308318745345,33.287871227693024,1.10458656695941,0.5403201716592536,31.659703621821173
28.212820204216417,0.9499617250481399,6.702271157045814,0.6746117321757245,0.13947735385366333,29.259093101784206,1000.9167264431296,6.901819971272429,35.01568080702239,0.25912296127981693,0.11417880116615223,26.122777759868477
29.377654617397923,1.4140155714838825,8.14337367530821,1.064467958147775,1.0945403920072736,22.26787255302872,1004.1227734371083,2.21661241754201,34.25522466161969,0.3636288451031936,0.06019721164702567,27.29905526834043
24.493051417935465,3.521483516875566,12.516447953841583,2.6404458219446827,0.3871981408952456,6.96999513390625,1014.3665507032126,0.0,35.31400529282081,0.19420099156758258,0.4330381747311733,27.226718361084927
27.3798196642308,0.9819264860114107,4.100946231265238,0.642130454872067,0.7129177673053319,20.411348075429167,999.1175204570993,9.911210051358115,36.59529924847499,0.23026108013399668,0.35505177580435493,23.88935657307051
23.09436042948765,0.7424491126560633,7.408526877614332,0.5748992962317273,0.16789082883595818,35.78607576832535,997.7675322432825,11.727303469915697,34.77356537961959,0.9961065866145427,-0.2166487404036489,28.738051799011572
26.037368940270532,0.6211121671640244,5.767415814117656,0.38809028130436785,0.599880423674549,12.760343717621804,1003.4638314921433,2.4570866354327014,35.88572799543743,0.28217275300725475,-0.10742356210915611,16.99233024354474
27.120504220523276,0.9657945725083149,7.799616796811538,0.4824648286694279,0.22132643747868375,12.470558879279174,1008.0097774434,0.9226839577658126,35.738076284158524,0.4576503588924996,-0.3395343375207683,14.912395522709993
28.84835472522746,2.8229541343616833,11.246714980383274,1.9076867326640994,0.35961913530396594,13.189099660543357,1007.1516915781685,0.0,36.46370174859262,0.19869231189490658,-0.4625582192936853,28.907496750354724
31.980576052155136,1.4207225661768788,9.969173210797118,1.180507581541307,0.10765300020488885,6.201957532131642,1011.6853349830351,0.0,33.420276829123424,0.7797916449273583,0.2525073872203863,13.53564301325301
28.306836198757736,0.8129591304077441,8.493506906165745,0.6237001803854519,0.17398701783325943,36.16205162231308,997.2951202526082,11.959509843107437,36.057505974375246,0.8817672245944769,0.1872645085145886,26.73662132873354
29.807736119853878,0.6907899572857363,8.26327941702977,0.47075971905880215,0.14346979890622363,33.47536774903374,997.9629548703439,10.758033859191945,36.393737627570154,0.3693609109243906,0.31629022403288076,26.561687256515196
27.31579362469963,1.0472955725594089,9.050637509356294,0.7422416894077235,0.22334512950496266,85.0,980.8589700752894,38.69504384357671,34.18888081807458,1.0215637326906526,0.49856190452357985,60.23546702562472
28.658092329451478,4.899441693692491,14.256063525870404,4.028442519691654,0.1474212771490867,17.318854253587286,1008.2327252948801,0.0,33.84940963677556,0.26458841609563155,0.32106617822398537,43.003171658291286
22.744788269404623,1.0721790716102528,6.978199959453715,0.6661846540919006,0.629813537786189,24.47501224386214,1005.5762488102738,1.162931418042143,36.593754411616636,0.8064060452046562,0.35221081670684035,22.599701394182173
24.671111598839392,7.493187388387705,16.0,4.365213677778697,0.11326145746081401,8.170846336797528,1010.1048335898462,0.0,35.19882113519713,0.8855212891977109,-0.6772864403602479,47.4171630468589
25.799457478653956,1.4624575446297197,8.730545007483029,1.2297756149476382,0.5327450124723123,20.4168293159061,1003.8778545350102,2.69827795705761,34.136908886538315,2.177665825458532,-0.05744483467374789,24.944403724824383
26.96118022756839,0.71589095413384,5.825004362333522,0.5694033808358381,0.1682408294799391,19.686827769476544,1005.5371017076826,2.456912946504967,35.90485920000601,0.2586306810692969,0.38760177313449545,18.088004474327974
22.479311827775028,3.948309550722829,12.714192304513496,2.2869297260050194,1.4065128982375175,37.40644536621889,1000.1008322358799,9.44264124136047,33.809237776947576,0.15903787932122623,-0.35887305767182576,51.33996988056727
23.470253024309837,1.3869511271415171,7.44386732867784,0.881424416116122,1.3170104751233735,29.872831529133755,995.1690832086176,15.96912283329395,33.2585526201004,0.28312927045374914,0.08208498399321726,34.94694252649195
24.906550231808712,2.378786719102484,8.000916731694389,1.465406959865582,0.2149937312367265,44.03442101322359,997.0505153739028,17.178971510761556,34.839069433930135,0.17865470109313955,0.23181255421472713,43.684059413623714
32.20109325446103,6.9876816801797155,16.0,3.561190013059408,0.5288544782884381,33.43802587250089,1001.1588156733276,9.66456156064414,34.934711793115596,0.2115768057876987,0.20499872284347032,61.89014618575642
25.479143574582032,0.482364625133738,5.951055189035862,0.40187134494099536,0.11278222626023375,33.42313601975767,1000.4239849454158,8.364720080248603,36.050709873749554,0.34398253776925725,0.17907870778540497,23.56183607042713
27.061431110176866,0.5627112515949632,9.08594263941921,0.34422452490056255,1.3083142320052947,5.921819570538559,1011.1136634406338,0.0,34.46521762658785,0.4206518193718024,0.2596194516659513,11.109833818981425
24.059025983753127,2.4393571635357967,6.952604489064685,1.9518068308647076,0.43309548139744936,31.1877790533385,993.4596151731811,24.89746321726605,36.00272211987296,1.5043231343565011,0.11326036322487672,41.34582140451073
28.413190746295566,0.9296672186080344,5.838232834229412,0.4887655593792129,0.11988329175748952,18.09229176391798,1005.2306730137914,1.9632087591476317,33.838687521197855,0.23060693668894736,-0.4620248725868546,18.216522647977342
24.94717376291773,0.7259365620085504,6.355644066651698,0.485759233983376,0.28868972693329265,11.702540819735123,1014.5496228545177,0.0,34.974083269364506,2.2401877621609434,0.22743443739122265,8.592261086238878
24.173422073603483,0.4642520109120002,7.541725266084971,0.21336305340167175,0.13598333254136852,5.814441802159869,1011.6445219681684,0.0,33.39643294927308,1.096922739991416,0.1496612961938104,4.737515856973225
27.42401259868278,0.4353422160299658,6.382820047757216,0.3289829728020459,0.3246107315292913,20.850675742453006,1004.4925581194364,1.3913992006499,34.157417588941364,1.3795605472296535,-0.45741195779940874,20.585977986398852
22.057810891184417,2.7829940445107653,10.475098411390505,1.8990192877070147,0.5987977497354342,10.56916090569371,1009.6987111550142,0.0,36.18742070068126,1.6908090476919764,0.5329073238802998,26.85376719058112
22.080472342816865,0.6309935827307269,4.4448927600840875,0.4418443172658681,0.3856017579986769,13.829678529157324,1009.3697450938781,0.0,33.42874923177374,0.9396063556549608,0.2368431949118141,14.603605247566811
24.300222495569507,1.4089388312619282,5.800677800427264,0.6631710979952233,0.31782583092678435,21.027904047448295,1007.3179120086485,0.41761262012653955,35.98402969046685,1.032912542483149,-0.43312191234211045,21.552909682921456
22.385574306258622,1.88982802170257,8.885447429499484,1.009953069798781,0.15709416724498046,38.99003685152037,997.2586384540178,19.31458963041356,33.716348128743846,0.44555809941719404,-0.23602880739025262,39.2964471899929
23.13427041837226,1.2947704204384989,5.284427766061761,0.6211432551368467,0.22643055946510898,29.43656722518078,1003.1538193615183,5.811689938667774,32.64830579462165,0.5285614939321125,-0.1474182146111629,24.274009555914898
25.55803681805689,0.4439693034564884,5.0013281207876865,0.25109382157383026,0.1474838816189628,13.384925917513895,1013.5185123246019,0.0,32.97271865124444,1.7172470827918505,-0.14766720358022695,10.391003074185779
30.427149635588037,2.848274675077653,10.87827040876856,1.9965710580797134,0.8414436414157465,11.869362378585008,1012.1313678894691,0.0,35.707282044879385,0.3851360225615651,0.15256756608645466,24.80997995443302
28.006510755377658,0.4169102062426327,4.276951962821575,0.28202907900656266,0.1653863807255995,8.838058985323089,1017.3816998889084,0.0,33.626904983959236,0.1257113531283875,-0.2917231128703916,6.51216455668386
27.38301112254237,2.696035333798843,12.260897544380628,1.8733669196688227,0.5071557384070081,11.522528370331088,1007.2851184195143,0.0,35.31282604663747,0.9631955957664219,0.4448478614926771,26.96046336308227
25.08163264368528,3.9804419802619293,14.00070008082831,2.6657040184397913,0.28885430342783597,6.647943136148418,1016.2911801723272,0.0,35.5065552818561,0.6108041282241703,0.4160312079787969,27.024733705010817
31.78341405404457,1.3073819022769504,4.99615742659106,0.7311030185314636,0.2152699655411203,54.61746024041744,989.1384366282956,25.888159047982025,33.984009397069144,1.1120375228506179,0.2667610583598563,43.530935086117914
26.168657932990513,1.6270162611600263,6.530072405315067,0.8912843871839805,0.5590791008217794,16.943710211526664,1008.0838765884163,0.0,34.542151645007905,0.14713460981831816,0.06548462138784782,20.70689575016378
22.9144740513556,1.4370272981507526,4.15798326992893,0.725445686855027,0.37479259542405385,6.914405115177601,1013.3503215991118,0.0,34.236198488959985,0.6824988240340684,0.378106630303038,9.331459516879116
28.479198419236916,1.1887997057962751,5.9659524266110955,0.9387099501225067,0.32998064438571,11.091528776234263,1007.9005683399548,0.0,36.57360068432449,0.2707767550595193,-0.0465817029814032,17.030613712342376
23.195303131504314,3.894610376821285,13.159881393136914,2.712953432317922,0.504360340881137,16.087293937877693,1007.6397129756497,0.0,33.875780108111826,1.5014902940204746,-0.20357110148412322,32.64240237394087
25.624842999417766,3.9899025978940124,11.560982262796937,2.093120478382622,0.40412493703912333,15.656536266232917,1010.2845742565537,0.0,33.28828908156733,0.16985957804442192,0.4665383759669093,36.443515987591645
27.327825356536994,1.0547145735461962,7.5896820978071045,0.5493836842824061,0.26274916604996423,5.506085150931979,1009.6019757723276,0.15528501043324372,34.07204922436499,1.211170479130911,0.16113996495665334,10.793720120921293
31.179336509194346,1.9275090245892055,6.186014766837953,1.54049266135686,0.46848222447288634,47.17774445537219,999.5820203087839,10.301279048456841,35.37891754268865,0.15563392364641013,-0.18942017420348706,42.823976221564706
27.182239093571248,4.58564858704877,14.451130338560645,3.425902958561458,0.5982149407341789,9.509427156843893,1005.9305636494705,1.9386161095217789,35.4986595685543,0.11525059885696291,-0.09620982846455271,33.581313218276335
29.373717043332476,5.634735601992047,14.309860241693162,4.021846809481859,0.11217515071804683,5.228438997096351,1017.666187682322,0.0,36.47344645604802,0.26077428070159037,-0.20774979431784374,36.922103113879594
32.42457680949024,1.5379643743006475,7.786590397165524,0.9423809694661195,0.3822036673731457,6.113333927979907,1014.4867232575835,0.0,36.29154428496598,0.3430192079783731,0.7577612005900117,14.954257431592165
23.380635758928808,1.3647779919931957,7.317288633498173,0.7571654902238659,0.12673623023769323,17.151506230696796,1006.6684383524945,0.14640195559745095,33.73977823779428,0.6909485862039799,0.05143445310768359,21.484129215783
24.884681017954954,0.9227076147011082,4.7535509251235695,0.7767170975551042,0.19283188992816613,7.075517126841625,1009.8785471375903,0.0,34.45720197056066,0.1847477982997035,0.10521995893878403,8.059584028651278
26.143048793775286,5.505700865508388,13.180635060305423,4.233310436767002,0.4699618456664191,5.596683775388957,1010.1743983629374,0.0,35.713256649188764,0.44503711018998493,0.3024266667516791,36.592892188305434
26.42919587465773,0.6465611247378154,7.615501728033206,0.3689999917054149,1.0050968301268546,11.684069123612014,1008.7815257930358,0.6344707291344207,36.441110306588705,0.23709238384210488,-0.375376343912452,16.050729141501293
26.31572129028823,1.7873518059083189,8.815721486887517,1.4102669003598172,1.0647648371138259,18.648275900075678,1006.1758105741459,3.2341704108139497,33.94980955528463,1.2598693601930795,0.4337915432001781,26.52318919738339
31.529915526843826,0.931283828899284,8.25138445434885,0.7017901433966279,0.13262972072276047,6.660444132297196,1015.0231429207225,0.0,34.41109816696108,0.12760532134497674,-0.16274614577574853,9.404999549298456
29.497342766901994,0.9234042242643715,7.149114956929646,0.5252620748006176,0.3444334344528051,10.262576122560237,1015.6801956624524,0.0,36.36775656295052,0.363975915918443,0.6905057001403021,10.605619542516694
28.38300474795239,1.230625728806952,7.429612264066339,0.7637523448134497,0.49360807183496147,12.572231780922674,1009.4213384404056,0.0,34.041480654581214,0.6987837496028412,-0.05943055550510759,19.234202063098163
25.248413537559212,7.5,15.91098407199985,3.9328603361730794,0.17158495881513705,7.431951940377338,1008.4028990311705,0.0,34.56620584062446,1.5657167290805587,0.41317400516711494,54.681607100494055
30.649799034323593,0.49045551677797367,5.477269885058598,0.24249149614885726,0.7525048053118051,14.875171110309319,1006.2377514209052,0.0,36.38936780723774,1.3149421177363554,-0.8238793409916804,15.947185249309504
32.02813537059238,1.782455550851057,8.167343510926287,1.31742147683478,0.7135737558816011,6.246913021746183,1010.8784693430941,0.0,35.94964583735634,1.4533751017143408,-0.3612965766300896,17.86190042086724
30.62258196677738,0.5378901576098783,8.897863081106642,0.2996073689702783,1.1514547449844619,5.666893534986732,1008.5762069344092,0.0,33.54675297754215,0.1389492632543646,-0.052762505649169136,12.535912762468616
22.016433604510464,0.6685627955930287,7.233847980215467,0.5201577308630874,0.10383500047989802,15.270767483097414,1004.1752127124025,8.479482828134634,33.896618781271314,1.2030211365316783,-0.6607740493437118,17.719940178818167
28.682214386925775,1.326461341655242,9.691722187543728,1.1251621906404878,0.2098987299544151,8.98834744134243,1016.5902973965664,0.0,34.017722528075154,1.008238264783853,0.26030955709449144,14.002097396722812
22.536921505142057,1.5428629961908,8.673459951985533,0.7415738985606918,0.8899945931859876,6.403268552152896,1012.2712005857758,0.0,36.42477543575355,1.496321268109998,0.15953534390268712,13.80635718872297
24.70487581350408,0.8791592676252065,5.5155318413011525,0.5619709560831765,0.5996898554139171,12.72094220752861,1006.2625655723295,0.41989826894576954,36.79541506954951,0.3240104440109257,-0.296789677450957,15.358454293541339
22.625009353651603,1.0087454476428492,6.991428129981905,0.7775662336111003,1.1116003734662225,39.53465615325549,1000.1708346479679,10.838584432271773,35.82821849926839,1.5566516642339019,0.04441447954742549,32.22501045410289
28.339852255968573,0.5455732426358069,6.336367306140802,0.41768015874868414,0.1264957877424827,23.03272697740054,1000.9808975760616,9.016582118839331,34.582603100722075,0.4091422892357326,0.33226703047309375,24.625543195546005
29.209194091672373,0.9780563940408313,5.351768154617474,0.7374534093817603,0.5089281876716816,28.670279925709544,998.9065544752124,17.66368269005298,32.543747417690156,0.7032366085020375,-0.6860673309044908,28.474573156264373
23.202120199692004,5.836729316180015,14.929531704234645,3.4413237803110115,0.4787898657021401,33.77074589067417,997.6852715477062,15.735252933759405,35.499198643371216,0.4311750491211189,-0.39572115568212984,57.322577486844565
26.030308271972284,5.032185381592519,13.749283196350776,3.17803290917523,0.11634683456310044,55.37515333472985,996.1620061165298,15.700067771697775,34.174253007340475,0.43480110666733573,-0.0672809047281705,61.24943491676344
26.79048334403319,1.0524563723558904,9.30285121908828,0.7240766631738095,0.4242536908503911,25.1703050361076,1002.8771165525029,3.9093274565767917,35.221841821983,0.574637314804893,0.058303269321366466,25.359210070530317
25.875056728489625,1.7535327090045691,5.035248088121757,1.472224387021138,0.5231706960938085,18.12548437483096,999.2114442967152,10.481116885957064,35.108784042888445,0.3639656526498778,0.029486002439459758,28.77465712191929
23.270762505094527,4.245536047356154,14.450692516315144,2.4667367197032712,0.19554346830636515,11.367216558298935,1012.9495792166978,0.0,34.567577843269866,1.0442600398648598,0.3612531749024987,31.982762335595197
26.39895179696849,0.4099248346591035,4.332671849947312,0.33583401781215455,0.2436770129692642,7.8063965486732005,1009.8664573286475,0.0,36.560865810223184,0.7024812224193131,0.2170239359793889,7.582002834206456
29.88736950198839,3.0629366925869714,8.455167265752127,1.70833078690301,0.5601774538572444,21.246524193822417,999.7032071966732,17.582098454879315,32.59952928502797,0.8022372554218251,0.29382219419987077,36.60210981859251
22.745580477599184,5.141829949252216,16.0,4.348084560608825,0.3842549383066147,79.03710002595646,980.5052612901277,39.53215730953108,35.56216968323213,0.25762573861895927,-0.4364565064815278,82.55677558256326
22.841890147859985,0.553229748202147,7.093660650615436,0.39727731096803465,0.9784109827293015,13.818698498519419,1009.872959366895,0.0,34.26231143368805,2.19550007312531,0.10068834917978306,13.064749701361988
25.725098564277836,0.6817252955555135,8.108883585571709,0.4331713833763038,0.2886088183913647,23.006707288066156,1005.738797439807,0.0,35.56929893711393,0.747596638103661,-0.05749987823328022,17.159512965754587
31.888119971998712,5.580335427650924,16.0,3.880320677125036,0.2395654172227643,14.56731910063138,1013.3969370725285,0.0,35.40344448442042,0.23178670645947247,0.5617251585840686,40.62495751689199
29.0200127905906,1.6339128365711173,11.030810608434114,0.9133776466412136,1.9858633610142165,12.917233166382058,1006.1228356967212,0.0,32.54402341107678,0.9329543561383622,0.11103847308226492,26.91809526519854
29.12603454506193,0.42287739313521466,6.599265063060114,0.2366715973629565,1.1892905114951076,12.394112115175314,1009.0367024310168,0.0,33.726955529251086,0.2144886659937393,-0.18416887715061014,15.624052753665959
25.80015990379758,0.8766563203549212,6.34326531245412,0.4343146675858821,0.11323960256754668,14.834154223804534,1005.7931110132864,0.34712965329609924,33.31309353816626,0.13928971376068655,0.34837544658426395,17.084015381593858
28.233438307689653,1.3563753529263267,7.955865201249402,0.6722469139374522,0.762782000990717,11.399680549426973,1004.6794352088508,1.7132385339368776,33.21804131765272,0.5498983276901465,0.2471542285526267,22.809848919144226
22.106377432291307,2.2889773898303543,10.985362994213583,1.3483649275457725,0.152609516822639,24.339595059239883,1006.6343959160544,0.5913918133463989,35.63244974172087,0.5838217173067527,-0.23756058542416786,26.397553160015672
28.679008487300194,2.513771949173944,8.355726520622923,1.898255257772108,0.1125414909008098,34.030885059490515,1001.3770913300052,7.735810715838369,33.530070801100436,0.22566686670465977,-0.07197139596921122,36.94822737334809
31.589512949550485,7.5,16.0,5.198913502794487,0.24390367866340285,35.02442154972587,1000.4292147109742,9.574982011200653,34.54137174444539,0.35697525335286784,-0.06600626086292645,67.68274965692324
28.432021417620604,0.9423857366339413,6.232854304044233,0.4627432720672008,0.24121679048992573,8.617327525123468,1011.7320592459016,0.0,33.562052679728424,1.8487048183265582,0.479611382297838,10.304333719069273
31.173835231396623,1.6362670598254185,4.788406509537754,1.2941147981207046,0.8699594132110025,36.674875333100196,996.8421621871288,13.212855157813742,34.99500544077192,0.30128635402025816,0.12113465585745468,37.368259430250575
29.601717082393986,1.6193905334311451,8.122020572802382,1.1182653569478815,0.6580800347943132,10.850159863357991,1006.5152018531334,6.888890811942199,35.59846720265786,0.20145468337280792,0.3043738674960601,19.552303529125105
23.265863372238748,1.2324462904934976,4.389210266961757,1.0282819872454307,1.898162695299991,10.180851215243118,1009.9208269102315,0.0,33.92362137640216,3.0406886357693703,-0.12264510239552899,24.57109245067471
31.475759726501337,0.6965125139324624,6.3333114944773605,0.5001476571526411,0.6593972091187098,23.163464481999036,1007.9457370675881,3.9666827447976907,35.092989647634624,0.31598440195368527,0.16718010189880442,19.550460520955397
22.697660365735636,6.467698089084911,16.0,3.3636553925823067,0.3437758101802489,10.087692513403718,1014.6704756655474,0.0,36.046875529979076,0.7841363956871898,0.5061763160253802,44.32941676401094
27.606658461751522,3.4711724094205745,10.532795645991282,2.2198610783534285,0.6401821213099051,5.761889966380265,1014.0137551930893,0.0,32.905164426207314,0.2580358176014166,-0.07637686783772661,24.854889332700022
23.492439799831306,1.5037100518657618,10.222351898638678,1.066730465756604,2.8,11.549123095913068,1009.3320020055165,0.0,35.555883575877466,0.5792662354774746,0.09030418134322167,25.995040101669225
22.12291941267449,1.8790998121822229,6.191628312800269,0.8668397932557602,0.6572636766726261,22.89499193549463,1005.382002167702,0.0,33.889523261072135,0.39293183074424354,-0.4271571896831625,25.072423374618346
26.43135973134021,0.8125024036130043,8.249395348951158,0.37047193181156646,0.745365997152781,10.543274360209725,1009.6934333120074,0.0,33.02739481305726,2.0554947347178727,-0.21794533146850964,15.966790744113961
25.097927430368642,1.6556730040961631,8.992916991983474,0.8307524737393088,1.353936535495198,18.902857392890176,1003.1386404661822,6.852909565741724,34.846313092741696,0.44023219655427515,-0.06705501219923808,29.657706037487305
27.10300518487483,2.299752932763366,6.565505406508025,1.2663952287707374,0.15429015800360138,20.108254416511695,1005.7940726690091,0.0,33.472927972851245,0.6264932910283051,-0.32129375813310235,25.890737445861745
28.060598810712783,1.5583213372574765,11.871169855624256,0.9689948275988708,0.6490220415370047,23.52573835310252,1000.308450813604,9.516316633129254,36.03185570847737,1.8377088324175535,0.5126907871326464,26.70391526398186
22.459260259243948,7.5,16.0,4.837321421279365,0.95612838614538,36.84011259605953,998.4583101939016,10.792428593108664,32.684452410983624,2.8188340713825557,-0.24330245708452947,71.286743055963
23.29153459879933,1.912087383976865,7.12553125792491,0.9660076626658471,1.489320270614817,12.932794676581139,1013.5830469355496,0.0,32.92420745396486,0.1643229052329186,0.32537950724103587,21.87336757532735
27.865745162729468,1.141731569237895,4.944486032452186,0.8213121758912534,0.20662751612862984,7.548561237667857,1013.3603465704867,0.0,34.74028334173901,1.1786208157604448,0.11539268313601685,10.389429803010778
25.60325720831291,2.76652265634929,9.649713739939212,1.9046269769554265,0.4154663048099745,10.377174560572874,1006.9576882164663,2.8739543371473104,35.03244967153091,0.38887320472856857,0.06079818197866205,23.086675909676387
29.656321619269203,0.6990191622055231,6.067124183385001,0.39689304206110626,0.6135263591589608,12.922997137416317,1008.4614786756664,0.0,35.63851265744781,0.6420672121913663,0.5701572757378052,14.845514371120952
28.849062310215366,1.1765536418288534,7.271764848101433,0.5358777730640842,0.2279401295027547,22.519376871809012,1002.2241864704615,4.979562349208874,33.61482113148443,0.382048335119866,-0.7412101039246528,23.441730005111427
30.878845811394022,1.0817844616860315,6.500517796698917,0.520402331083315,0.5128631151849702,5.1849257383308975,1011.6774892738027,0.0,36.11956975531715,0.407612619466422,-0.018671713888086708,13.262023385824897
29.271174680026867,1.304470874608187,8.297885539467377,0.7913936641297171,0.23402733323912184,10.312771011427103,1012.8768883272214,0.0,36.598512061027265,0.20379654100147088,-0.3281331177979047,12.847581098520864
26.514276312596557,2.8356012049094828,9.5226374198422,1.450664484485495,0.2825427952533712,26.187774267600762,1005.1758226459177,0.4159012578704284,34.64586900545791,0.6102546877013454,-0.636497143196563,32.4400056698017
29.06614953514154,1.4591742454199834,4.7240674658952635,0.8765665962231608,0.3621403617977881,20.557711526710527,1012.9874922018258,0.0,35.770284869370144,0.5747417794712335,-0.368156106815192,16.158494345152988
24.891502329681895,2.927918815320185,10.046211624101872,2.053270533775166,0.4389853929028422,23.421179294595692,1007.9334172038657,0.0,34.756847924538306,0.22595561477508083,0.0560331372510748,33.59725504081795
25.216291737171233,1.774680899990269,4.643209139922567,1.1870751294024877,0.3685081169002601,28.384301875805953,1002.924347429666,15.84755429552056,32.798708226472506,0.5681786114645434,-0.20387149522225595,30.889377683178907
30.28434417916833,1.0698494032328387,7.456384872156194,0.5803615837013237,0.4058334956695471,26.405226891473433,1005.1587094376756,1.1392728629690254,33.90227950522327,2.2694193886655363,0.36381475643880196,23.388783408917142
26.687404922216615,3.056990940366538,9.033633347235815,1.7960708195138457,0.2595974099590078,21.047920788780537,1004.7258795644227,1.7105373878654875,32.87619276539616,0.8519158878981532,-0.02484604677946567,29.823746456699627
30.3829935754427,0.8355023050427952,6.748944681450732,0.5811858299380729,0.17790495154599134,13.10899979892641,1005.2196638121238,2.714395708583795,36.75218021279655,0.4934906754971228,-0.06365842415233003,13.024590102276672
30.635434923516925,0.8065542580721663,8.422910136816805,0.6406799315129859,0.12182845611922694,62.5452087233752,992.1634202605316,29.027470615480908,33.48481142191552,1.5867632851901832,-0.06209833267713241,41.989241677666364
31.004404545443478,1.5235101223202627,6.319195177274473,1.1445908743186513,0.1981582955158369,16.78543842918186,1010.1153233128965,3.5424351846568882,35.23437180348759,0.6138436276649907,0.015526957854661357,20.203149494543677
31.624669976332676,0.883605410389798,8.182374126469814,0.593217337803355,0.492462561975603,8.172554950855703,1009.9116676705717,0.0,33.72268393836323,0.1870487580691655,-0.09646748722996352,12.76648184099139
26.52534481538961,0.4146057182218505,5.0962059427701005,0.24665607270933448,0.7940434983603569,9.850439234075232,1010.765743996763,0.0,35.30895872603048,0.5757933023211731,-0.24793879414745706,8.33335957627476
25.348101592371957,2.071951534104829,11.359304964487071,1.2349256121590417,0.18344056587300273,21.55837842244278,1008.8458382117368,0.0,33.404727270743074,0.21978302169803982,0.3962147093916126,25.056599112667556
28.113086839238196,1.5449354749875872,7.233154935180337,1.2386781637226665,0.15171037241357116,41.21521003129491,999.5680854422026,12.376876958359553,35.87666128341332,0.9753315195935492,-0.16843326763613103,32.856112918831236
25.89731044609509,1.3435529597392613,6.1576558492706335,0.6256891609786791,0.7225569209865148,7.756478724898463,1006.4168520654104,3.7683425036142513,32.976489892197534,2.149924553736497,-0.08423431572116506,16.472671350807786
28.311278751402448,5.856470511850925,16.0,4.949848219640018,0.2638320728920983,6.203095683420689,1012.1766441948256,0.0,36.349146720388205,0.3685401757870409,0.2002917780316088,40.09273363065495
29.40865155776016,1.754820425849268,7.504992172093228,1.2560130081898988,1.4617809634523111,34.86346106142773,999.1415626335353,11.689320926797546,36.113813277925416,0.44247052809165055,0.1615594361550385,39.64346658634247
29.228252694167438,3.585487245328846,10.191702770398411,2.5903534733326583,0.6637941424022658,39.557316106498284,1001.0506954653285,8.236094199761881,35.41887157764506,0.4283863749486314,-0.26270332182111733,48.81907668704182
25.932805313711274,0.6402941339964918,5.4357696651379985,0.2978642772307331,0.2780413882733931,9.528831741403563,1013.1694916169465,0.0,32.789882896714246,0.3015354225332093,0.3142436804387613,8.974438220585585
23.752032117836904,1.7474021382946279,8.078414050655828,1.2095722221305842,0.2538309245701999,11.63134488793182,1013.1664461777386,0.0,33.39684682181439,1.048451864759812,0.23818461894344162,17.886660430962102
26.52055805385318,3.6396784405723333,13.564691389897481,2.343629799767022,0.4337667924085281,20.111078473588126,1002.3652846711855,5.2704582301953105,36.195254861471625,0.6769742513909893,0.11229119196553898,36.027433961467956
23.497238512860044,1.7998763262864688,5.338645769126278,0.8860999269645476,0.1371035496056358,10.605223757665177,1007.2808085564398,0.0,33.02449006750116,0.13971693167999755,-0.10096089770352214,18.083455201896054
31.34601886942999,2.425437578166498,9.400408629125327,1.3610799056627632,0.15633843602912625,34.35606895083174,1003.1956306815932,4.534517197595286,33.170508014124486,1.1950892492996834,-0.09235574168249298,34.11937663801805
25.631713337747502,1.14445518466828,7.997374724383969,0.9225748312602593,0.1870355304162028,6.59343732140716,1009.5101177745697,0.0,34.83921429214874,0.2242796204363999,-0.020628986050563236,12.096657672531306
23.6218273458449,0.5552097372496831,6.289550389537124,0.3719879513076795,0.770692220439751,5.542112860195898,1007.1536545854118,0.0,33.67896299059968,2.422274229852066,-0.38114117939471803,9.353655477316885
22.267201479010385,1.3796885394087028,9.448237125085967,0.8490142870415316,0.42456393941406856,8.273311623153445,1012.1911317356614,0.0,33.454925509758894,0.3836009190780736,0.03625604299106529,13.365438045883906
28.781135056008083,1.2026666879495713,7.053282043671442,0.5761649726325482,0.10478050807726234,9.717933680075713,1008.3568425756415,0.0,34.97599775694717,0.6749706211718888,0.3622357141564496,16.620835551960983
28.687474333274803,3.628574003614113,11.254606043226486,2.6693554255276344,0.6037191782541389,6.677585552028412,1016.61977826009,0.0,34.10207970876952,0.14861126260346336,0.3567299164419082,24.536451388517396
25.57634374910356,0.8475323024038858,7.414052464847009,0.6196650467214712,0.34799944538087507,5.951264293942596,1012.4380330703419,0.0,33.10440755610958,0.3535636545986597,-0.08329811994675852,6.827819498194696
22.752974832900335,5.845162023211144,15.670262364207083,4.065996659273662,0.4217909153203412,24.725728584180395,1004.299595501733,7.9846849481792175,34.799871200445494,1.0727665069018215,0.4224291454539377,48.70401164493342
26.301103396399938,5.477407434707902,14.273720275053517,3.582799910443641,0.20842587544283064,7.512405575229762,1009.7989248529993,0.0,34.164153334098074,0.4891435243479194,0.7170665940853057,42.46380888289846
25.267783698165633,0.8552467817948531,7.313660266610306,0.5332581373999478,0.4611142303028193,39.33505221536551,1002.575719795454,3.7332455179068,35.65842212937721,1.509827929798659,-0.06067263734198958,30.09135549374334
29.109766717217596,1.0844646504728255,5.9732439310261185,0.7453617041099132,1.8417505269587842,11.42411488812843,1010.371616072793,0.0,32.94184840197853,0.6135951440635989,0.2920301472512589,19.518810437605143
28.360682119253248,4.014562808608499,11.309447327466309,2.1813455439567213,0.1343266922515048,20.547001381493722,1004.3139714649163,10.101250167607265,35.16863694896769,1.683440839128012,-0.7419834869417772,37.410893934582255
25.82823414607417,5.839783834716656,14.719619869841562,4.826602512528558,0.25028188978518806,8.575757388675555,1008.0865546613172,0.0,34.376921305855966,2.531112762070708,-0.3903513548636969,41.6849007071858
24.287871819677395,1.3375658966198252,9.437222354165296,0.916925246418042,0.22527498056921227,8.848062838121907,1010.1362608441395,0.0,34.24606606272533,0.4629659244676193,0.08189236026673201,12.853654765854841
32.37437764463371,1.0194076806217178,3.5,0.5856262434502922,0.22858735976979808,16.969749616838545,1004.079515528661,8.792978375599997,33.49883705843587,0.5996615497880722,-0.30235657188143583,17.81441178806587
26.767017022559205,1.5947941074435272,8.464027645542762,1.0045160589206803,0.31417815459111614,16.514199398348403,1010.2866678668934,0.0,32.63083192127166,1.1807973824251778,0.7637207156528569,18.857476910485463
29.22687947569249,2.262420226314009,9.123764128665549,1.7472081267967494,0.8669583940561607,25.49832514535383,998.075663483958,13.376672847486592,36.145063535767974,0.25025721095663417,0.2592578905537936,33.97841124668016
23.475806159572787,0.9111707487305482,4.118801658857806,0.46893076775374937,1.1981009011228225,24.852649406486666,1003.3480140417415,4.410491706114157,33.90356336994803,1.286692565212982,0.38804107640034563,25.092111107248506
27.098691846423677,2.5337601793283446,10.025358491495023,1.4369821764092097,0.20166231295878673,20.55048508577752,1007.368436188179,0.0,35.42869147083834,0.6377754336172062,0.03984075784379452,28.029100934716624
22.289135558629386,0.4848630470194905,6.586381472382381,0.34997570331006495,0.452333057102307,13.347604434445596,1009.5302858461455,0.0,36.57462581903984,0.8756827067420638,-0.3011228069522782,10.417258296370614
27.307278738059725,0.4808814892995802,6.750045527775344,0.2770818379732569,0.5558833764305253,35.98359066271834,997.0313784551278,12.11535728895686,34.92945828175316,0.14993377030478278,-0.13158359876120812,33.45371617171784
32.122182774735876,1.1811664572899998,3.5,0.9059554673647696,0.4320026556930374,18.64149714238742,1008.3048655320778,0.0,34.20773168083542,0.9719419308950106,0.1390331678692259,20.477052423647915
26.034170486350902,1.097824984586464,9.025669090037294,0.5513072820838035,0.3561832818855407,69.75306419000093,982.6200318742536,33.583420808135834,33.65357633529943,0.32332286416004946,-0.1732703684431539,51.24950932097235
22.409458132036573,1.0068180323820297,5.705667401260392,0.760222590356751,0.1959233078754422,28.958249432462956,1002.0088609700837,5.586606231745319,36.51638830838422,1.081568556249897,0.28491719710451985,20.361375745676547
22.32503580465311,1.48055374343503,8.694848358312818,0.7067285394626474,0.40143663175759314,5.634500843001913,1013.6354361335284,0.0,35.43293031761991,0.52697312085764,0.2989952392216234,11.469898235966715
26.07386097944213,1.0187869770398152,7.945427229695097,0.463585815584937,0.3307835751041014,10.41150757289581,1011.1016469849341,0.0,35.360709991003205,0.29263108815119376,0.05174345637885592,14.002118573116592
23.680261832863536,0.7416199639087924,5.019870306606887,0.6001851812062912,0.8143737366685784,16.87678440866176,1005.0256187974691,1.063808676552727,34.33248079812469,1.9315047244456252,-0.5889722804559497,19.83724099287411
22.245197011445953,0.9924723316894132,7.77714012556827,0.6773977845127543,0.7490117950281964,22.895189848476473,1008.1650524356145,0.5830660533333418,36.13370946532995,0.9690611933630948,0.6501747267830856,21.020061137241406
29.940242946476857,6.296092286110219,15.754726253629856,3.7192953738673453,0.16474098140365073,16.18958048241073,1007.5937858687581,4.30170781773662,35.56879040414079,2.6479134163694074,-0.024435499841331185,46.08962102454229
26.814491593259852,1.2472346758999024,4.137956647612588,0.6772956428148215,0.1417080643794183,26.593444607122475,1005.278744335767,5.789470564536188,33.71768806865837,0.3719774936174831,0.9982468269648626,21.710191241480885
25.03707010571287,1.341231647885435,9.165829854485452,0.9345089358044464,1.174438629733396,9.650790095330862,1014.6134482748835,0.0,35.07818823810771,0.7285569927741883,0.2783874937232682,16.01917693697543
31.450873421673048,1.7748928066945342,7.032239607525802,1.1600714886730075,0.4450653014926469,7.845264092635787,1014.1221587846502,0.0,34.34983400478544,0.6674142353671177,-0.023484276856219913,13.743821665993844
23.21945908210552,6.95166522657611,16.0,5.885551661920059,0.9777373088197713,5.775944983863584,1014.9820579315199,0.0,32.52833770016777,0.7979994386271617,0.20673765677430145,46.27132569290483
32.03714770403085,0.8424736177708398,5.911853709932429,0.7104465397274008,0.12695969912725125,16.923888208819633,1007.609379938858,0.0,35.97278075545773,0.12344197192067084,-0.6567499309775141,17.91749103991626
25.296650532462206,2.229518282414864,9.421487996337838,1.5696027790848033,0.43643635657218116,21.333456724575555,1007.5974408290828,0.0,33.02817050035471,0.3069488971879845,0.40914984113258823,25.39770400418694
31.328238559241154,2.4139634340694758,9.259228565091902,1.513912828438249,0.44887728634770196,10.526462549571864,1010.3063639679868,0.0,34.69280437581124,1.5403673633197235,0.9484294331353166,22.92869420173393
28.330900203034346,1.8956343936620845,9.234242295652507,1.2254449624392154,0.987012995237475,18.311777472270826,1002.8318829316121,5.208720656834909,33.945772630264706,0.4308011574032362,-0.6812317158451825,29.475543318996067
30.680427277285617,0.5483994150412758,3.977884897281308,0.39648818504945854,0.14621881505421036,5.749933041384066,1012.5406118898863,0.0,33.97098287716291,2.0410592102603236,-0.05059315343899766,4.585879235255321
32.332138213709875,2.2075321648756607,7.859978341130088,1.0830811036069232,0.2237604785283956,6.464059141465468,1012.1074115400237,0.0,34.55266899867937,0.24409995422191003,0.013131657022965815,15.52856360606046
25.02825709709683,0.5059855914060101,5.736778456048517,0.29415008343530696,0.3348021802822511,21.937749065983812,1006.7179972926898,0.726910686824044,36.7871993472849,3.6769043057109094,0.3563300202070724,18.9536560942633
32.091922596779725,1.850709690109229,11.178108381184671,0.8885421868777958,1.003929921546822,11.425666575766943,1008.9113228372793,0.0,34.256032626715346,0.8175649029531433,0.7870914859579379,20.188218648711608
26.089559896475414,2.552742539464643,9.42421776341572,1.2236425953776,1.3577366684416845,20.57798670513851,1003.2423446864161,3.10125473097539,33.28401568821126,0.9987202772625303,0.18400874290844765,34.100167312354415
26.047874999737683,0.77912127587114,8.0302516920605,0.4116375821461219,2.3154666299901763,29.94985748527197,1003.6372239908843,3.917677391753057,35.13850725361228,0.40336472814017743,0.7996271384754345,35.2631621634767
25.574064594672308,3.3484331932188707,11.085012500970443,2.156730178867471,1.5395111041103002,31.806605454959215,996.9633455979659,21.119042692615842,33.51603714456994,1.5251458690149902,0.10965136690963181,49.38798652715675
27.684779877149644,0.44931843518975906,5.083285227185214,0.34323872382017956,0.10268176524049001,7.645224616502492,1015.2284237419508,0.0,32.953861287865685,0.5730854455853149,0.20799833657868044,6.529951849079414
23.618522953374114,3.3707206379746775,10.697210512182759,2.1714126950904906,0.12199776719122138,14.325228586176934,1007.4071222809005,2.687858526219773,32.7157489398835,0.7854226176467909,0.1648824481560892,30.727569523775603
27.813970596259118,1.3868730851151903,7.2437419851640215,0.8101982810508518,0.1718683204329638,23.535769462992413,1005.0453853255245,0.31640612882607366,32.59838947828464,0.1597651017059526,0.4771049240517802,22.951113001968814
27.687900530305043,0.7925979938920498,7.332144997446798,0.38277822322419275,0.2930652218299713,25.819881966370364,1005.0439583560451,2.8133581185241447,34.354007987737575,0.699283033837569,-0.09781237033857114,22.902785667054253
29.999969032351135,0.6297827513910125,8.195525853868654,0.42202888959332685,0.897163654363232,26.4985584654681,1004.8608930016927,2.9621335460841696,34.33492085345559,1.3675706452625203,0.3364003655665281,19.24178238527279
30.753324600344648,5.302663372012829,15.084315341152575,2.9615769164145873,1.10427331054519,8.625825095633745,1006.2212367666485,4.063800691941864,33.2978452203352,0.21781570190428853,-0.38077881218974946,42.26179754812953
26.624634178280452,0.520705650438277,7.717886688901531,0.3623974231328548,0.19306922854611833,7.993974798347503,1013.1806230599603,0.0,35.871281931216195,0.9030191625634741,-0.0495764366279932,3.551678684151042
25.174499118190685,0.7552175485583589,4.9122069809605176,0.6350436283828096,0.5350152722797277,17.482799422377738,1007.7106617229733,0.0,33.055863700055475,0.11543735640915287,-0.1728602680285829,17.129330013663562
24.72301642182949,1.0839012494518119,6.329076485792216,0.5360170551058743,1.2219784637924151,23.917619525862868,1002.2457842768512,4.875506462475304,36.435863928349,1.6638624538251932,0.08078654551627977,26.62661733088713
24.043550285401157,1.9491235854382358,7.421968652477324,1.0424890605349755,0.38040433770275583,10.381570074256638,1007.4762349989389,5.27081029739653,35.02657670386607,2.541806952545352,-0.060627912291323596,22.644638064508076
22.605299613089763,1.6592332485553016,8.458286733711821,1.0606446367796438,0.14918751523353466,6.548430537995149,1010.3014281793609,0.0,32.6187504172512,0.36234073313715853,0.4462467923599412,15.771124211674975
25.59570377776449,0.6148273329250877,5.568251621496037,0.514884399305702,0.37546548292119375,22.65977652879945,1000.7732787224276,6.453070231170895,36.64078229069368,0.16795083998485988,-0.25753383331007484,20.16840973964498
24.837600767373225,0.9473716173177664,7.799928316723273,0.7187934981956224,0.3120743270737914,9.987407146736736,1015.0543404066577,0.0,33.82414741604717,0.7447787503839913,-0.5559605775338543,10.412933107500569
32.147382551597275,0.8364732584168353,5.1091492977016415,0.6769508462915907,0.4878729357892304,7.547396494525957,1015.3507024776841,0.0,34.434892326184766,0.11817317083854406,-0.42504933689904506,10.818158804690505
27.85594267562546,0.7843472728949321,6.4763715511928,0.4576556053333329,0.35984176874727025,7.237820306458537,1012.3748216532096,0.0,33.722355379876575,0.49523154677399905,0.3979588162054617,8.463252657751127
25.64640890982033,1.24731868609208,8.275460501484128,1.0562486590079596,0.10787415853672246,10.294861628436093,1009.0907440804413,2.7834282853226178,35.63221158154524,0.2902905675558414,-0.2893450701606777,14.10788120974534
28.09490981043381,2.3480033424952573,6.128451853930548,1.1531822224576025,2.402028152515424,17.574119787160264,1006.1722737708865,0.5617044318597069,34.58842494909401,0.48471898217444065,0.18924554543224797,36.77739581218351
23.461565364129804,0.7923219325691114,9.608626439619705,0.37333350777299956,0.45291462706905883,11.213111963406854,1011.6570333688837,0.0,33.06920372543076,0.11106674494002702,-0.0531756261368279,10.51832191745667
26.662459366623132,1.1308442982771172,6.610791909578998,0.8959012751826909,0.3887885470377185,5.292296119413084,1017.0942999434534,0.0,32.94807699514565,0.1317950624761506,0.3384854191636393,9.661311621622437
28.57546037492117,1.1932822917659633,4.1103482546644745,0.9795725310525479,1.4916816457323032,6.427038612484464,1009.6423821172456,0.0,35.61911427729567,0.10966289082881422,-0.0307679967908136,16.864800064094393
27.13342723382074,6.398250808586811,16.0,3.1110479987302533,0.17624681057014074,9.804791027886537,1006.6099749782944,5.4958860501154945,33.519450041204465,0.6791812476258948,1.0175219806409976,51.19725771172424
26.218677406870405,5.349929357420147,14.680038045315992,2.6501996989527465,0.1944011091567595,20.09117216216353,1010.3700867246008,0.0,33.09251151094543,0.5927150505431794,0.7143409555364767,43.1852069394036
32.43540808344683,2.9762017006651513,10.234321491838532,1.3787839591916653,0.8426515275731541,6.451967396733546,1005.9818917797681,0.13095996202368587,34.64753866709072,0.25928469659161346,-0.060323563141992345,29.101295553978968
31.243305002563734,0.8425952352207847,8.003458092787412,0.41439088558027193,0.2360029622621395,16.514643228817583,1004.174260363376,4.6591827057509505,35.951890736406106,0.7241660598721169,-0.10824710618324514,18.87980323347059
28.54576256067412,0.5127400026833213,7.044099461970562,0.27368416817874125,0.8225114012957812,6.787851627432463,1010.4644285935246,0.0,33.69876580725446,1.3935720299762575,1.1463141527829614,12.022208703182084
27.97846229241397,1.0097921192510864,7.264440101187723,0.8462367436010122,0.2425661271290796,8.328768029649638,1005.8892068784938,0.0,33.68865593031347,0.29487499741057305,-0.3275978364650064,14.912383478403907
28.51693503815813,0.8965269265637796,7.288981918734774,0.6429389859211982,0.11518787605620738,7.645577771297765,1014.1882681061207,0.0,36.08568941911962,1.1702526654369656,0.03074175822857785,9.69291674422935
24.11377713213555,1.5281113135049913,7.594062690151855,1.163536365660616,0.4274960995142765,5.974332273149896,1014.1106966402183,0.0,33.13568531664576,0.7517301032032211,0.05785712189689963,10.626397051629269
26.148946304275345,2.8061648276100963,12.714332963558245,2.133964210809112,0.1985545667193495,20.577807216973497,1003.8024055819532,5.711156369824981,35.15192864468215,0.1206433512460104,0.04918173576489904,31.409257162469572
22.414325095354442,3.526728046076229,9.129316455400563,2.341851460760515,0.738182170575212,13.715125326176903,1012.1914378114604,0.0,36.606557976825115,0.3821460948024654,-0.5585491021856842,29.734938909243695
26.993233393611682,3.3815258847488354,11.296224103871749,2.600378496512358,0.5612451069659831,29.894419653516934,1006.0384103690574,7.856693223335391,36.11760354318242,0.5252699323010904,0.22381084338657914,39.51197392791286
27.701758131555465,1.1132484727806404,7.101384197788323,0.7662745429530224,1.25731337706836,6.457804241876245,1011.0013921908278,0.0,32.765805505252835,0.8893879014266695,-0.2896225319873109,15.220249693281328
24.3913722290837,2.259681712017612,10.287347690728591,1.301166396144251,0.7875119231774496,7.188781002103754,1009.6879091723122,0.0,33.875616769214986,0.3030741918937587,0.5525961934591749,22.50635717532056
32.122302895237894,1.0002874769900185,5.534736642444685,0.6746379306509237,0.18972895290696523,10.123203278726457,1016.6104282625754,0.0,33.11221020204825,2.53527427511384,-0.45958776485211755,12.714706156580986
31.54927341484104,0.5005427390387621,3.5,0.3320617721692296,0.8246032340089565,25.326062710350197,1005.7351067031672,0.0,36.5817347420547,0.7922335391986087,0.07081307458141668,15.68895662026086
29.58250397228701,2.3347264244669157,9.43774208818774,1.8196419325780566,0.5619196227297064,10.109102064901602,1010.6064025204178,0.0,36.73954873475495,0.3799069701322537,-0.7256422264331608,20.70543978746268
27.600559602036306,0.41580185871880565,6.170289084021757,0.3503924371203164,0.5974708675943509,12.349386387226119,1013.0055963863551,0.0,33.510469988322164,0.16123627283030018,-0.7040342972192533,6.874954426716568
31.134676176300694,1.2419972095042384,9.469994091279103,0.7631042319730109,0.9034107951674979,10.025557331924464,1010.7776212389225,0.0,35.37970589276363,0.22007219902930023,-0.24377318540242143,16.78609781438934
23.37184961014636,1.0392824508344192,4.965165342014325,0.785028516969363,0.4838063656790226,6.170756077370481,1009.9422386809723,6.310482340036529,36.11901644780261,0.5011989121601825,-0.19437352881795983,11.6850177891431
30.300352839886294,2.2914208885463547,10.856598249458518,1.122579012388705,0.38231470955305713,44.25621522415912,996.0173318362206,18.426182080770058,33.50482522298225,0.5095562644511543,0.5630042445463023,45.189800177581176
23.310618546651906,2.7255739890093738,13.457154726257556,2.073432844820133,0.5555638225139481,16.133727794433106,1010.4726631818986,0.0,33.3070267275802,0.975883852518618,0.03579285730833562,26.816651602967227
30.339211956768757,0.980066558585202,6.197472474169648,0.5866352692583608,0.25919255542849684,26.705354517437424,997.0271208525958,15.818170918751939,32.5482073999633,0.8771631995961874,0.5023424153190438,25.549903364240635
24.89555946663925,3.0709301054306164,8.591260860535273,1.4303043222740792,0.1907304391248431,20.035849032385013,1004.8858522977591,5.737693243550002,34.27143856484856,0.23484167015269644,-0.08292530813683689,33.18886727935557
31.209451100690984,0.9568354327542203,6.111842229397539,0.5696026705237422,0.5313901274289008,15.108979999287856,1011.9278274901557,0.0,36.36758108829728,0.6422566647272541,0.262129814008116,14.28060111463643
31.912441985166677,1.3458877812313566,7.443605457273513,0.9343921484192883,0.21986882976062685,6.315400489896239,1009.863935771468,0.0,36.3828124909423,0.11250243954748194,-0.2039163609216153,12.165111604212397
23.562357678753713,2.4773621609931444,10.304933702298033,1.2329833136893762,0.13748020333594801,19.409827653305598,1010.6460437064037,0.0,33.04929544828877,0.4050445291848449,-0.22771557418451038,25.37850357727849
26.85809385318663,2.289036360781997,8.233173354650525,1.8761257830677345,0.10024945219102988,7.36399854252891,1015.211996764097,0.0,33.3787156662721,0.9666217048242336,-0.587297548621263,19.878807777573215
32.300367470708196,7.3944950285823845,16.0,3.557262072383674,0.521788856865027,12.4912540625257,1008.6599550983756,0.0,34.254603523018496,0.40600416867075106,0.16751389784794612,54.39304929885623
27.07577807771804,0.8081600710375608,4.782889655355517,0.6643097506732146,0.30234260160120807,18.886015245719904,1004.5177875723896,4.103009210438099,35.85668554420391,1.1832579546205078,0.14172919514505236,19.447851108771598
31.067248986402724,2.1370406379478504,6.237865420046931,1.5661409320549882,0.7280115551339446,26.340357208730946,1002.2918939386619,7.955713738879476,35.13096137918643,2.341715736663261,0.3220595105500483,37.207783278392725
28.181680982378857,1.9052692039837287,10.089550203601688,1.1086473233907432,0.311628657872414,21.174564915451732,1013.2749049814065,0.0,34.70955389713693,0.6606920723690349,0.12522140049948838,20.306119073124453
25.94096403315582,4.346020771110322,9.41090584118928,2.6349929979845648,0.39949242498287074,20.586487187656772,1011.1464844988234,0.0,35.04530710215719,0.19399514662475165,0.7591685920178887,35.5246113201007
25.000727333021636,0.6720511267914856,5.903497374915601,0.5015677143786986,0.33521688251370907,7.259498515955663,1011.3869676441443,0.0,32.91365868334987,0.38650918240864196,0.1116096728371284,9.505737613121822
24.133842456403915,2.629620811703164,14.409839154877766,1.8159857350725181,0.5731595806594534,10.947822878120194,1007.6676122776774,7.227055645973307,34.5539536616961,0.10571716504578313,0.3971393500183422,27.815006919300284
29.99888100946582,1.743922689683758,8.120995511990866,1.253282542393997,0.2981226998412839,5.614043116665078,1012.0394582939994,0.0,36.76587214501825,0.6538773209980656,-0.06343817904968595,12.606753115064729
26.058675321641793,0.9137965776592303,4.96368236374224,0.5534553778330875,1.593011310046093,22.795388522025814,1005.3451443296043,0.1249507666222377,32.88031843183808,1.1341303062241652,-0.2679645120054861,28.661166265727537
27.368392353107886,1.4292499859820365,7.486553779087475,0.9220454585060601,1.3380271761726839,47.683722776943895,990.6354497025479,24.93421592006408,34.73276071383001,0.6964542025597159,0.3011933095653227,43.142883672289834
27.16941754001241,1.0498083597663568,6.813453864650142,0.888082225816409,0.9478262552952741,9.29345221422232,1010.4134081900248,0.0,33.77129182512671,1.0253093711632264,0.018798204262880674,15.05617587722991
28.061429806947878,1.7853874355153163,8.454672294457243,0.9561984280457189,1.2382700896368641,6.2849590382877984,1015.379288664552,0.0,34.821627176506425,1.065374598490722,0.3412150660753673,18.42974817650795
31.0885600290578,3.9171689288316336,13.044298545136371,2.4174513262000623,0.36832330902046684,14.03620853586195,1002.822314676878,4.544427909701323,34.96742066814511,1.242336028445776,0.1735277896456383,33.96439176756143
32.29776310762601,1.7477680956893638,6.5873158196892465,0.9905113457898749,0.4459594314301587,32.199235623795744,1003.2212431091428,7.599365509956191,34.983133461913745,0.28609059762130506,-0.2275546643765547,29.837473791203173
26.279634190025078,1.998269323403839,11.1282068649821,1.5107807396497785,0.7098195899620627,16.240662277406543,1011.4370623841735,0.0,36.16449777683681,1.3300159698126772,0.42601825718695996,23.816542830120127
30.688948682116184,1.5701822717796365,8.193999515762272,1.186437654395287,0.6360434690796078,5.670691873041877,1009.9833371934643,0.0,34.17591388309674,0.7369529276162186,-0.25491648382463367,18.28762989594353
30.027541843874538,0.4840334343563607,6.961451251444155,0.27443639779976176,1.096058382114795,56.24258628870894,995.9238152733401,15.533539595219079,34.720322899465934,0.30526230617581246,0.2688641921534266,36.545687107685225
28.022053990283517,0.8241345340222754,5.541218061606632,0.39769116857892345,0.6669762893110239,29.69665107283723,999.7009560179573,10.547551469276124,32.546992115561316,2.719442338032391,0.4985638890340485,27.44158893492177
32.0384950079253,1.483643577285302,9.600131644606844,0.674424416704744,2.8,6.975344286593805,1012.4510473969838,0.0,35.895067586793,1.89963209074431,-0.0846081934453052,22.976820934548723
24.10498241304823,0.9942475687613039,6.404067010550751,0.6174080673194123,0.2928190531289435,40.67839719680541,996.329753688501,15.245289458721079,33.615797141716165,0.6126109844315163,0.45459805878531023,33.29628906643169
23.147274208251027,0.7209663741439867,6.714068243699473,0.4427707113900847,0.9053865762095469,13.387249055926256,1007.5666142584249,0.0,36.01118660337422,1.2117025636984868,0.18916589191861732,15.83061816399089
30.966600653031932,1.5223155433241318,6.340508862202773,1.2868985045429455,0.6382539082798802,11.510737664408836,1007.4083872818516,0.0,33.64224626543536,0.28187602854123783,0.3481803224386921,16.94206717789532
26.611073074654357,1.0236849448080039,5.347235461051216,0.6530299499361077,0.6290494374433382,13.653941190055537,1010.4735153643279,0.0,32.546390533928715,0.4227505891130451,-0.24286449188590514,18.500669410119034
30.893172969174135,0.8776817888015233,7.612135179522066,0.4849782982768956,0.2774265729635229,30.189065488020216,1004.1156247016567,4.697149841052608,33.16577466823182,0.22198379061115583,0.12500508121881168,25.96621380370542
31.37744715455186,1.397750259221556,6.850540221287723,1.1272740895407467,0.7929640945011002,20.08192662474868,1005.5377047910778,2.24470770225963,36.73843648106032,0.5405098220547473,-0.4428284585085762,23.65520951957108
22.65580473300025,0.6288707519264389,4.851232722211025,0.4065191466651457,1.1378585817472366,5.855066862149239,1007.5091854745688,0.0,33.87514535757635,0.5111091090151446,0.6489551803586623,12.647882279013732
31.276380011353638,4.604102233525773,12.322609007305847,3.1753123572254958,0.21097096387578684,49.24994020189581,994.9301233579462,15.126713638730209,32.967942778654816,0.24357384079453082,-0.6548994125545774,57.18594091154924
26.707350081378934,3.6363185044403714,12.593802915568801,1.7754960878085901,0.5419697636999123,7.23881587694951,1012.2853541877234,0.0,33.01066285559072,0.7703133103965303,-0.07416313687009748,22.249866045006105
27.359541134544436,2.367524730006892,8.31798772220699,1.4280117540545543,0.3240109810003242,24.162100713943758,1003.4007546718639,5.408893095421805,33.83447367044606,0.17519529463632855,-0.2760980079698677,31.114022709744297
28.579221366478706,0.5796619410633819,5.866909096510841,0.4797800846559115,2.1524380052419887,19.153671914208523,1011.7148877792213,0.0,32.66187367680208,0.13820586438607352,0.2861451453207832,22.417983379238393
31.727017370665912,2.792898249745606,10.049758474972737,1.9153756346571855,0.39325797900332726,7.90743440293188,1006.0522098040907,0.0,34.6994009289244,0.3915871003676835,0.7233810810754715,25.04655983109761
22.200718991512524,3.0400602915454544,7.59608519576637,1.7869496952683912,0.2166334965461931,7.620967815379272,1004.2101032982007,4.309004392823665,33.41908593660408,0.41640147962118335,0.27922028454063397,26.17393520804845
27.00685641733708,2.7360061485368714,7.718121459306092,1.9159344680998995,0.31646641067104286,33.59841544732491,997.9728536461262,14.769622229717214,34.73303575800655,0.33116865553556174,1.0864492939329728,39.67887175956667
29.221081445520888,0.5935997231927859,6.572896335618358,0.48328778374283854,0.5773822891831734,12.618818476665155,1010.9352895236476,0.0,33.10528614040665,0.27900047283413,-0.43227906179559394,10.789475765044173
29.5884230558314,2.052105654376495,7.588246136148645,1.148350608659748,0.1356129704161682,19.881777673834137,1002.6458517514138,5.549333504800842,34.348386084775214,0.34819788269653185,-0.40541444638499785,25.489220646189814
29.271590531139633,3.276361613071369,12.48253827044909,2.136340736489274,0.5164013443098183,14.818515216179746,1004.9553456848183,8.80730259426773,35.07104249112535,0.20702801415655633,-0.26258998106539005,31.383742900673848
23.41156885878528,1.7779502608105484,9.650521125834803,1.481879336628363,1.3046101617693424,23.194109602106742,1007.3025482900199,5.277240173698292,32.76659973485386,0.4099578146138353,0.09243564335356708,29.839983808960795
25.143653677902652,2.0633756895706736,9.79282924076037,1.0708062647299108,0.9547936744470464,14.134587793534063,1009.5675193828204,0.0,34.21462202977955,1.5098272377827249,-0.30942283134913745,26.237600427142617
25.76651301687864,1.3810562060170506,10.215558851799589,1.0190338249844453,0.13153250938390568,9.743295774677819,1011.1192374099002,0.0,33.80085243025566,0.25249180888753553,-0.21308196400675894,13.372898318421893
30.446590680634802,1.6036415622970246,7.76192082051987,1.1158016166322537,2.358618976096261,11.322227000409487,1011.6821932876397,0.0,33.533547210901126,0.7920649784328656,0.2671692333745508,22.520815385692558
24.926978660352805,0.45597062944723143,6.794070021860775,0.3291515421975841,0.6398821878841864,32.433651909219634,999.3693880010909,19.571266309871824,35.09949889216333,0.1917400345872605,-0.38371015908983624,26.28855035642458
24.21240212060563,2.0300398299009736,7.777470228927706,1.1987138591747484,0.17968255624422041,13.836478056387376,1007.1656744604894,0.0,35.030730538791246,0.3620867444616013,-0.3466186045395356,25.15193515481739
32.05320419990001,0.535929447973478,9.643227875655345,0.3084551313326312,0.10562221577074218,8.361373914450706,1012.9864191470282,0.0,35.21200916871408,0.3324349559887968,-0.0894885635465252,5.489583907078959
22.093064493691422,1.3135286061759601,10.339801969770757,0.950579462755204,0.1845442532794789,43.18241574581394,992.1843449387918,23.608310065800993,33.183195482859844,1.7590523436291468,-0.05655507479376237,39.29507498004777
32.47711898466077,0.9539790285035236,6.734982903083031,0.5115400723163825,0.9195604587810976,27.296162555916656,996.3322441142504,15.065711982290516,33.72854975290801,0.4351509502711236,0.40350550102746047,31.92379756350035
29.106623638002652,1.6614381640666482,8.570468040177754,1.0265393373661529,0.10984459984003861,5.80185723128575,1010.3111474427047,0.0,33.40161874537884,0.8036122939980893,-0.26522391179234217,13.36581309273154
30.69892764421573,0.6291145919754042,8.171352664602937,0.33045493265761094,0.21945724647061074,85.0,981.7926198671971,35.718606012444276,34.82416550149072,0.6534800721568926,-0.20209799444231413,56.077549932246136
25.09350366163503,2.282397407879603,8.887606076962125,1.0346608126869172,0.7371784994712275,21.620844683953973,1005.863978344744,0.0,34.48258246360135,0.19121282175025722,0.25358454069765224,30.32475128314028
22.15031041550413,2.935682526603574,9.299292441686877,2.4601693136383895,0.496970351078205,7.445391442628839,1013.506125094816,0.0,33.920263071648826,1.7834684497854487,0.3304880133241838,23.005845090031283
29.747629944896065,0.6853676393276158,7.544646377300032,0.4267655382464071,0.7869883338562563,8.790038526971244,1004.3316894399776,9.629955316809689,35.87986367813426,0.35466885276786064,0.5500535634943059,16.576321875441504
30.758518268507096,0.5762629678710804,6.15493221129345,0.4827584498260886,0.7169561750497719,21.507440749454524,1006.0904854104891,0.44818440511600155,32.90408710095605,0.12747456394912682,0.21419212420266398,22.826298278770498
29.77499938551195,0.6516110331357567,6.447391534112253,0.32979950638675415,0.12336694026263709,26.18259093517643,1005.1805266582662,2.7549144519284856,36.69205576164926,0.3143854071025422,0.09562742098663932,19.959836122093527
23.499928016658806,3.7545736805822663,10.506825610446132,2.5716828966617977,1.10366679753471,8.824368151903393,1006.3140443755019,0.964728314377286,33.00113953460587,0.34535299836621536,0.251263442361154,31.37398114412119
29.910993183698174,1.601883763371585,5.306882551523758,0.8496225095122513,0.21588283630635324,9.158242420655412,1012.8151317748992,0.0,35.82420449404398,0.15839924955366202,-0.04359448206099163,14.426970473716626
30.07368921213023,1.4075578372889361,7.887817721938736,1.0782310385585698,0.4627337555503598,10.136592409688532,1009.491552318258,0.0,34.08338981339158,0.6805147426805855,-0.04616865803141754,16.685474322733008
28.914675414535576,0.5805536627104255,7.402439655120066,0.4432418044606081,0.5651354369543545,17.758884251118214,1015.9015283543577,0.0,36.22062758526676,0.35549027246044873,-0.5709386092975637,15.697520186917968
30.044217294353658,2.0776870020930254,8.401126480153383,1.0285441149025534,0.18310518303541706,7.639281992959399,1004.3227050903265,11.741533992108973,32.8189307797719,0.6951496615054145,0.3626955848412669,20.178918992670937
30.88217511661619,3.6399204235146896,13.70650104166474,2.9659010024162185,1.7827227406951591,6.541208622478434,1015.4139042584743,0.0,34.111303353827054,0.10405803027579016,0.12401063076811145,30.48921677163228
28.442843199493314,3.2181472353244693,9.73679053546073,1.6987050003197048,0.40138088593428334,20.902471857614607,1004.210625533757,2.769207667487977,33.94240664795102,2.5120455851857257,0.321963743228907,31.449418560857886
22.93034949668163,1.973833236743999,6.970843143690319,1.3721909766148233,0.12671684752898243,26.140501790472474,998.3848088253089,10.222558722570723,36.770575264369796,0.21217113430970744,-0.9355336730670528,31.750302750848597
27.120092001505714,0.5252206434774307,5.844551697465178,0.4434193392350252,1.3459549006205138,14.730108067706848,1006.3537959531905,0.0,36.737860678025385,0.7461063451411885,0.03351440223725889,24.24190392643041
22.815318014051854,0.590769181833377,5.939495664273142,0.4743632033836323,0.4971414154435476,11.332112024843243,1010.166273949077,0.0,33.316157022265465,0.8548131001582117,-0.24955852723217137,11.408717487592227
26.279201825840524,0.4809058828991352,7.020583686221277,0.40041453555028056,0.6405791833307332,12.919926881428726,1011.7924301163421,0.0,35.20877193100286,0.2129615373269968,0.5754768766870817,12.437372920828091
26.27461813581909,0.8763270679057547,5.414944486134381,0.5144386112174651,0.4351647823829008,11.883654593555663,1014.2726233258736,0.0,34.80273350561704,0.17107574909641776,0.26497592041934015,11.065566774362177
22.693103363472538,0.6332652264054816,8.192018762752214,0.3117123050716717,0.9101003103981177,50.05898042754622,997.653157913594,11.794876294492925,33.16380601233518,0.19933331541910954,0.13198239378369606,34.6023605198864
25.662615606679534,0.8818720226421021,9.537745084518164,0.46328154543137917,0.11516266440993399,25.45967706885715,1000.6204574977688,11.082250744852637,33.22145273624902,0.2700692321231387,-0.10117653926935853,23.714908782353547
23.165480037308807,1.1779638642793018,7.06161891525023,0.7659096991882904,0.24062130599990608,8.266256181882085,1013.9867415313175,0.0,36.75378243246208,0.21052111903453524,0.18902290854607634,11.501167088722577
30.48646970509683,4.983043236657441,15.844043456259872,3.8234485698701826,0.385396756279762,11.787415986756013,1010.3202129944631,0.0,34.44673897257001,0.7725136838881261,-0.27486497028233653,32.81222977840986
31.950724272626942,1.9081172174442846,6.849865385461822,0.97325704934163,0.13586350834872876,15.994051944045777,1005.450404842606,2.8185722667029163,33.04094555560032,0.42769885985739686,0.015096128309981992,25.34438479436917
22.759322990208354,3.282641508883334,12.521587027762875,2.3434535240048464,0.6507361498377604,18.290116762782517,1005.8330436701865,0.0,33.423597166578794,0.5630436372941047,-0.15242718544559702,34.08582686053474
32.02870967656287,2.382539460121787,10.85948564105841,1.380517321069124,0.32514401113853386,13.840405260748277,1006.1714816201812,6.134056332506052,33.65389668916876,0.12909630179708795,0.8432713792435921,24.801171376937805
27.487054293035825,0.5909604559883818,7.358884741063905,0.3465869781087909,0.24326749947667053,28.25957100732302,1002.4749830816176,7.1400150572390695,34.69694423227006,1.285044431941346,0.5644817146667941,21.286851744034465
25.145439618515677,2.530407568427732,9.531388989864476,1.8086520594197282,0.1015230556010275,25.430496178723313,1001.3396455736433,10.359269326524853,33.94285695687713,0.21221106023122333,0.42206661939399065,32.85235172848989
22.80705179039972,0.9147520348585809,3.5,0.5825138834046771,0.6725619234595601,14.84923232783288,1004.8016279982988,0.4493987153258355,34.45655067932666,0.3679150893146502,-0.47160885775395517,19.434539089139623
27.25655481473939,2.0306817766722642,7.692636482531881,1.5733992835821407,0.9075787336876443,31.979315942355477,1002.2694037600254,6.833582191654343,33.21594806973586,0.14477053614864355,0.3524549892994187,35.55458594948136
30.34241321715286,1.067158468836764,5.982011217379272,0.5467772141905808,0.32616722094508677,24.46926810057895,1005.8106106621876,1.0339499026301384,33.904933369526276,0.1882605470180368,0.11568333629967814,23.75214689501056
29.42440801130033,7.5,16.0,5.7448448093011155,0.47377589858770075,26.10783189157782,1002.6869252796637,4.509772794944895,32.80236134868634,0.7576083384037849,0.47821104883065096,64.55530562798428
22.527373120371724,0.8894655088098233,6.784402422678281,0.42311349400318815,0.21626419886242723,48.85802407980234,997.9849439965952,11.435766784383405,36.325754175946145,0.8077378995602973,0.16283828329442881,38.54658664796937
22.76546927136299,0.9236753858401926,6.034170526230495,0.48735104071194496,0.5380228422395503,9.338356574840613,1009.3735025920508,0.0,33.354635651824886,0.7779976616340577,0.04764881688659374,11.932661563418973
26.23016946764269,4.670256160433707,12.169543074133141,3.3273701707252585,0.10549527344327778,9.360919191901088,1009.2371802267818,0.0,35.75467058234357,0.5819604539219757,0.13182450371779558,32.60979533792125
25.100550187503405,0.439925058051944,4.203664882121769,0.34840756375166654,0.40181007561428983,35.76913057729803,1001.2530014152085,5.721704233364629,34.00307268927439,1.9284890538645318,-0.5819716520678906,26.346091628398767
24.440035392088504,2.308794491587388,8.082560606629455,1.272311654278709,0.565030859929151,25.711642125608407,1003.0155764875665,5.490471535404569,34.53990847144111,0.5245633131962658,-0.21859114525872908,30.566782947752127
24.950547238541493,2.4674748185810773,11.123703491220832,1.4332984876550643,1.2265198609000572,41.55525546639233,997.1434056420934,12.345541679395401,33.752422469683275,0.4580611204759697,0.1806674385461452,44.29597686721979
30.436568804617288,3.2963198695389107,9.941838183228798,2.1915526592601853,0.3160867010757542,5.912952854219552,1004.0039392952289,1.9478253353284696,35.49469746576169,0.2706489019843066,0.44878592544230383,28.43323984943189
31.756894563134466,6.266719487217288,15.50768701734121,3.3503707410044847,0.7520407601255347,18.83492067605976,1006.2945665817188,0.9856313863815673,36.131549602881236,0.1624498187043007,-0.14267259070924138,52.77853745981682
26.253578292539448,6.341201285980048,15.729115892229219,4.911022630334805,0.5097362323525622,7.187068971407684,1005.5590308464184,0.2784302802196761,33.73096179438023,0.576649553991578,0.03571759204762321,48.190783331077476
31.514165522391217,0.508007665450582,6.4229040685251775,0.3858087878273207,1.2778578019370292,14.813609571164257,1004.2374266988769,2.888034682027173,33.541535867753446,0.32690568530264763,-0.5103473556363866,18.590344149392077
25.37570486310276,3.160111127517139,11.37257426232365,1.6057051896703454,0.3286564294402586,7.370241797767212,1006.959226937594,0.0,35.430193141494755,0.5454344513218566,0.5607587846738159,26.827149947038826
27.002588356609813,2.062934829031946,4.14629788339276,1.3110608764664067,0.27294984210115236,6.918782493123066,1008.0233401010537,0.0,33.3391581604412,0.23849308096136246,0.43980960628159227,19.077847085914243
24.373304477067997,2.067611057972312,10.254152725091574,1.5712419594311748,1.0817311942439767,5.171401801411284,1010.2240376793457,0.0,35.25131099212202,1.1927352340168638,0.2782359164985195,20.070242131582976
28.724998442846363,0.6197875641626622,8.270169666858422,0.3625334632342854,0.12272420961350758,18.92857088842691,1004.7464047287172,10.308326243930999,32.906040742682634,4.961481961648607,0.19238216567081168,15.045555198023328
32.27930170933549,2.080571246092445,7.169748436923897,1.463146601162184,0.16598289984721126,11.226655485845406,1011.3700851185997,0.0,35.16658978783095,0.3335219895297937,0.593392172801379,16.829436456787743
28.336677508455477,6.871295198263322,15.909883989771728,3.2300945113629878,0.13869934569371173,6.555987398076713,1011.9676392196666,0.0,34.70764895624486,1.2083415173380125,-0.231753846960151,45.22179218672355
25.757047883192264,4.285374203410935,12.038293484472277,2.971802036446327,0.9334945357119856,10.457821816582186,1003.9906147890711,2.406437047583492,32.98979457697813,1.3380754217300823,-0.2696065447143305,36.312909095839345
28.802083182900546,1.3252276920751949,6.251403816550443,0.6772724439836798,0.10479883740298591,7.590814908521136,1011.1242542444257,0.0,35.29114562991778,3.42404822705897,0.4215319251897501,9.210090735627057
23.29066712388657,0.4652284823921151,6.173301579225717,0.3639172250137289,0.9901091324530314,44.788903504942866,996.5122760612444,15.144289778898058,34.420195775246526,0.3517872214774246,0.39800968359784356,34.4561062146341
31.330920342786683,1.1198033874421114,4.095858167857504,0.6631249297017107,0.370065134818525,10.399375320933377,1008.7322047308568,0.0,33.43359471851347,0.9464540286698763,-0.3677234551312032,17.31550384736926
27.28238148318828,3.201513071296921,9.085832116279349,1.8012402308029976,0.1018150309427944,10.68954156436164,1009.4157661310134,0.0,34.01955186951936,0.25589152636055534,-0.13597595855190314,20.520813619447388
26.71817229141624,2.3343717375793007,11.510664927905102,1.8356462665815931,0.3311071083323941,30.643721300010032,1001.9529274879518,5.553116798241324,34.616039054247395,0.6881712426219562,0.6411825958770863,33.35276673564433
28.15158027876195,1.3839542798152866,6.098787752645489,0.6505382400518342,0.19305065416140693,19.608026776148993,1008.2199054144925,0.0,32.893683177236845,0.8321478413114378,0.19408356487556633,21.029215013807633
28.560230559288726,0.4906844829975998,7.748374486550067,0.2986519308103886,0.5406543232741363,22.338527931481032,1000.0771426540608,8.112979312020787,36.61772077745192,0.9108359921414242,0.3255065313063602,17.977184507121777
22.753645965378386,1.2906973729052593,7.856262564614672,0.7718388569217017,0.6118446279636337,19.148489143198276,1005.3823768839407,3.0389948806437745,35.361917271712116,0.23928951481969732,-0.35566628988527477,21.778722829485517
29.167480822845725,1.4128643620749517,4.829254279852526,0.7967426825668479,0.40082876439796933,45.91377839656417,999.6193348367644,12.492613214851236,32.940900419537094,1.2331958066399102,0.27982558358801235,34.57161142628245
24.54028264331306,4.622135703826239,14.272838059711539,3.7656619671467153,0.11861349100292969,8.247063483591853,1014.8541342551796,0.0,36.038307392612374,0.4278425213390781,-0.44683954101980805,29.23208190519049
29.496502641319193,2.0394764193727912,8.494556601581744,1.5303646892036946,0.580369655361541,68.18807343785912,988.475368779503,26.35991067036952,33.886986203068425,0.24629061602838628,-0.6429374779602397,55.588669366569
30.636615341034066,0.9975393386403891,6.11237022517809,0.47439905076090616,0.9304325838750582,29.88636210582632,1003.304324949468,2.657757521831337,35.06623800786669,0.569227809580552,0.30438838606330376,25.442164555229628
30.441564329301464,1.592177167905231,8.233354541987422,1.1716433412288572,0.6733560161242385,17.447335221696243,1011.7797073892136,0.0,33.691714218792164,1.2942307253125394,0.5520558093720712,18.05313840982283
27.801260157782835,0.5093408937445105,6.6287638370903075,0.33663340688043997,0.8972692016530585,20.20133256366817,1011.4353482433096,0.0,35.65364556313281,2.1483491228611538,-0.03882512651220872,16.0740237422963
27.461783869262888,6.153685846690047,16.0,4.986621835617106,0.2007012963981753,19.650623402472768,1005.5213268701353,2.0121182645420266,35.60893859250044,0.9274907326662503,-0.1412927386490604,53.04464057042971
23.500197594063824,1.1142091260410074,8.772955698195815,0.6408688518400846,1.0887472154264748,5.842389980761299,1008.6860126780568,0.0,34.8737868645514,0.1033832525240355,0.6487970296862297,16.931519345905897
30.141134579232926,1.4397337824288083,8.20372467753939,0.9785363730628809,0.27500201073741803,8.442902911368456,1009.7126336130336,0.0,33.53598004762779,0.1868079341298533,-0.018174179190112702,16.654867304993644
24.8497984946905,1.1023125268295688,4.920711415113681,0.7168361619624944,0.10607296142510217,50.58877508343187,1002.4594144481384,8.902441935759882,33.59092637230223,0.1476038640590883,0.026980946754959115,35.692402516292375
27.21530193958844,2.2357030505276123,8.313797304472915,1.4438714973262736,0.9343032187801579,15.700927817793204,1002.8268430468507,3.963426734139679,34.14631002578825,0.16402601750094467,0.6428850292541174,27.479023897234935
24.984877975738925,2.1366343655329585,13.260514360862256,1.3512976528552776,1.379905946724601,11.655373786420064,1007.7891110222977,0.0,33.12355231980403,0.3897657468969661,-0.07375468455987348,26.247492785326358
23.405197811496777,2.410236244506785,10.425161830684804,1.2828525559747832,0.5796235611081406,25.099047209494035,999.4270247503775,11.634599546212842,33.95191956672097,0.3479411136394125,-0.17890966327070307,36.121376119383214
28.610355817363235,0.8994727248563527,10.172981855958682,0.676658911459445,0.21845451730135437,15.40799529184191,1008.0298229390502,0.0,35.442724785367744,0.17240970397279026,0.33542787844798067,16.837836210197114
22.57048636564049,1.0069004833866542,8.905571993394755,0.6348854053379962,0.23050483032590108,5.185502358718421,1008.2567200597255,0.0,36.072634704255506,1.3834402908377144,-0.19914965403269053,11.78609453973209
29.860774958325102,0.6141096881672485,6.46810054603467,0.5118030119732949,0.3828116380084039,23.65789196075058,1003.9322620064843,8.501605036408117,33.93010384912145,0.6733738898381865,-0.0006105383427637279,20.933833485477813
25.334661350241724,2.105104215679439,9.241298192894668,1.1669084648830426,1.1265074889179867,23.446125871519417,998.4954273963768,10.50112958502299,33.504438110493766,1.0551453942299578,-0.4117055105992697,38.72894405504114
22.001414276547095,0.46497710584696844,5.782088730709274,0.33622379946498715,0.17292056310179227,7.5270233565916085,1012.7534994366574,0.0,36.080363086841075,0.37869870168907016,0.11488898093177952,8.331369494242693
27.366855961990915,1.8568212676385922,5.735571357979717,1.534266962559272,0.886846900142409,48.94153852369247,997.5146375537659,11.747762266122148,36.33002731775946,0.4168197098324836,0.07383412052108251,42.96616247940486
22.491945039539832,3.660614741191027,11.616177412846184,2.6187427604953966,0.25494712135887365,8.5487813006358,1009.3280827159008,0.0,34.26309255024188,0.32930221933084036,0.38880709615310033,27.81615832551798
24.899780357119443,3.9437898516347576,13.91483356175586,3.1491523336619562,0.8439928941420336,13.568377476714213,1008.0076310177728,1.6236405062117711,32.615687861553425,0.4462076881651359,0.3500397878316058,32.91628950108233
29.423253118285018,1.3537424044712687,6.537276335816479,1.0572625076583277,1.2381059679826099,6.706170614591159,1010.7484139370921,0.0,35.48833496984485,0.6655458084430327,0.2430313029643537,21.133661946320423
22.658241027029593,1.383836006079008,8.10883430953493,0.8220637471837935,0.35097932785193964,17.94342536741354,1007.1542627567401,0.6338719789335996,35.871342915587455,0.5075276399001987,0.18798949247335445,23.136376739207066
30.813054169738024,0.5281482514874843,7.228053421517268,0.364448476991298,0.30439452408228596,11.590159547364435,1009.1130726019506,0.0,32.577504288607095,1.1917880604734348,0.02436106018668051,11.462384862959224
22.04010918791512,2.177573719619787,7.5551120363469035,1.1160164086152182,0.8292729907196282,11.099479718646794,1011.7339768554964,0.0,35.05863266936851,1.4823866490320756,0.2633445891485311,25.434115490267242
24.591650626619973,3.154911680293336,10.001886728012508,2.0955250010982995,0.4392653224839105,29.560620500267103,1005.5270971943605,2.880114888526455,35.02998566044995,0.4805691683159281,-0.33931626078414545,37.96825571091899
29.77949258959675,0.8489292044053472,5.001205332213886,0.460262918466349,0.6190458019614169,5.134508073421593,1009.4435771258205,0.9058645593802375,34.12844400761603,0.2644631775196439,-0.772138125149008,10.67730540104674
25.32083657215772,1.2751561502011342,6.062032660327931,0.9531724970775559,0.5387757587778094,27.389137482042194,1001.7941343820128,7.3854872844669455,35.7239995011586,1.8423560581363077,0.45667118492451264,28.81080894160723
23.069870074693142,3.3205656052590515,9.045610163986701,2.1956355756875183,0.17466551197093771,16.86282320842768,1009.7613429080099,0.0,34.34116986389175,0.8969027718776611,0.28595616178676975,29.783000027477705
25.782456147404492,3.7544813046967365,10.407393656387086,2.3070947651056573,0.9383403527314889,64.86063300970211,983.0276733812398,33.36575161811914,35.41013659270286,0.7132025960040514,0.00555474800202984,70.52533480701257
24.83912950703752,0.8458076935281765,8.651637369547476,0.47155372286210456,0.198044351534175,17.46337458805069,1000.8970348535013,7.056690205342493,34.723604409931156,0.9208693217665127,0.4260955129560951,16.953399226524745
30.84847497268583,1.6796425242656574,6.650141000042744,1.4268217115276174,1.3115824223676227,5.797602850061903,1012.291699626317,0.0,33.56839780022223,0.1474140949084989,-0.2060240959312845,16.47628036514197
25.290153134644,0.7420859867785036,6.525443604792342,0.35522484311164493,0.2297998380724786,5.72761942685054,1013.1306077045083,0.0,35.10795371094356,0.14201296518329823,-0.19692238622910263,10.433115268633346
30.283790953648076,0.5719203412262273,5.275153483700775,0.26732944927061236,0.6957152206250868,35.05645685889307,997.3980877883598,11.619627910755575,35.66870652783712,0.19971822486612562,-0.24544820329295858,32.304866339387786
31.364657520512715,4.27275803982451,14.459263377239527,2.294056439789643,0.2507458983648208,30.762783363271687,999.5970183939385,8.862979859134402,36.687794395779115,0.19571473316780164,0.24866769129055966,48.63481692544022
26.55508290555356,3.148195005175562,12.633494454221436,2.6395379378952644,0.27208495920914566,10.942718060986177,1007.2135979508417,0.0,34.13446847125038,0.4275303011406635,-0.5040353270251634,31.12701530307762
31.554403010471116,2.6836188646322534,11.126618929546478,2.2587892976730917,0.2669798649637828,18.47387595560746,1003.7923341825989,3.7383747497942923,32.777231942065306,0.20276066458988057,-0.21843656237371445,30.44777941294038
25.961839566613524,0.4799928401262421,6.323188941881369,0.3417410274530984,0.7200544237576008,14.415610587970093,1010.1446478079438,0.0,36.74827625125181,1.2566532742955643,0.15140025813264743,14.327431710459948
32.12282337314613,3.369859636674085,10.719158040752006,2.702771210017984,0.4661957147826816,52.82724077084486,988.7061112804239,28.10943323330391,35.182368635529805,0.6177878112832637,-0.37145287657291387,55.13738718122604
22.937540007518514,1.3221309744670422,5.592023697753801,0.7081131111882473,1.0653287799018503,46.92930835353131,993.8795985642458,16.825743113078776,36.569736970091306,0.3755682182074168,-0.18110864198141485,41.020562333022156
29.213702298284048,1.070641630968068,9.842448257425819,0.8980722271671812,0.26526846647182534,62.75216825134882,985.4448633939588,29.58487526357025,32.94645646984781,0.14329894138173654,-0.7240486519900973,44.9592556326962
27.18504742479775,1.6651326162436981,6.857729182609827,0.8444119617388073,0.6299340477700371,33.18578292686437,995.9693989259404,13.734271049922905,33.97074551144297,0.6364648516174184,0.2620323272905381,34.68841553110616
26.070312457284295,0.5532781859007657,6.991370255170641,0.27135532792175315,0.7291714894631826,38.641659164927574,1000.6992631033877,8.10162602037077,33.075927805152716,0.17434068177435336,-0.19074231766979755,25.49488941533599
28.64347472686031,2.6611845808493704,11.379480604463962,1.3169793085975035,0.17391885122559556,8.42970159955203,1008.9694707336639,0.0,36.09269366470285,0.9157219401901915,-0.334748437549404,23.868250317050418
29.390499462160477,1.7973043877145929,7.4022271525282735,1.22082110695938,0.33031376591559924,29.890554309643242,1002.2574449372916,8.22605562800095,36.28547378814606,1.0739946209377351,-0.4032579540855013,30.953043663878145
22.045814331328245,0.7304321769687403,7.871796709517676,0.5568740123052709,0.39671175599799446,22.275175573668527,1000.3036412420275,7.801483621792505,34.655640309462584,0.5711262429673543,-0.09637472927178488,18.294165438596217
23.753007431845585,0.7336655040345765,7.466917712270521,0.43775390076289084,0.2978070630566514,51.075174845536615,990.7432272905685,29.786272042748344,33.30240673594673,0.19723108844380385,-0.5030544554120038,38.60296439617206
29.486983531660346,0.725833104830679,8.89844534176787,0.6105406095803126,0.2749483340127805,16.856724167216726,1009.327259573231,0.0,33.046611566870745,1.027491298831291,0.7298328870020336,18.086786937665867
28.997046842571166,0.49390644515251125,5.185011901634454,0.3080830627669049,0.6218651935047734,6.246194967584961,1019.1898517338245,0.0,35.02910567334489,0.32075229692380897,-0.7846606160091449,7.875092930889491
32.14349880385111,1.8179885579168453,6.343583378330749,0.927500348606932,0.20942913790065165,17.737326163099546,1000.767746916141,10.898117640590499,34.67741819571679,0.25112117350070695,-0.10771670242527147,23.52178884585468
29.99089679763322,3.335615911750829,10.245874007984725,2.1227416001264605,0.6560990565923527,21.24299734179544,1004.6495600616277,4.272089116907636,35.48759314018097,0.4815574542546127,0.08741742525193921,32.33728293305483
31.98311343117905,0.42824498786533144,6.084121291959094,0.30902794960597585,1.3303216831718618,8.484222270076698,1011.7433385067518,0.0,33.81239122926596,1.6356196664854121,-0.22138265144779407,8.999396582618871
29.376675266115473,0.48039376120120036,5.952027860789745,0.3760956216865814,0.47478854020969175,12.014873766945037,1007.2043985774225,4.900284871555995,34.23018237860476,0.3117577161308396,0.12424610805259043,13.819803027647126
25.129548190714154,1.7606934667405696,7.5790913957212,1.115412192382983,0.5253817819140681,17.77578748422922,1009.2291240557115,0.0,32.59185261755998,1.5159918926957725,-0.22986055123115645,21.253613293286246
23.106331683633993,3.139200956506415,7.786765533245683,2.1580208768768,0.13214067343144606,11.560033642401866,1006.6397881352653,2.4994164754285846,35.123615093824775,0.13308777749234157,0.5855330622856022,26.446399469385693
30.209150565121824,1.03299527396616,7.5651159873327485,0.5753142029567476,0.999375940082299,11.578879724567727,1009.6937689764162,0.0,34.31951714178985,0.1523314460554781,-0.34160695493842186,15.968640922222928
28.763566825497115,1.088303775010961,9.91746351364303,0.7709180563665675,0.25124464372813593,6.999427318513305,1009.5516671553523,0.0,36.45498792539782,0.8195126130361611,-0.7729283794719117,11.88740122761335
22.505953130129612,1.8515174977584805,9.02910835314977,1.5634005966005184,0.5295901829512586,44.56307871306277,999.3087902493679,9.438000777438459,35.25968108013066,0.2268717879549447,-0.40447494765866254,37.051937883345026
25.78052989196027,0.912797668588047,7.556739082038755,0.4286693455422423,1.8408648583202933,24.435833998142268,1001.9090924916582,5.660736911352677,34.21438631323368,0.3284231229393221,0.1852731711847993,29.493232617043823
32.046398062585006,0.4431500421061309,6.656338035023689,0.3565639605683075,0.5072994872239827,5.01741897608711,1010.8783825621634,0.0,33.6334334777554,0.18796857659991317,0.00872646715789746,5.3092981433760364
27.254212029957113,2.526221051963663,10.142767898358194,1.7049794316405016,0.6804677483662005,25.310960534686274,1006.4149068923265,0.0,36.392725253212845,0.3423033009438361,0.31324651779374085,30.46373582654058
26.5436559282069,1.9721021723939876,9.94728286061132,1.086311703249464,0.3652134489166291,23.84799656437458,1001.0961207315084,6.6366196285069385,32.56993981870501,0.2974858909295722,0.22561061584883824,31.16971112158832
26.80584585417259,1.790883499838186,8.816650821487233,1.4899360652555238,0.1280191036163462,5.136900614958751,1012.0910557994252,0.0,33.90572360918529,0.8998515579617317,-0.17269812240382132,14.337931949025307
24.193268602054218,2.565715418686398,9.149271999155602,1.650631773627533,0.8188777574158298,11.459705808393927,1003.8136945772486,5.187734971424211,36.557074010288545,0.826444167647562,-0.12117922282844139,29.083185631044504
25.87142529408035,2.1994249894958116,7.76498161607933,1.281552376594155,0.11603168959652331,18.066254092680868,1003.2971538212443,9.15945186487296,35.312341930020764,1.9596854773953691,-0.08486507147862908,29.920214225776277
25.883039187865354,0.7688371188494958,6.01044633100808,0.40179354892138125,0.6427755887096616,13.439910272248897,1009.6123131273347,0.0,34.790692006518185,0.8733300558639653,0.7095211292238285,14.522412510020825
22.549727711968462,1.0953715435310012,7.442863023031801,0.6000235925363124,0.1104347606628976,26.070215190901326,1000.2931129810203,12.337874759004835,33.37519928705784,0.812107689848746,0.2917878101405793,24.629197503469918
30.05946009943814,0.6156814903921237,5.634102241021362,0.4821645663559241,0.9922221562824453,12.758557187806527,1007.1127576566083,0.0,36.083511529293865,0.8109020219411903,0.7120904147124769,15.610076206581082
26.37329653499073,0.6225563655114279,6.592109482617716,0.43315230941387745,0.17719439349559135,7.33903540992149,1012.4573034491174,0.0,33.37805596914894,1.3871819356057784,0.3442727803196349,7.024387174775127
30.632888811572442,2.2041857618986422,9.626259571968182,1.7970687894913695,0.42494744969776455,57.46039164380951,988.6022803114612,24.914215520788296,33.567490185541374,0.3107879485984524,0.02774581177745702,50.07625777566039
30.9286540117589,3.529861251383528,12.603519399395623,1.9159641434486603,0.5091367345788249,8.879745179099144,1012.8121605576671,0.0,33.32495991434898,0.3140839222955908,-0.3067765204449827,26.757529135227415
24.22593757433591,5.663417433713285,16.0,2.822961169583391,0.3752429037841314,22.70660787681759,1005.2972086484745,0.7457894413733541,33.18004268044894,0.9110518469849422,0.12053188490206034,48.96219742554091
28.90221156278635,1.983671955233231,8.687620647138102,0.8974826456441106,0.28750281202781836,7.162996794381531,1012.3575800674988,0.0,36.59924373270885,0.2558107218658665,0.028695789724319354,16.91583866131151
26.95895894371131,0.7255441640213548,4.344314647516947,0.4738854088177209,0.38384325244959316,10.586069169420469,1013.363927138219,0.0,35.08873586340762,1.558387486124981,0.017223450131625143,10.514974116571803
31.241645748175593,0.5786535484799001,5.523920242035035,0.4914636359110006,0.26790292291178935,13.168241134182562,1009.5372522502375,0.0,35.2426996676434,0.5591491450702882,-0.023184676914737426,13.606677544208642
24.265277131352768,3.08136005738372,10.612541954400596,2.2431873140653518,0.35941201849924653,7.988725544107313,1015.3270666473638,0.0,36.60359950241877,0.3141120571421272,-0.6683619476516777,22.960301877618598
29.117038603255466,1.7832706745313844,5.456234079890857,1.0224522163533298,0.3000655413102631,13.368689083227355,1011.2290325207257,0.0,33.49147273703992,0.9979332648119685,0.4912939357871294,17.600216248068786
28.381397283653587,1.9409297234815859,10.576670282420578,1.5541867304008905,0.4758322599311493,7.393740814073116,1009.3851611988194,0.0,32.525445415970076,0.3246595488825096,0.03234127877393894,16.599021372560312
25.100665514504243,2.8332732362458044,10.313458694008148,2.160906066071056,0.22226914163568426,16.462153237886756,1011.1009105388752,0.0,35.07519969315225,2.0826327297424183,-0.4449885906100246,22.780085169274205
23.434309488337313,2.343931204483236,9.791105419940251,1.0692218775330928,2.1156018523077016,20.25707494992928,1006.4504495539145,10.461620761135542,34.68373286886388,2.544344448530229,0.21861694817577582,36.901332269305506
28.842217485011403,3.2776509877931264,12.948061471817027,2.545896368880687,0.41269987122403184,5.902557971804512,1010.3854958268049,0.0,34.553896622812665,0.7594006540841175,-0.24954265901228484,23.401753120407516
29.755273310389473,0.49256917324788774,4.941410266632677,0.28086821450228333,0.19714269038506427,33.685546314619465,1000.964638015237,9.157637352819254,32.76608490835866,0.1723751180448918,0.24674921803977395,22.750797585929977
25.314087109515174,2.602281221273446,10.545169094618249,1.3268235280565872,0.3917356530841418,7.866360640729837,1014.0978907975762,0.0,34.45406992627157,0.28327048325397464,0.3585797611793612,19.436880372429087
28.770742342234293,3.444514008157926,11.035329030031363,1.8618712028520668,1.0058582211573583,8.575040064171734,1011.8342364327737,0.0,33.73650612989,0.5346798842330285,0.40687277173426123,27.94979326147814
26.148874529920782,0.9392983514024461,6.414606732000524,0.5987387532311202,0.10992163393711546,20.159027535433832,1011.166402453652,0.0,33.68062811206455,1.2440899071658205,-0.006320854329187144,18.604622623480672
29.488672274467486,2.0366311163908213,7.507647427796909,1.2626036986251405,0.6121188438619004,13.855343768002774,1011.5544501221659,0.0,33.456240794770096,0.2226567447293842,-0.094822204806481,20.522646606248205
24.09176038638756,1.0033822781227626,9.304492921150764,0.5674677837819809,0.457300835045493,14.68714752480393,1009.521831119405,0.0,33.92987194694465,0.16615915389749608,-0.16893842609263454,20.587068529353616
31.34725752767983,5.471035207363065,14.284613313140161,2.8388508449724483,0.18360873236597386,6.920010476447981,1008.0723796732391,0.0,34.018472223116675,0.14643809075031836,-0.20289463096117388,38.25477668761729
25.017800762888587,0.4543918509255788,6.867101702009595,0.34301691665169876,0.8653942065669287,27.939508246825973,1001.9562990622178,17.32225530447513,33.82773583835659,0.5243081864044072,0.043969477526178996,27.560232131692654
25.861752871439606,1.7872119365327914,5.40447040455112,1.512059781027334,0.3071199629364094,18.438067083972697,1006.6228471493814,2.394320247765876,36.70863667759389,1.3961357566380608,-0.023270071837108858,24.518186295976236
22.60996549684367,0.6914013318538239,8.014505191871562,0.5262370531769666,0.2565368507595213,7.036545534525493,1013.1924934012015,0.0,36.51074366769079,0.12596953819592188,-0.23885633553775798,8.787677865927533
23.1708782293734,2.392895508179897,10.885528648659403,1.3600614749391977,0.8924450170691159,11.55765455437861,1011.152964895543,0.0,34.97039342795691,0.24319918627438109,-0.3503246638310166,26.34845525892246
27.416549978479445,0.7095225707928869,6.423291792873151,0.38876415031850853,0.5579031357345541,28.280475097270894,1002.8637197200139,3.8219895606859686,36.71853580516433,0.8090470403050549,0.011935367709496138,25.831355830038312
24.8097231056437,0.8294089066265077,6.152522332720827,0.4454476144930288,1.128396579890537,16.762126521104122,1007.4589976492063,0.0,36.76215144437251,1.1487492592658395,-0.10196916628034071,20.598158821465
30.77254237029304,1.491122730397044,8.284020923135028,0.7525368817602374,0.5472721037476569,6.610234386628861,1013.4395094672046,0.0,34.0305407530744,1.088282401414932,-0.34947844064865297,17.95095110404589
22.154280580877014,4.341062624859958,16.0,2.910822358472079,0.7076005487032203,11.530344977843917,1006.6764522145861,0.0,34.4143064466809,1.0224603079849541,0.34069985469749253,35.462460445493114
25.98048751105533,0.7806316526526184,3.7602819264194856,0.5403221208434579,0.9147751451453074,8.891837686224255,1015.4252025281278,0.0,36.62396564103406,0.18341918787881184,0.6702324627888371,10.312119592046832
25.542128241075474,0.6492245450589802,7.341645262467356,0.4753629028393112,0.12533269234634364,15.201841571041397,1001.5989175211396,7.575993652011821,35.11709265698435,0.40373929611808734,0.3869058748944786,15.422605540395395
22.20294012463481,2.6765795467619755,8.450417230940701,1.932718874472918,0.7733475178288173,30.953372298258785,1005.6207222060566,0.7077493509318016,33.415595056200274,2.609695515346414,-0.20206580408661545,39.092601780370444
23.305868189505357,1.5110192216050033,7.6899570044394085,0.8566471507081034,0.528021004944778,13.024446961422235,1008.5014358423742,0.0,35.464336873846946,2.79981467217132,0.032419610393522244,21.485208474865047
26.34324808664567,4.284767258169608,12.340760886087299,2.494267578551321,0.13241871180093212,12.951991396055309,1011.6745665150273,0.0,33.384708582798176,0.6534266198907437,0.5891501330906113,30.90789207905562
27.17507813669819,0.6536703459404329,5.534129235996146,0.4723459925316054,0.4197033508880097,38.006105085439856,999.4419486206378,11.921453699165923,33.959238297788936,0.8412103977541868,-0.36079487497212254,24.660214768429952
26.245042346176128,2.061207511304726,8.694475826769413,1.215657020883499,0.13872565383697777,17.018428982562206,1008.030514828148,1.2148464478422545,33.47850870131001,1.913046147452004,0.3239082943398288,22.138397298274107
27.574845623326986,0.8241774769287397,4.782262740555046,0.4409755622007274,0.6992227910616431,16.692115895345296,1008.7895392358786,0.0,33.55341492851552,0.4586235087861429,-0.4568291228503964,15.188748443807544
28.248882586509655,0.6728066757263915,7.754822670499456,0.40350534934603893,0.4558437049157855,9.251651097472255,1012.6176594741864,0.0,32.520019000737165,0.18831179293843914,0.6394131696009652,9.09776329743697
22.104200121842275,2.2403344726108996,6.341386783901719,1.2519743197442006,1.481448550567253,18.10100978574809,1005.5601505496361,0.8822186241663275,36.28704797845764,0.7632894765386549,-0.10061008366284642,28.735592179670018
26.872999174261793,1.841000996284262,9.123448562554184,0.8934839714271082,0.19102685109810108,17.009349580063642,1010.1005475644937,2.1643038812962114,33.77275912968591,2.032862034211184,0.8301653035833345,17.497428003186016
32.11674202931968,2.6492689035581862,9.278880247602878,2.0718754783753703,0.5191701751732974,12.078285126432643,1005.7731766066149,0.20420247151639814,32.871409831948014,0.8168217296051004,0.6548223295246406,29.818178607285052
27.449838941360262,0.9924561757450516,5.030033775629913,0.7852755457922095,0.20697716961917978,70.4816989038022,984.962132260809,31.496235590425982,32.87404584442868,1.0757097800173,0.012749321646514246,50.241310743233676
29.11419380831901,1.350649419023275,7.734744010139938,0.7265144846607082,0.5284388250579367,34.90605877422654,1002.1348267481353,7.477139371831511,34.890878588782094,0.42968665528370775,-0.20179188058864372,33.239332963390474
25.274570508127272,1.2319790738306617,4.882135702835474,0.586309780976211,0.6771132816975531,24.384972448318955,1006.9441817307163,0.0,36.76955836729593,0.16086303312163822,0.11817141516181984,23.19286466719278
30.126909470604005,7.025237992946933,16.0,5.2375325300705695,0.6765532636340948,15.790848808021252,1008.8802523297167,3.241156531992093,33.123596609261824,0.210990160451836,-0.013055638326297317,50.619690633850055
30.11567555969921,0.9530606095020444,4.581193735386348,0.509517114712926,0.8595097675933279,13.680110333112486,1007.1868360783806,3.465990664409766,32.92837365808354,2.5326646989799815,-0.09054843725495744,18.805512625887204
27.47360850036846,0.9588772374051999,7.417887153806107,0.5823972909156916,0.9644827430216444,7.862177895272946,1013.4527559664643,0.0,34.384706685728986,0.5077647315139953,-0.5303396391024039,12.187182010319551
32.248145144431746,1.1004876095351301,5.594341696717671,0.5234514444594688,0.13618921711490264,10.10867154682021,1007.829507116306,0.0,34.92232439151542,0.10725605302708292,-0.1300937542791054,13.599276177468203
23.31827725500786,1.7303624584718702,7.438161399705402,0.9352744642963476,0.2892150887337567,25.818655796977357,1008.6230160107267,0.0,33.76583554317514,1.9655728438166546,-0.3386676926146839,24.99562595031343
22.177950481340602,0.8652541926540287,6.998381628691995,0.6637891949701724,0.6228746217655247,13.465472646199892,1008.2013809237716,0.0,33.80084499780963,0.5132300998005958,0.2430766972488328,14.36728532735629
30.086661223449507,4.349633466747751,11.6705270723826,3.3568669424506257,0.4106456852457392,34.95100227890596,994.9895337437149,18.700504819275842,34.32524895795048,1.1857160600559218,0.3968749608090986,48.393695818092105
30.475133142331266,0.8941087301724976,6.522449714808042,0.4764114685049618,0.19520014684277356,7.24090240538866,1007.4344015466727,0.0,33.85082614514761,0.5770523210532262,0.30923940137325884,11.85484356921005
23.26217590576605,4.01855061716267,9.962645359025526,2.34830249354999,0.4620462238818026,14.939752076243485,1007.9792682910091,0.0,36.43592580934462,0.16435223978114608,0.16983128136962755,36.07128941490231
24.788619746065365,0.5747666737505565,6.980893418145236,0.2895073110405681,0.33548311402452197,19.576660201172093,1006.3584980840837,5.360333341250218,32.680404656549705,0.6735954845479023,-0.24851747349931558,14.957413582906092
22.184299815349604,2.110001157950588,11.445372792637215,1.0121022553935355,0.32246158331647845,15.18394887278069,1013.6567558131201,0.0,33.50865168744218,3.671410069825161,0.12189027041066854,20.518296132430706
25.07974041319593,4.200000131573609,16.0,3.556848591698897,0.8467461199773649,35.80379733146688,996.1417619094946,16.468759504897466,35.976777023777906,0.12121329203585963,0.3274678002755315,54.69017849258021
30.117989676146053,0.6957184182418383,6.389045372834968,0.49551680291641786,0.3356066728090758,68.87395136355224,985.7585242717432,28.96390416288882,36.08601993605931,1.2063151276965598,-0.15518245103990552,48.992298919569926
27.43858554098208,5.923663098042018,16.0,3.9501272289650986,0.1120648250436756,6.723556740619841,1008.0532124149692,0.0,32.97968683954606,0.2611048802713848,0.09164524748825219,40.57288044118896
25.655003728267026,1.364949222750931,4.785970091590443,1.0321737834960056,0.12691776043192965,6.948943279955277,1009.6607058544959,0.0,36.68718283505468,0.4003927376051082,-0.0009115562444731024,13.279066835321348
25.90326259651647,5.061614929479074,16.0,3.9785855556214877,0.9728371679778529,6.954885534943063,1016.1881396934667,0.0,35.48142585456617,0.3798073282186343,0.6318283343636696,35.231978215469425
22.014213070012417,2.2072735527045695,10.137435151954383,1.7055291675495876,1.555304509712357,21.003672866319796,1001.9424201502827,7.359044851502095,33.67215014072946,1.4743772787397897,0.3480418473425836,32.02683910031956
25.147905539434976,0.9743111589405855,6.027859918666205,0.44488584952560695,0.624729217773703,11.528091886854902,1011.014265907028,0.0,34.46096281870215,0.5212960314432792,0.26320586411193697,12.438133613788674
28.78781678719827,0.7338041213966829,8.176618618947543,0.38504401686916323,0.30391118296596775,23.50360151053079,1005.5007685138835,0.8651115844801551,33.777696064142255,0.4556274959205622,-0.5508428068879021,20.19133993187309
32.22904166007175,0.9792400166034742,6.380917914918241,0.6971817990393906,1.3556577641854919,12.279812105316896,1008.8710925010889,2.0715714971466515,33.145095674374005,1.1223319372386489,0.11049306436865415,19.93590628393952
30.894138683330944,0.5562112374194067,5.314142452833097,0.3338956855643136,0.5891896926321752,18.82926695404599,1007.8050823002621,0.0,33.75206567842034,0.1300861423786706,-0.00425470012359952,17.88573549359409
22.247747128778055,0.6485290716942462,6.88035471719088,0.5467055069217555,0.9370178635158212,25.566823115129264,999.9924234538228,14.47763076256017,34.994395331205354,0.15425444970779084,-0.007279988699455488,24.539053954810893
31.434886349085815,0.5768835782382875,4.443358691083439,0.413142049308854,0.7533114325323895,16.12371248400561,1012.3297917947025,0.0,36.05166968779251,0.1131565103743315,-0.4971947154595741,15.735583624595943
30.223583339635574,1.279704276466866,8.83590484424028,1.0655068160702816,0.3144918534559913,15.85630308235806,1013.245470510282,0.0,34.06317502202518,0.7988183786957461,-0.3307190178041493,16.21329650019777
30.193949297495294,2.94011301591152,8.70821871075047,1.5599610262387358,0.3931452140804734,6.293211605582826,1011.5499916674497,0.0,33.99597662435572,0.5474430685856378,0.026193879232976072,22.328860358747225
26.8089554695375,0.643892750703405,4.583924766531349,0.5122700047455407,0.19268077508363776,12.405420520920694,1016.1612040596968,0.0,34.512403014649685,1.3525912982320298,0.4400245223666614,3.943293631320765
26.17905557602228,0.6234087186703289,4.75760101099409,0.3606674550856581,0.2553989956135678,16.04834289218435,1006.1947750144508,6.362816055638396,35.271589079846684,0.5141303697102261,-0.15668359944379812,13.610572048578296
25.180615152748523,2.049954814230036,9.829168721888248,1.7339049234594017,0.777539844641437,13.678055112022562,1009.5691556413242,0.0,35.73194992845893,0.25047812204446807,-0.08997855448649357,20.02982419506164
22.68979601902084,0.7514055423022857,5.427366933864553,0.3855277508976488,1.1098505599684003,37.346101640130115,1002.9178606336229,3.245444576700648,33.905237870637734,1.0813070593950436,0.6733821983501728,31.331322700097797
24.39647131668384,0.5643336353459278,3.9938068670719167,0.3705053067212238,0.6800608029009722,38.181701176633055,996.9011096642471,12.319280254832654,35.0213156116481,0.30915931826507126,-0.05388783620874277,30.937188847915948
24.589338167269258,0.692063799152348,5.33719483857053,0.5309083097083529,0.3816159631523556,29.15710755332667,997.849485007286,12.013123226903959,34.17425161750779,1.7464220508264374,0.004923666651246772,23.965419236442322
27.082809231957118,4.517590247605877,13.083598889669851,2.814716191853368,0.14071692242717004,11.586729290477384,1004.3938426247115,3.818342909075152,35.580519356562554,0.2729484496188032,0.009664326281890692,36.83560282487952
29.848166269265285,3.1568090269704645,8.910797523050258,2.0116248567692487,0.1263852101392245,22.687124189497503,1010.8407226725031,0.0,33.20810215822319,0.21015228445116088,-0.42092680124157866,27.36322940203343
26.975003198178438,1.0992891550723107,5.251198815578644,0.928396211399413,0.31101630149464576,12.042052217348813,1007.4544339585872,0.0,33.60477691972057,0.5079301097032276,0.25012934319529023,13.818992566148594
22.607366719195188,2.106548371334685,11.95873156955181,1.306319643633513,0.38047985153908925,8.706342640287595,1009.8578250931555,0.0,34.33205980532382,0.13110140253367505,-0.17850664150451856,17.9118322019332
32.05679291037614,1.6329980955387144,6.648548466248856,1.1294285789309582,0.5227103184853911,10.878923234010408,1006.1821511392678,0.0,36.32448359666188,0.12225470790499877,0.039475284036091615,20.757362222483792
31.89860535048818,2.2087803943139313,8.491241156605566,1.042137630725992,0.10292980144432659,6.030518597256124,1014.3618631214704,0.0,34.965300894207964,0.5111247225766365,0.20553053754622908,18.453618414808485
30.244490203058287,2.236506670193362,8.474856505149123,1.759871386424746,2.1600263045156867,10.643877267682964,1007.2725474297508,0.0,36.651203311620066,0.2453246346089318,0.7298951561623873,28.152001510240826
32.40894296642432,1.9853384523435151,7.941574002562664,1.4081354840424067,0.30360728124199365,13.645861858095481,1006.907326622506,0.0,32.94409404670866,0.10563798936545443,-0.41121951559118514,24.19239690353046
27.717064494402763,0.8950149826866517,7.543047078789626,0.5473983603565215,0.9480239831414077,48.56571591649425,994.9009135279273,16.035526312252305,34.47875427869902,0.3106346597160551,0.3527437647731783,39.39538700550765
32.109067677658665,0.46366008219046906,7.256802573650919,0.21164590507542896,0.4445408238572932,10.264263429586418,1006.5814008060806,0.0,34.30203767919515,0.48932587547564266,0.35405313966088875,12.60781064527605
22.793852926475882,1.3728159878625052,7.0121371308551215,0.942668161110333,0.16289529179632312,37.58397090913129,997.988500464168,13.259864579004732,35.080886558545664,0.40081108688797995,-0.17337517047274564,32.49356326646809
25.8396478567444,3.945868536730479,10.247845936226339,1.7956192923923102,0.8188026224782646,8.638363451307454,1014.6496555826774,0.0,35.991447817442584,0.18734119289801615,0.25982634681819355,29.71689620802628
24.366503314071043,1.7484825392019823,10.058928912336924,0.7876589418024355,0.6567752081503606,7.966850843197315,1012.0042951982929,0.0,36.118226510007155,0.6200359886861943,0.6252026529521622,17.600672022162126
24.056247383409836,3.257794627034618,10.72101869186729,2.2688566163631467,0.4373120220424517,15.246299879676204,1008.113738691536,0.0,35.38183681743369,0.8434139566462298,-0.2177399232243547,31.199015065923096
23.4784309633731,7.5,16.0,3.9420512020036624,0.42520840802285964,20.628227158898913,1006.1506182394332,0.0,35.258606366255876,0.7753542608521719,0.1345144289973042,56.30807354784856
28.535343236442966,0.6858682964578455,3.5,0.3612845681406786,0.14119517976096174,5.634829566250602,1010.512370773026,2.5019901334109527,36.58082703079267,0.4002895005377144,0.19168047737892485,7.9339908185444905
30.203879485346704,2.283094089043179,9.402674192202703,1.623984520266518,0.5800035767514928,8.497603024337124,1016.4894439492437,0.0,34.14985582704522,0.18881896954577182,0.23696259923374247,22.360459657907214
28.072133193913785,2.1948141378573904,11.828574948957614,1.0348085009368353,1.189844771079731,13.51514588017997,1005.9984685400883,3.6145578669975205,36.080968251010496,0.5152727523904452,0.31925211625060446,27.29504318546163
23.5431084506762,6.655676561337296,16.0,3.8294248724813675,0.14404730389743658,10.627687802312359,1010.2566717437631,0.0,36.46246602649686,1.426724608766118,0.10820668988826093,45.93829563632653
30.516799584301445,7.184924868229779,16.0,3.6626789866262297,0.2376377157633011,22.45735114215134,1005.0979321110837,0.0,34.61361875034034,0.4794828713044882,0.22970266522180083,58.739821033684336
28.677524425219147,2.2568413050187144,9.505581886419193,1.5393249854794733,1.1466709006370253,15.020097649946035,1010.8415414302451,6.1997121559289035,35.63514108799419,0.230655630500806,-0.26901577754330314,24.499873123173707
26.075739914333454,0.8467271970497569,5.685915226362126,0.6051610604994012,0.25054999677546774,7.446933793123636,1014.24313731333,0.0,34.121185383684896,0.1586029594988541,0.10740122277384515,9.138346384961457
29.07836810312866,2.963588877294041,9.866352081050175,2.1884750726799465,0.5775191740029659,36.482027104462546,998.8819324258778,12.618457431504208,33.183179761040236,1.828656646986517,-0.11671944298817997,44.08791993936799
24.729002282049745,0.5811221179747125,5.539297171067378,0.3208331552282126,0.4443971080146387,9.852276895573347,1010.8151795811618,0.0,35.021966690331425,0.9152294831038638,-0.38044011680393064,12.80027282111115
25.62451818918921,2.827698320978142,9.148725876121096,1.3734127935803577,0.508218235055184,23.38943976961157,1005.3546584742547,1.898424730332183,33.34482809865299,0.3252237479461304,-0.12820059230291514,28.32607254636118
31.633601352885897,4.256203429813105,14.50445099896443,2.0492490036344346,0.34187180120490346,26.192429770951314,996.3984568923082,13.778473074807728,34.467676262456635,0.31003448086161967,0.14430973726932034,44.62929630042147
25.050297309549915,1.1721860269445803,7.801551896944897,0.727295268306955,0.26049824159036417,51.215521020986294,988.1442872427489,25.391953859264625,36.253381047311834,1.453526753608177,0.20252904672956756,40.917334064083214
26.934876815658335,1.99355322011005,8.964338144353043,1.6513354160135476,0.1223878368921246,14.662331841036469,1006.1473781697603,3.7029955160818293,32.86987820652383,0.2172938560233384,-0.3939606923229699,21.7368077076781
31.34648194265815,1.2997909707169124,8.552480257625618,0.698106829933489,0.7136541353015549,18.393582621486125,1004.7413758326104,7.192037825063238,32.63084270335799,0.5594788416521015,-0.2781868508537048,20.95242401978161
29.431074177809037,1.3213367437202113,6.98187238889118,0.7302983792717572,0.7168550684826697,10.708951230975329,1005.9925845801766,0.0,35.10785474374212,0.8500189990182883,0.30362969789262734,19.959481718213134
22.653133874729377,0.9945621541652595,5.628906149968116,0.48768904311578903,0.5998889164151175,20.872649804952154,1007.6541272061994,0.6589887169099153,33.923563704358045,0.4028965408383508,0.22785183241555218,20.316227532079374
23.54668196492919,2.6976470038606424,8.951828150027321,1.8673870857361008,0.5643083763130443,13.714601923488448,1008.3591662357337,0.0,34.29713213978143,0.12443216390585822,0.36048593171622345,27.914605222936093
22.082336703105128,4.802615717229081,13.64738285266926,3.4672443328076494,0.22570291404318435,13.058890731035616,1007.9787260568248,0.0,34.24455553123082,0.2550750161726646,0.5287406495117961,38.857385996363796
28.624678797406215,4.921606401471192,12.270073960088792,3.480424620577878,0.11016926387681318,32.079515185440755,997.0223220412963,13.610172732600091,32.87246698474112,1.4924991598403483,0.23826048835670954,52.39602943688657
26.700570966809394,0.7073709096643156,5.522876112515754,0.5619723026937581,0.8442968010956319,5.720594562548252,1011.5108264697458,0.0,32.515335660522254,0.5442929353437813,-0.09518266950980524,10.146441405001628
23.40988593447389,3.723828542332241,10.928716413390882,2.400269407328661,0.4040107622954381,34.91453215790344,991.743373666985,24.165841828522645,36.363219944316334,1.11387245138526,0.09019731032867093,49.42949676813867
32.05830827109609,2.5395888888561937,12.758094344684668,1.2794012426894956,0.2649212782468938,31.754209913299302,1000.4358681621063,12.300401628335013,33.43653381188611,0.58673363816397,0.6309639853245838,35.218913357755014
27.561427101429008,0.8663559164436729,3.5,0.4901513012936217,0.14837922366226486,14.883460170378092,1008.0610674068558,0.0,34.33213966501644,1.825193967512838,1.0175571492248854,12.171716296537356
24.539879588185336,0.5114482816563976,5.651177324873066,0.36567119539499626,0.12914871071680165,14.432393400261697,1008.7829947293274,0.0,36.67928092568563,1.5390221300149984,0.21208372800982578,13.639536025238227
27.256337497124427,0.899153650021256,9.207017259260416,0.6251354867487493,0.29306841818605534,11.287611543226676,1004.6598546623512,4.813503289482455,36.0550791025297,0.49569752484795504,0.2374439485839573,15.374423021102873
29.136013493718632,4.29246015318914,12.909194971939133,2.843330979191269,0.8350337092886266,77.03544410202345,982.9539732268883,37.69705102149679,32.96410267762962,0.3298764992248844,0.30399792844909573,74.40080437652465
22.800511788722428,2.0046086432892776,9.738421768052339,1.4497044401851267,1.2294556411739335,6.6498795200948315,1008.1375205056614,0.0,34.686631835934115,0.6522828563074003,0.058327496036777046,22.91844424905164
24.884390058002865,2.442783093682761,9.546749041278623,1.722055429501232,1.1217768687188923,17.489725109035263,1004.360938987638,3.1951050188021366,35.639339813928565,0.7741507368960344,0.45734886581991835,30.304852711021347
30.473137654281935,0.8756228862220294,5.575121123374933,0.702713596164958,1.2365825854300212,21.02584351483793,1007.4960938866524,2.1023351859214534,35.50308897549661,0.5139176588587976,0.4028158524564978,18.297242955046414
26.826481139227944,2.4332526418214786,6.016980853515292,1.6653340482795527,1.1723435868810348,43.12358485465664,1002.2855709358089,5.2221024560748415,35.77161996533922,1.1365384753774397,0.17403175650208577,40.634418307054176
27.739059991339097,0.4456391820710814,6.110334058282401,0.339327740992286,0.43711082441257754,26.210744049678407,1003.3614169618346,4.118640241174584,34.46705501601855,0.22151102346210988,-0.06130696710196544,19.37339714829198
26.544568023199428,1.1528286635274507,5.9116816874458245,0.6334595938763674,0.2114706063058519,19.453536084777078,1003.5384340597593,7.086763212784205,33.256468596120214,0.34425049840489175,-0.4822437355819979,21.191343008209515
22.460949397751556,1.9768253022646731,7.357782434828456,1.4258307831274717,0.8198731973251633,6.739045689114267,1011.7911101764241,0.0,34.4989515088533,0.795736961378077,0.30634474166498754,19.782187093044353
23.740372688111638,0.6526994655861054,5.426378154086322,0.5292594070830674,0.20819502157091202,11.55171029100902,1012.0605008820819,0.0,35.285915171445154,0.26996218348300094,0.1245004103291364,11.520600522067028
26.678187206789854,3.170601185964276,13.324374244670938,1.9159718842055131,0.2399015780844658,7.092676162606657,1012.9424789836037,0.0,35.11694597240222,0.4477247752245609,-0.20821870572893536,23.67173954534259
24.19644738678324,0.8286725751555403,10.098866948660932,0.6311515681145454,0.2195200506478776,34.82589474806127,1007.889264309366,0.0,32.80324483129101,2.090117268724321,-0.3454720927481195,23.441848086213735
22.524779800926627,2.0901774737688448,9.088131359076522,1.5465551714309247,0.4256065484484487,24.386921825609505,1001.812313599818,5.581872276264165,32.77929546655342,0.6899007476259671,0.28150149728413804,33.258267781983996
30.858321472544148,1.231240416637567,6.519081914080029,0.5833746112618302,0.2747591248011406,24.8366738954276,1004.5298287181113,0.9865431739593173,36.65060867396741,1.8862315145888127,-0.5104327125659377,24.642170972317437
32.30252155622321,1.8503173063068532,6.564731525175521,1.26303274346155,0.17533917649535402,19.788062674743905,1010.4987280530072,0.0,33.15276345667102,0.8690339251732468,0.15487441560533177,21.802577384437708
30.328000176965766,0.5818773818338157,6.750189529619972,0.2921465168874615,0.37163059767763695,14.902681866776627,1012.322079295324,0.0,33.766188595250405,0.8738639009339122,0.34524264320911274,12.7595493774419
30.964741677899006,0.4272919274446909,8.44348386949816,0.3576124367727558,1.0318318492488905,7.274788353423335,1005.1542651337231,0.49090743844544527,35.800828273271506,0.6376828608108767,0.24246251024581816,13.007187972503985
24.540759868328976,4.244988138488779,12.269968068742067,3.288010752097985,0.4803654730211634,10.600311881913044,1009.6250928355629,1.2505973380454147,34.26161142603965,0.1920365959310239,-0.08675892102545409,32.90594424862845
32.086583242888594,0.9027264574929843,3.5,0.44584713723283376,1.0479200017466415,7.061402242388155,1015.5459260800922,0.0,33.28029886901814,0.5400244749024903,-0.38728106956621994,8.799430552214316
24.067719896760998,3.140808971454037,11.658530656340552,1.5663239437560283,0.19809867189519814,23.069357418147547,1013.172781799019,0.0,34.509099243932056,0.2747460041497384,0.2554567339283165,28.510478432375873
31.990013008799238,7.5,16.0,5.158421564737857,0.1822106229258466,7.444760873052103,1013.0458978799958,0.0,34.94648487428247,4.074699248962191,0.47018308218369714,50.90372380204388
32.44560258664249,0.780057113047664,4.0253343429070245,0.4586390022822194,0.4856612390728393,21.95460068310154,1003.8562804258688,5.254275079456813,34.44689641989572,0.2863345929879494,-0.15045667416006425,20.93705120077535
29.47308946033351,0.892987372296122,6.872103545627449,0.41431251408182873,0.3800664332728858,21.498790377635267,1002.1199474460144,6.125957633030945,36.45146812453007,0.25735352010556534,0.2274178701025007,21.767237404611382
32.30200918381413,2.139610199564252,9.528137383419802,1.4263852676706978,0.5856929019461876,13.608585528461571,1015.0526948549907,0.0,33.72420696892787,0.6867132557311493,0.6035302915561331,22.575074645213533
27.98016768545459,5.78449313604866,15.302426691874182,3.500416838015053,0.8123168905417552,7.034062058211525,1013.2898462648396,0.0,35.34372829100858,0.5291728711257925,0.16859648375456351,40.71363208770536
24.72518872334895,4.359569245312739,11.661068262934899,2.138066147417907,0.72619176868955,10.292640055023508,1007.217653314334,0.0,32.98286730206256,0.1129505109084578,-0.08890805070722564,34.31412019165974
26.58845679948902,1.518263714562147,9.256780521557198,1.1702293249648468,1.3833214442045485,10.40119181417464,1009.1076872128091,0.0,34.18682746795531,0.18323538122088445,0.4142987390221053,20.929085446003494
28.232389821477252,2.936453453028852,9.68054659649891,2.3962361847387523,0.328565733957555,21.873603687052878,1005.9237815616997,0.8753512490710169,35.68627098181538,1.0997412971044809,-0.20814634095523432,29.507991152979653
22.767356401283656,0.6334214430838547,3.9123793535010405,0.47673677799242303,0.20402155779154713,6.690476544732812,1012.8765178550098,0.0,33.4667128445347,0.49663102328666664,-0.40436720526855807,7.830371117087581
28.534604278481083,6.466394189088663,13.565297811855071,5.037120123676351,0.46024202995647867,29.730905401134926,999.0590065092482,9.878652273718346,35.03601549631397,0.19470514078256837,0.3343124169010928,58.031418833555115
32.30236728600409,5.734554964054018,16.0,3.0771405566990215,0.15281610919371763,25.03851122540094,1001.8474535351643,9.562243900002432,33.15977922559896,0.47556521402546215,-0.09215679221924712,52.264387255614814
23.99613032272914,0.6860840086079055,7.159947180200907,0.3810710785642969,0.25339306625464153,7.8864084680861115,1005.7938516495515,2.1331733277075706,32.9416172728539,0.27513381370803924,-0.060782354901289554,11.150673742721564
30.322248721028025,0.969361881447476,6.87681170729921,0.5170683061705782,0.20487364875602568,22.779800771010848,1007.7393689042805,0.0,34.74990082037768,0.2518458578173915,-0.16942922244287495,17.586116918869212
31.532937334686004,0.5688523999060197,5.36352236455463,0.43006684756276303,0.32730167026177104,20.458341265462355,1004.5511217256752,2.3117689728294666,35.40254728316992,1.9981395540573479,-0.11548608844392931,17.599378209007043
31.908866724612317,0.9073062278449263,5.8396535888161765,0.7523082302093527,0.153055760307838,24.30327940691702,1005.391732250584,9.216229692209781,32.98747838480828,0.3696732638362018,0.541061699634403,20.999366593327753
32.081423846257195,3.1081268405075058,8.981023340251094,2.2898654632380055,0.11456187311395914,7.931587880977769,1015.0008275747382,0.0,36.44643788520353,0.128526160814652,0.6318745680242835,19.885859499032346
27.475326206575456,1.160516355256901,6.441745972622595,0.9314149987688511,0.5812409991223889,7.400843617341618,1011.6122042317459,0.0,33.470820729599104,2.2105040231648436,0.6782425226506132,12.088129827019715
32.26173303391079,0.5480810474559606,3.5,0.3866600189282796,0.5240112173188927,8.777496519755207,1010.0468252993124,0.0,33.01589382508499,1.0503778262792498,0.43154221741212934,10.799218540753479
29.951757174911606,1.070229038770639,5.822316789584379,0.6475570205447736,0.6545041596323042,11.377055776747156,1009.8970944049323,0.0,33.3716053059059,0.27615031753402286,0.21319494092063318,17.798997453717746
23.6975500804881,6.773916945449088,16.0,4.201892152691355,0.5859761035656051,27.095557757617385,1003.032586440767,3.098034054727683,33.22916156308692,0.41545375451154554,-0.4512999571765896,54.14474485222742
27.007451117913686,1.9894359853223307,9.495804844365825,0.9551850604429888,0.15461694141667623,23.747687033432758,1007.9600356269262,0.0,32.88990099763568,1.289561299067329,-0.01563364601512239,26.240400043673837
29.54247734140604,1.261007883676661,7.209924495557944,0.5833206561359353,0.25480495714103046,41.34829235143565,997.90674775379,15.63569713933493,35.93070870954844,0.3653523225973041,0.8048640710182906,33.321185160938406
24.597073316100374,0.6914684557027129,7.4370278910782215,0.5035205818692338,0.16242313994441285,5.845859694302741,1009.9596782436092,0.0,34.630812431399676,0.6027706654158853,-0.10246755256342895,7.870684421417441
28.72645942726332,7.250250787939239,16.0,4.534100622476413,0.933100167678266,5.162730032751626,1015.0177171571834,0.0,34.17063359362834,0.5592460681508882,0.5799505661702963,47.05819612810976
28.9993050299895,3.1512420880605805,12.259490899245197,2.1141242852732556,0.7182932742426085,21.81548888423014,1008.7086047049803,0.0,36.587700086031774,0.4077913214472191,0.06926253666069074,32.29038059447603
23.708347309989943,0.9288927740406481,7.377771764341002,0.6252047496298736,0.2012743580291471,9.585209539649796,1006.0381571326241,2.0737365328354156,34.0953360643786,0.7121611586559154,-0.887349835048601,15.015560182946713
27.93339578075394,0.5162312990879364,5.947010357129462,0.28958011517062066,0.2878755003135085,10.692177081099397,1014.1956905032634,0.0,33.217982722002915,0.4846639398154029,0.27416994728413696,7.874463070835154
30.10208256527538,0.49326719873725505,4.41669894510672,0.31586710571852544,1.6298417574810622,16.079967081149764,1008.472972403858,0.0,33.678384435284364,0.11287545999839041,0.49318914366240896,21.6807240470968
27.23840447762739,0.6052210867378889,7.199314033197174,0.38631509421232846,0.5058076165858961,6.512635103838391,1012.1681365723887,0.0,33.52755609443096,1.1104422687662274,0.03285141097580946,9.941856589109223
22.127082726149126,1.790931528184886,10.743297824065088,1.0841778104440847,0.8268546952375568,19.40829442199275,1009.0282232504395,0.0,34.64458750212221,0.17205156454375392,0.4815678515698948,24.58788637170597
22.094903925332567,4.626798152597126,13.841395734150453,3.600898907789511,0.23829783365360993,10.505654711645388,1007.973213004545,0.0,33.75347203300467,0.47427334810117927,-0.5337396300459804,34.7535636467668
25.74880811168513,1.4986482487098391,10.573455570316895,0.9448461695223617,0.20610519550011014,19.022645055636936,1009.029639696134,0.0,34.71906304040135,0.6203586301126093,-0.4349474923647793,22.015860496805892
31.725037718533713,3.361859661452266,8.762989828522453,2.3245841183708054,0.7894415604519338,30.141327911184355,1000.458538568534,9.046517690241314,35.37796172727119,0.8334981001805207,0.12170250782999065,44.631011379987086
24.401106185837893,1.344617529410455,5.689066475769507,1.0867307089562326,0.6210802819079638,7.627372037108596,1006.4344653573537,0.0,35.84238477856701,0.41739022842655993,0.2169901547361361,14.857178105026698
28.660818733152716,2.3728030730859033,10.55384779317702,1.8899221038206508,0.6141227460250122,42.405357228122426,993.5457017158053,17.876242399624164,35.55367845944909,0.8980584161761545,0.5248026040072975,43.313918583450366
24.331796642279865,2.5060696804972133,9.907360740124862,2.020315391316737,0.46197078760755006,15.590829019171723,1009.2813123731684,0.0,33.384040080762354,0.184489056502743,0.2736235633619962,26.289288834139704
25.37753489142526,0.7057865069474216,8.24108897736307,0.393830281451697,0.4731158796638987,40.882170551628576,994.3297600469924,21.901467762339816,32.99836879274384,0.7358291949105575,-0.367770181277765,34.916646768689425
30.90444194081558,1.11710240358903,6.987576865370144,0.5183276903240484,0.6987974583452078,8.259943958990057,1015.4290749746907,0.0,34.83253568413538,1.1503898434008026,0.12456596772603508,12.384733016084974
29.65304514383444,2.0226962856014903,7.338890180290185,1.1214368670975305,0.24162136463873535,17.98868127667129,1010.160746305219,0.0,33.35532070219502,1.4213397120264495,0.2602546058508522,20.718821283015295
23.00169241178871,0.5173120233035398,5.610771778638808,0.29046187483563596,0.2957730357118621,12.242553211418564,1012.95926617575,0.0,32.86521500361751,0.6198813685102708,-0.6059818995439951,9.718732280978482
26.501371220357555,1.1179144742204037,4.713220097211126,0.9096963420102365,1.023801086577765,25.834854740330332,1003.7364543753669,2.284737690312493,34.76650567481149,0.3251610689711538,0.03472828559169466,29.20894204915061
22.306282518275278,1.6244587376789785,6.23113971817661,1.1528736440488283,0.26623917824937116,18.036426029059808,1007.3468211928603,0.0,33.90521499596352,0.20701434349092238,-0.06745389037837868,21.332353475502252
27.049346539331594,7.5,16.0,3.620111878806686,0.4556530849637237,14.551329459735745,1004.4271405420819,1.579820218832717,35.751440751335565,0.35438407914155945,-0.17914257581101078,53.95015532176308
28.955557122861215,1.4295503338924491,8.882371722710824,0.7207098571034263,0.6457644777197449,39.18351205111338,1000.8529632153081,9.013754605935283,33.8510240113582,0.5658838483101662,0.22457196811343533,34.335656249599
23.24427754778059,3.1090048504565817,11.140715158030963,1.5926513144695775,2.8,11.627553545455223,1010.3516841993356,0.0,36.70848368934,0.23114009231920393,-0.35238853429527334,37.15602073234597
25.03329185854624,1.3052037230435332,4.767750420037656,0.9164732004886664,0.3571503903029112,8.478103737988032,1012.2109329837641,0.0,35.76164972242104,1.9284036527520727,0.1959078292012773,12.963514678690398
26.17728456777265,2.9464838858288953,9.766065631222679,2.1926719788505804,0.35145040262859284,18.114522431326538,1011.6060144332241,0.0,32.748080852402104,1.4646051996063272,0.2458218952231131,29.48042088741393
31.655075758888522,1.8478287012152297,6.488591829197338,1.4669127918539082,0.9320010028639242,18.695384769236156,1004.4840114372955,4.22094793319188,34.68815278353198,0.12010751115937848,0.42931715859134073,28.50275815036907
32.429177661941125,3.882869904167792,13.753965708183674,3.20823919842981,0.8368026005108109,13.09484275024117,1008.2295812767394,0.0,34.91926815522067,0.5952694922541617,-0.3431967419774116,34.00032184522941
22.471568639453967,1.2467705054021798,6.368603709380022,0.6616384446128276,0.6909967123332353,14.334074033542478,1009.077746986109,0.0,35.48980165593087,1.0344170069771768,-0.47683197642409153,18.34675792948549
29.990583196701618,1.8833761604485262,6.761455522635023,1.0808865173587083,0.37998320775289574,49.90882265728196,990.6430021012136,23.61628737872242,34.64052622724516,0.2689340900618578,0.14761626256865415,42.204735159585574
25.903102697224604,1.9908844204438876,8.628286204481135,1.0872800208601805,0.27616246662717236,23.47062177998812,1003.7728298620567,4.039368396962642,34.578807473182664,0.5452716696005059,-0.05019493185369561,29.778532521656377
26.12081095540954,1.2643602487187888,6.315616762441902,0.7504036577923464,0.522261394122168,6.640942382702559,1012.7443437444058,0.0,34.08213603021373,0.4125173762412365,1.0659275918728024,11.90458955330452
29.919782220143738,0.6493592101092024,8.394462443502125,0.5297901292175949,1.0401742394829914,8.337911742277337,1009.5904784096497,0.0,33.667283950766446,0.23130140429770388,0.21047446668502617,12.581300735293047
31.643477537526792,0.5571676564979915,4.900685435395099,0.3788990938817555,1.06851180792608,56.971009997118834,994.4683170539031,18.98908536017543,36.568660911499954,0.6722980344575606,0.07035659909646352,40.725113749647875
31.98475024227676,0.4268993360643307,3.6695764160788484,0.3181581535713077,0.15168159340206178,23.148588067964415,999.935454757152,10.24934553614054,33.8656656794278,3.139578650386935,-0.010489784486745403,20.57880801429078
28.059787153402368,3.708454193765227,8.445847275141135,2.3958382818581017,0.35165298676370893,39.51889083000894,1001.0958292612846,6.364492186922747,32.77271169569542,0.3727496565022207,-0.3763216459038071,44.24921411679914
25.74977217265528,0.831694873559801,6.4508710187875185,0.38386308453522555,0.3812360315715374,10.070892294461384,1011.8367184208463,0.0,33.21932437896167,0.5822850431307639,0.24735854353410902,9.592642716706115
30.26926540151718,0.780210291620505,5.56148335413002,0.37112902276965715,1.809721272577961,23.959916933867813,1002.4276660880905,4.76272447709949,36.18628953497754,0.33836842855004434,0.022299240805220732,27.46419722289453
24.635514524254152,2.531104443760004,7.412631089000417,1.6836127496292006,0.6099389063262189,22.524821139966797,1001.951847943559,12.136752913253396,35.02252387423055,1.3570919567617499,0.02259021079969778,31.455492827341462
27.922777302751935,1.0170978828951762,8.614615881094995,0.7501255695283153,0.33533942940556327,9.88764970204571,1003.687766976842,6.242146762146828,35.84875636232138,1.2997251176487092,0.08305516392452938,16.859812389472996
25.76507384601117,1.5284963781699505,8.752161201849773,0.8194761427513141,0.11188153373608581,16.20452760235343,1004.9420224206131,2.5016627267030525,35.97776064840068,0.21817371283857684,0.12742438547103593,19.420423920466355
28.8946262739327,0.6837555642650703,6.188433197271282,0.5051338791646675,0.47498277953330026,18.82206529085288,1009.3912677864225,0.0,36.03991668860761,1.4812443796133807,-0.5587394760711325,18.798590190425706
24.524188585381822,5.540062370696644,16.0,4.289483645568568,0.14545448468631178,14.185475583733588,1007.9906646396266,0.0,34.86763894330181,0.19857727646741236,0.34295805222982606,42.85788519475773
24.011725930215672,3.452349790866864,12.208033673658274,2.122363075202898,0.9093167908071885,29.576960867831122,1005.3101940485392,6.405470021002559,33.261618561506154,0.16018395803233434,-0.24625553118557292,41.78639281430742
31.64151041009209,3.5896875175755967,10.227153679358425,2.687124104116553,0.7283890432268736,30.04568630233846,999.7686336048105,14.54247946787203,33.137400834615406,0.7349452536474272,0.0016887308859804342,42.52513982342129
23.068938670970137,1.2354870652369079,5.665046471440285,0.7556386903962575,0.3777082628238343,31.61584346839546,1003.1030299933333,3.1974020801111243,34.968133007612984,0.39256251019883803,0.5000667222328512,31.828480866591345
27.31255803121678,2.6992055405487836,11.085542289668602,1.9470456042308506,0.35233087533815,27.77385546752632,1000.4112107659419,11.670035422902407,34.076011720848406,0.553959734690431,0.6728070072945398,34.809925712931886
24.318954221111593,0.6485443760357141,6.761930311565312,0.4900393650736992,1.1243451905279043,14.37431192090395,1005.1844406609983,1.4986059755836805,34.8996074373568,0.7343165942520338,-0.545173053519237,17.192238924760712
22.40876461491951,0.41385017761768633,5.999551971667828,0.3504361827961679,0.2531445964542096,11.72501664316801,1008.8506703189481,0.0,34.643454730222814,0.13257059750411843,0.06058568968612711,11.903200718351577
22.378197592059976,0.4322801406089616,4.50835754879277,0.25424931033111964,0.22886929372271556,29.921198082460432,999.6846071379681,12.00399571433443,35.08945174269946,0.30799502751906693,0.14551961480811265,23.536742559828124
23.839828607111187,1.8133501351417163,9.17595159376372,1.1141519028152638,1.3600554704384051,14.43235507312614,1003.4287991110128,5.215117355900047,32.63808070016723,0.4707195427403249,-0.4776355091670062,25.644761702432447
31.101088722313,1.3723109500019828,6.3369113853026455,0.7084528159283151,0.845546402523669,8.959978448325668,1009.763653007362,0.0,32.64119772670953,0.2860281139638581,0.3309069775463577,20.878021777660503
24.96602681175878,1.5677488154353947,7.668967885893194,0.8334610851746119,0.8732259994472499,14.911204351406843,1008.1793985751851,0.0,35.602859234648584,0.13012667605513173,0.09069193709496051,23.328137134057172
31.979821291040604,0.41198580638675814,7.911990671076635,0.2996611725900575,0.1977192071323029,7.141666269154433,1014.8643897236599,0.0,33.33044714843769,0.15439912895817925,0.11795585849324879,6.325815900822654
28.107034076386533,1.2789920635722372,6.310934360714808,1.044704041304104,0.16959826042374268,21.47034572925002,1007.9696864370021,0.0,35.30445338742584,1.0709294009371224,-0.2711435214196772,24.36961135319539
26.584448992572042,2.425743909833202,7.006855152090472,1.4744689827378525,0.11186844148950204,10.730964186656571,1013.2411972855458,0.0,34.850276416403254,1.5540843927924748,0.19451032518347194,20.751847664699458
28.090932764029272,1.3354244535951096,5.824943228666032,0.6970084729767864,0.2217482431435296,9.227940604723159,1012.3613322461769,0.0,36.72171622703988,0.1990898811001151,0.3433783847364781,13.01210509772967
27.425333044875813,2.5081385074602243,11.006097553459838,1.414689941501149,0.7696285834724867,48.89273593559468,994.8655352445463,16.199793202360752,36.092245279197165,0.27201909962423293,0.0945542593040768,52.273714404942574
29.967150664451914,0.8244691253442579,6.866141131689978,0.5210815388247478,0.22351932909323455,26.000699979772826,999.6069947006779,9.8525394561468,34.2764784417248,0.7337618418444548,-0.12987756533706873,24.961461958613015
24.96620869271495,3.083850132575238,10.357614170602297,1.746261382357428,0.6877079429605852,26.655052585454772,1003.4740067056773,3.6645320528243617,35.15057512640061,1.9510237484427417,-0.1026242613162275,38.27198117067237
25.707029111803173,1.820446684696766,7.513163324486824,0.9892883151070294,0.23060335088988512,18.683977516151543,1008.0969788253418,0.0,33.00434466606953,0.3136533915016628,0.12713849749408795,21.472010752713835
31.387990176599132,0.7787019983928957,7.129703458436998,0.5796609361493277,0.3263546824959434,30.58394786730819,1005.7789235498079,1.6068584092558273,34.16145998473824,1.2594975443790115,0.06707908243322029,22.927806745245068
31.937793388079257,0.8322095455545605,5.224319905512874,0.37710574283578036,1.9378604169557094,24.93085875987193,1005.7932179005423,1.990911365719584,35.65571728668646,0.5231617903540055,0.36668774169178825,26.377391714841654
31.371861388607982,1.982309315306591,9.026655120515759,1.3196078708626844,0.2263546892265461,17.785215548075033,1010.3978262546088,0.0,35.17748781175321,1.9818059650815247,-0.11809040063345803,24.142532780714316
26.40420393655179,3.234562513605784,9.725330671270976,2.482548474547802,0.31248956848460463,50.46343931010151,990.1249430805684,23.49394581997481,34.583226694822635,0.18788915968658249,-0.3764332109592888,50.736577303039255
30.193837781572256,1.2595474234273922,5.920696284256725,0.7009272013721893,0.261203169800039,7.9776886464407815,1009.7358165024331,0.0,33.25907514742648,2.2822824354046114,0.17578512706217608,15.973069960311312
27.001525199661536,0.8780976141004633,5.624344553143317,0.6070434607753992,0.15225064359874313,45.19943250830306,996.6765211081531,12.829346268068253,35.95352748247744,0.4489405442168567,-0.11713544854954618,32.0885132732974
27.224168447534073,3.6279894793170335,10.967269893044719,2.603300284052024,0.4029116546588153,12.185156127549382,1012.4654408432368,0.0,33.67461639896978,1.933778616208565,0.3242886821627284,28.268945799808076
24.14914114510148,2.170316450198058,8.833324856455949,1.5452867521467082,0.3141667874775844,15.52270736557633,1007.1726110295989,0.0,36.028060051146205,0.4682581313682901,0.05263852066016024,23.090335902288928
28.20686818421442,1.3509793807437007,7.784946578005332,0.8488741864205009,0.6341830121880001,6.833315255307324,1010.9389440762495,0.0,35.12991897001847,0.5531184117983405,0.2791846215276878,13.501274013471074
23.954426926410154,1.4707771869505808,3.5,0.8657453333545339,0.8656854875604129,15.874673315135148,1009.5247907294239,12.058450430026955,34.102745140179785,1.0801615537094318,-0.30501096635577574,21.966661218090273
25.481429340205533,0.7655653455264004,5.166541785327373,0.6004862062074298,0.4536146075383256,18.2259060141188,1003.1176026892216,3.1423961247952583,32.67460245442796,0.8694385112627426,0.10018519213043739,19.18594823163162
30.97781711700932,1.977036571787571,7.971310863183568,1.4894566151896689,0.11472675745381809,85.0,983.8222136494703,36.931648741337135,33.49940103068082,0.6799244062606374,-0.19474212258437068,62.566155772239625
24.17429599671398,1.11091872496013,9.25724676284073,0.6426687812863902,0.534138460843374,56.752479344171974,987.9939237554297,25.88858167250434,36.323004979599105,0.42372029701822445,-0.37713077857667704,46.22635286198801
22.747161994321043,7.5,16.0,3.6840575833266183,0.1256427585607123,52.504080627938976,986.6249044119355,30.887849710167497,36.01728967875158,1.0433961753005432,-0.25138775732485535,79.15769799499867
22.72457972243457,1.446847109856995,7.84851972489246,0.6926390152731285,0.5311184874505388,10.996285098349341,1009.5023189262474,0.0,34.97186924561662,1.8765473524355416,-0.14056698212155067,16.156134793169524
31.87823746528263,1.4644951715800958,9.878636773447928,0.7142495129826366,0.619874974774745,71.36824501161772,989.7084516905782,29.92771352112201,34.505186595037145,0.10591560454320163,0.48564308445834814,51.1966961870067
27.322664598599264,1.7349908792300623,6.153530787693203,1.185255105833867,0.1991606373807344,13.509860964994473,1010.1964754642385,0.0,35.28271352111947,0.631813612486812,-0.1498291398224308,17.419192930158243
26.298826754078693,4.377566819609754,13.470583114094161,2.0603669195195216,0.870027626174891,31.732121598924177,1003.1871039118068,3.8563006530251864,34.50486694972619,1.3058639008604833,-0.3950390875973781,48.6947363435592
30.514225100583143,2.981658881135455,9.163578235142039,1.743586900122851,1.189034155702437,8.412562519598143,1010.6601609553221,0.0,35.2705108150923,0.7352529200522071,0.09601709787383408,27.066387239754167
30.77617224306042,1.3598300589606986,6.690743492695406,1.0216129645575973,0.8547003185649646,14.86834976115568,1007.4206058418282,0.0,33.82183762853868,1.068155692775471,0.06021323123718614,23.912857988607097
25.488005847713847,2.429329526526596,8.168126896817903,1.3792257637348784,0.2638002492905307,52.34450820575799,987.8116508653203,33.059941972377054,36.10553803701934,1.4526262237822907,-0.1222185542035693,55.424258261957924
29.28298960347485,1.8119332874256324,7.16369395474231,1.3685953047829469,0.4975496572305299,46.13278310045496,988.2259893613942,29.724241631638378,35.51824694190064,0.9340634070299566,-0.006428213046144292,44.294314284612945
30.09678956644481,1.4847946069962634,11.755498514453013,1.1109037483576438,1.2083192507643647,21.11644192085427,1005.8938115185002,2.509414291052323,33.91889520223907,0.8574219232905134,0.39167948009879977,24.786144494458238
28.873832212092523,0.7417345675964409,7.601806029781092,0.40671594818926704,0.2739882238648397,27.379963319004613,1006.6635450399011,0.0,36.071864293740795,2.1071039196784853,0.2847470178897118,22.60336908866532
23.591748285401042,1.3976035416255794,9.168293167605357,1.0363633777766694,0.8717288536810284,7.7174380642975,1011.8546324997734,0.0,34.59557288266867,1.2956706311742694,0.25448057240580585,16.19204047977536
31.196772376929097,0.8513957426369396,7.270502567001236,0.6377896226939146,0.1042841376556597,22.904693515725313,1006.439454192328,0.0,33.25094711837109,1.1136664486091334,-0.3642875745820806,20.729261731597585
27.66049280372809,4.341197894605121,10.40477102768628,2.6437095106955995,0.10164401569664734,18.474547594692794,1011.1439859802804,0.0,32.83416358661516,0.1542196710171861,1.060291821600363,35.45874734668916
24.965960476885037,1.0537282802239933,7.489147859888149,0.5628681318835372,0.7416620476784335,6.344242747524716,1012.3739653053424,0.0,35.508304714840044,0.2638967140858023,0.4179382735959776,11.85217591737484
26.464895947095787,5.267311605144775,16.0,3.4685685305410376,0.7449247951140232,6.681254065262133,1010.8809300839692,0.0,36.22001945809444,0.5881809552268834,0.2309599971168051,37.34863406857437
22.394496449188527,1.6184710760471641,6.633148725826228,1.3248141225083994,0.8001050666076597,6.607012392005002,1008.8238910686948,0.0,35.97200055095654,0.8418151755423342,-0.3575091210390233,18.399122131586097
23.342601412835386,1.9974960083284103,10.04348281573283,1.4099259517050264,1.2968395789829752,23.041078893058998,1010.5791346153037,0.0,35.31929942995525,0.3167669365149081,0.3817055394569376,27.750318060289008
30.038240880416538,1.652706525079266,9.031376059923797,0.8580339923503012,0.15645565278575496,7.139470332296513,1012.6398614359272,0.0,33.1079127391005,0.15878479047367083,-0.12539497860476484,15.76530046427771
22.000122164931344,0.6216806177882208,8.897085179239301,0.4495389767117075,0.21877569785039058,13.828521330207142,1005.4750978339214,2.0898159944988626,32.90438952669961,0.323594785583946,-0.017994781622587927,11.969795195735633
26.373941199064067,1.1541095098371104,6.4507225989363715,0.7165649099935668,1.1532455974950464,11.182151632507612,1005.8820816185049,0.0,33.983627378950416,0.9844964257978592,-0.538272746620749,21.981896938909596
27.48635690139868,0.5670595221025128,4.374290666370933,0.38934959980141554,0.18778875200853257,16.19480091883978,1011.0907437436174,0.0,36.176116828714704,1.359301990868901,-0.38451908007917823,8.726734404233628
22.57366141001021,1.9606211203925619,7.986675852647793,1.4579680844914091,0.615891305550599,22.161165437278513,1001.7624891424838,9.313154225943453,36.635465962318655,1.564444169708562,0.20349127458949723,29.47597118084333
32.217320711209496,1.3474716931458328,9.578805537407934,0.8839130537660772,0.4402036793278573,21.160230711034433,1010.8484662973748,0.0,33.537851675842404,0.3857257196333028,0.4021821363446714,19.358557132929903
24.374315978121555,2.808016326039508,7.31182056560817,2.1778794626123297,0.13908656623081092,15.145505364604682,999.4942270468317,10.896637923242553,35.777011383501396,0.37964385024795144,0.28971654692826226,27.586046307180265
25.19408655618095,0.7985035552858024,3.5,0.5899841189001334,0.2511287030153131,13.73944508298811,1012.6103670297866,0.0,34.967637632700985,0.413240618817845,0.27778664886003207,8.160240976787357
25.191396378677787,0.6876863977917336,6.371928434422541,0.478649906836304,0.4306352170674116,12.100681842588745,1010.4780507335964,0.0,32.63677167843515,0.38277977185184675,0.027331740064102647,10.31354138853315
24.419374952232175,1.2342966839668286,6.557850091979057,0.6298827368042297,0.960810157479561,32.7178896137241,1000.8837110752842,7.068879552604492,34.83454030471164,0.7583218627337358,-0.09234745537817422,31.497757575895562
22.01547513190627,4.578611559156793,13.253092646245756,3.5913697064551777,0.6532399942277397,10.624496164070827,1009.0988321567279,0.0,35.96554373285422,0.3662023754036924,0.15111330024788772,34.836396966939134
29.65812033792396,2.382927919023057,10.707237911095302,1.9643957830916576,0.5376484154993569,9.203478459251311,1015.882521944914,0.0,33.687327968379314,0.11233223478742983,0.33749291308509577,18.203820326779585
32.1518777478925,1.2685969216387791,6.454620439771524,0.6403700285119889,0.40835992188718906,24.038705699701683,1006.2228859929736,0.0,36.35865498307298,0.4468469355486868,0.05170178922675697,25.373185093501277
24.355081574492974,1.565283652176987,5.008001827522646,1.0100719867686752,0.2596585086314578,11.242846117361294,1006.6609819485178,0.0,33.515919749560936,0.2522792437433443,0.47358820696969167,16.039777120706837
28.961995513935936,0.5407543780863058,9.040080216355268,0.29933755840196014,0.15713905784944626,31.282314880056227,995.9623169460078,15.483218831334733,32.828834470369436,0.11753812489159261,-0.025274242335602673,27.210222254044258
29.789911433066507,7.074918116452563,16.0,5.318989399199987,0.33673056577337535,10.562638968635667,1010.1825697111802,0.0,33.18773903059012,0.4818820079055538,-0.2930976273536179,47.04695302050014
30.90846648045051,2.1565352084876506,7.2932076922596245,1.5929287308323479,0.11301987105818147,21.946673200534857,1004.9599211638734,0.46509009687377567,36.099112335499946,0.23836875348624303,0.04637321528564972,24.632526464022558
26.437606568642895,0.9376608428044081,8.34336953763183,0.47478836361903987,0.20667690829805868,5.646213228126754,1007.1154845586448,0.0,34.29441545186997,0.461700751478184,0.08709029739084895,10.621962362406483
25.180774509224506,1.8102825541085816,7.68177491583317,1.4496940168058203,0.3549183563976267,11.818681554811949,1008.9673034892187,0.0,35.926865923573125,0.29523035265814135,0.021289476453256698,20.282525311812183
25.415598907241826,0.5855237986683766,5.958858059550861,0.3058713237515915,0.34404634458166516,10.88590330017386,1007.7957653301177,1.1891205115672117,34.78430216225526,0.6553636970666117,0.49822944630879135,9.687802537449546
29.482523997534386,5.802563835958198,16.0,4.46161228222798,0.12038789886820009,28.7512119906309,1002.1891358558368,6.587345389044015,34.56640423661605,2.918199393375268,0.3318556932534136,52.83134742545699
30.57618439830918,0.7073780893691333,7.898655215529433,0.447623297685261,0.5001887953628795,52.78099219782028,994.444421106431,17.765005375436512,35.9697265514176,0.5754251505096926,-0.45082934601759833,36.76723290696049
23.906946661444326,2.0707363806915047,8.22713444547205,1.2037375237287393,0.45901282987096326,13.649472530332746,1012.8574588004903,0.0,34.32099673036321,0.7245954475086736,0.5870284549694,18.552881338850142
25.894880585656534,0.8506234369722558,8.81105019542151,0.4366213568294731,0.13659543542364722,29.388478566198753,1004.6255288759672,1.2048119049869794,35.94874074358538,1.6100298095222783,-0.9094959712902103,23.27420158570167
31.470372065866076,2.422870457146877,6.15746704976217,1.2527347574818217,1.3904059059447311,21.841379216464855,1002.8421686613768,3.712194162172694,32.93284730934282,0.38104334510484383,0.8028585304983741,38.24182279421739
30.470281956794764,2.799652455073259,11.179055274561481,2.001069011366237,0.14710372729582327,52.92218559367741,993.3152572008556,22.236272682538583,35.2361365068188,0.20930782395872144,-0.050556929744906734,48.27571791193902
32.341013229005995,2.190527211560209,7.68365764378189,1.4680303423492178,0.9684452825266072,28.332156102804305,1002.523139439792,5.591793626776662,35.52112434317353,0.299438049290768,-0.01634870782802507,35.58139015653781
29.919606726661847,1.9251402973816014,10.52365951019887,0.9603257597991656,0.10013940095132909,6.129017772638468,1007.4798999356092,0.9666717686948108,36.36611880340949,0.40929684500564556,0.028994316359225992,16.50915570057007
26.128549610793183,3.9679631593812212,12.355400405132016,1.9644558050656937,1.0627550460003579,22.48957218968573,1005.9342862759709,2.2515997581568037,33.46459285047964,0.7214123782609437,0.18482190149406313,39.9149784234264
28.201697256943696,0.5310240263527725,4.946485249420888,0.25432027288424,0.10896254229589428,15.735103513046763,1013.0908567436751,0.0,35.09814548439926,0.10275915204437416,0.04990787955660493,12.346074927416318
28.940649669596862,1.0429501144936306,7.871571845620984,0.7796124475620784,0.7381185069717034,5.232016798360516,1011.9429199544126,0.0,34.36300322386366,1.2519597995615668,0.003311683906956464,10.335556008294969
22.823786071329803,0.8566421037850379,7.881738307623946,0.6294202135583462,0.3020196210589551,9.0520790547571,1005.490125291218,1.0258627512062095,34.145918118839326,0.1474869489684266,0.5081214082746649,11.842975555598564
27.717218070590583,7.478420499270228,16.0,3.5400778325914133,0.703107369644105,40.67078873268538,997.3440106528084,13.138268125532461,32.95886828741142,1.4854948824293133,0.24795862791279738,72.88633023319277
29.447868698962402,1.1892743370252097,5.596149447195787,0.801699380745606,0.33118234205151714,41.46327848620855,993.2857487322885,19.917778016965652,33.07720332155825,1.8906917036616504,-0.28558134902976645,39.13008380610124
23.756873692011133,2.5104913711868595,8.79285878270322,1.2147526198669076,0.1330963436167483,27.451893358118042,1005.2870957261397,11.635188302376314,36.099050384224874,2.869301677135518,0.3092358700175036,32.39356432368788
30.19663303296835,2.2468968399099114,9.03830505615569,1.8233529843847318,0.7565022332959576,61.07299058763026,990.4268929685041,26.888006267541396,35.72393975899991,1.0948939283787529,0.2334374511141687,51.60626277850205
28.129614195398172,0.781376460294616,6.344588149555218,0.6351394863608009,0.1332633584272916,27.9979611794377,1001.9586975892191,11.583201799910379,34.14406686025173,0.19178968539048868,-0.1408458039534266,21.75324252767814
31.998328749824744,0.8369901964525633,7.631200566772136,0.6104112553289944,1.2486662633585264,5.143592496725844,1010.8885573508395,0.0,36.06249229997541,0.8348463084105577,0.32724844922675644,14.946427742810117
22.445434131172362,0.9284636423175596,3.648882707411695,0.7617817348324394,0.12354360454060026,9.752226171242695,1009.3476745540535,0.0,32.847294594741385,0.23638228386851898,-0.005150410428063912,14.848972396808925
24.7859244443324,1.2472723372848065,7.746580788942907,0.9661137189145321,0.3936833945833097,5.435440620359946,1011.7867008746434,0.0,35.18652784324262,1.4645609102333745,-0.02758571524378521,12.246824098740998
28.316315732648153,0.8271961072015669,6.053980961307861,0.6463838021099791,0.6777379358294128,6.383692111655965,1009.0547158311758,0.0,36.233157026671435,0.32841016611000995,-0.03711959110152703,11.259259190527668
25.113879078162274,0.43175542510187337,4.5194088406074435,0.29267972337852144,0.32483467356709006,8.457668625398034,1006.3541713230082,0.0,36.10711619343437,0.33742410451538907,-0.7998413199333396,13.803890280333654
29.501453722748042,3.7843494788265937,10.69809889523347,2.1662512523757553,0.21021436315531344,14.804056087383332,1011.3203090393966,0.0,34.102965867749994,1.5980901078473335,-0.13434476652711053,30.09858097769563
29.969555466480276,5.791975282249863,15.103749011272809,3.1109837135125207,0.7405011324621312,31.331207892156055,999.9427114678566,9.670366088237369,35.70450556814505,0.10799162873612991,0.2996106347439604,55.89411929505152
23.07641762269798,1.0686362455378706,3.5,0.6207494317286777,0.7902289796165013,32.72365015593312,1001.0266851306527,12.964798694774935,34.338113025735474,0.22937772500760964,0.042156064983682955,28.303003159949576
27.39547187417106,1.0612091123477903,5.858242046038697,0.7443301315482881,1.2519983956892156,18.406939531095116,1007.2765178112869,5.018262009165397,36.11259410687678,0.42883853877946765,-0.3998152504495123,19.962124186083024
27.343350833706086,0.4113873267295753,4.426774951143796,0.21353578131570075,0.31234129555387735,41.86950047993548,997.725678888404,11.447143082784253,34.7822763856666,0.8238285555351492,0.3876209393172131,34.70463637692969
25.877448087263183,2.2243487859835667,9.803002628754356,1.2310793922408965,0.41757826405552934,14.70580578114301,1004.4232142164693,6.615370140614664,35.788885311151674,0.7257354276640402,-0.05451005584018845,27.925588053304057
31.79571105698156,3.192777855478148,9.538710116094885,2.0345157780649084,0.3030342763881085,35.77969793253764,994.2396627105937,18.11223761846087,32.83785780385419,0.7641292085717057,-0.37755142173153305,43.689133117139484
30.688816358668824,0.6536586152000878,5.853914807104424,0.3550804587095772,0.2337262137778277,13.473581584601924,1006.6859770675585,0.0,35.037111677918105,1.372268273884006,0.8221043615848552,16.91690352136203
29.320698510051187,0.6783300205995451,8.534408978571134,0.46496637831151044,0.7256956451198077,9.54520246383377,1011.2567571121429,0.0,34.86622196311816,0.17740298838184995,-0.3186104080707145,12.867299134624766
29.500429675217475,2.8976708084777787,11.707334734983137,2.3739759553127437,0.2867446339726585,39.74612810989232,995.450097646445,14.618156801706073,35.12289990346119,0.5430897281964554,0.35782202894999854,45.067334879240875
26.84801951003775,1.9325922725678804,9.832073190537365,1.4479672135947739,0.35149491278274314,11.872836832462093,1008.0464207725944,1.854144212284167,35.49125891403703,0.875633645812177,-0.21925993529911159,19.05833964813973
31.670442471514047,0.4734366979279851,5.102377410654095,0.3392508403131888,0.3326352433515347,14.799701518517338,1014.2878974983298,0.0,36.447868571146806,0.706556114167525,0.09753939210083762,9.641695538341352
29.293251986159497,1.958894713738995,9.34055890366467,1.3380986287372714,0.6611920124057276,10.582898474031484,1004.1060642680441,7.585513386049053,35.87843295163693,0.45686587152454594,-0.26576333717886147,23.072276565883953
29.65430114738607,0.9911942281792923,6.433302910042335,0.6394978632037838,1.2243460456014668,20.220667930416948,1003.4087406291557,17.98370513785887,33.44444336317009,0.11035763988969756,-0.3837564634457805,20.783534228439102
31.047754489767126,1.1360223063953812,6.75070033549628,0.5959863203227975,0.5944962288510912,79.264147290794,987.0516339095125,29.112010342421026,36.05135395795601,0.1374139919007954,0.23277089063499323,55.78075292955857
24.877751688093007,2.7496142476948733,10.563833661470596,2.2213698577840044,0.38704094644865583,5.36182528945756,1011.6583935707082,0.0,33.02494261374491,0.1759786341482446,0.19185169079704023,20.612263345685136
30.474244490600384,3.065064682857199,9.621626046511558,1.6839906761609675,0.7797345082415993,37.21492829806472,996.5582504984178,13.209074873349994,35.175453918402795,0.3522507858148678,0.4506273054766725,47.85802192913549
24.050026331043167,1.2182722856720707,9.432394770874533,0.5927181585481507,0.5609588574640392,5.055072978556008,1015.4248061128044,0.0,36.295841375457556,0.17510223360181648,0.03796632439644794,10.452232608138061
25.626090498571322,5.104564994851933,13.948021781336575,3.828454739482728,0.12813621881403384,11.34081116951982,1009.4959455337587,0.0,32.93482483312409,0.43316157729627836,0.8271231279442721,38.464654731684035
25.52390976983335,1.2346483994214368,8.149907968348085,0.6423211550898525,0.14524923200466827,7.585134142322204,1009.8317842856765,0.0,36.15367840923412,0.21807771971095058,0.1439213336029625,8.976827759610016
32.27451741808598,2.7643052236160846,12.159150121394898,1.655150972296677,0.11739452289464618,24.825418627325774,1004.3548755816255,2.0243179062246934,35.93406915719005,1.006206931229496,0.24837113843302427,33.87902907049895
30.993640849353234,1.4582570918608622,9.172343427212315,0.6727143702466268,0.3746384914588432,5.727110880512215,1009.667451444582,4.173734307453444,34.666234365508004,1.3310380067749827,-0.42545023578752994,12.556314415489007
29.362283546697725,4.045132657359818,10.167860129211885,2.0420929000709123,0.8865361013249521,16.28795052915649,1004.2407236522714,4.776859827966938,33.82825968987024,0.3962311797515623,-0.16492951029288572,38.882859447936895
29.634095996961598,4.213399817402436,13.251463513839212,2.1879403763179974,0.26899392508081343,9.89233789759194,1009.5858936122049,0.0,34.24338438070764,0.529642885864808,0.231887895180592,32.420509940454075
27.901764341226997,0.5463616451597222,7.25953005297847,0.25775378308625013,0.31814577403840993,7.008855350783054,1008.0810098576849,0.0,36.665229983510905,1.940933285805224,0.020520283155245976,10.363885183284381
31.94445200463945,4.810576575777552,14.996832369640718,3.4283188886403924,1.1809686313227712,25.686577133255927,1003.4552540569899,4.204168889130215,33.36729949145294,0.5600862501937126,0.11568909726212256,48.603618119054175
27.210716905264796,3.1936483554380515,9.078624788616546,2.506385188169305,0.9160358020888579,8.43217112158848,1011.5911492405925,0.0,34.992298437668545,3.287841282799526,-0.23577281449996773,24.4525295468042
25.995435953633894,2.907054087299445,9.247144501613015,1.7422735704559351,0.5921957694356615,8.544580272751343,1013.0408247852572,0.0,32.85793521587834,0.19198231867041549,0.09268144071506751,21.463678803397034
23.711871037781705,0.7588534004379246,7.857773474400696,0.6069541635173165,0.23965386461483287,9.503653563800233,1013.4705058420445,0.0,33.43694017601344,1.2892862021538207,0.09149106205710761,11.336686226308714
30.25515934874111,3.0165875748830366,9.287217078765497,1.6148958590821403,0.1560146764347314,17.37240352503213,1005.6294478671488,2.533793456450797,35.78226046872044,0.5125412645122894,-0.3631522569598336,28.431242742022334
29.71166128679371,3.4368084392630376,10.736711105676996,1.9938856191686236,0.10728512328843327,20.089586258757745,1007.2260612466816,0.0,33.801175873550264,0.11378563045414385,0.2748924456382067,31.96742101899953
26.035727904503418,0.946070899839123,9.066741333963375,0.4827750579820218,0.15093129231180247,5.248630067095119,1013.3163697227565,0.0,36.73879410341976,2.250126898364713,-0.5450227314212891,5.732992476566494
22.26453084657191,5.2671796792197485,14.409224547018361,3.677669569194449,0.2557692886747912,8.87659893752005,1011.3283859967044,0.0,34.65351328530351,2.1122660313566857,0.11448332820918931,38.01304303770541
30.809471941039114,0.4818337454493528,4.777139535058071,0.2977481204799397,0.46112209671166615,12.893530438758978,1007.2525209982479,0.0,34.721119098823294,0.38999518868109107,0.6679574428389251,10.794774830882183
22.119888826267772,0.6598594788969514,4.871321026720155,0.45880909736893755,0.12976295091184842,10.648056446032736,1006.5313027318882,0.0,32.65615337914366,1.949324298175289,0.28819268823667876,13.90983848189195
29.388847686105034,1.6340546736717303,8.440377406986897,1.2331719787434139,0.1659007797616937,35.17892311285195,1001.0205667383783,9.613582426396787,36.613065023182244,0.19119854921106638,0.28600473611298644,29.663203038990595
32.1876996521236,1.7720519817503115,6.189971554434747,1.1842290361909635,0.18989638192033803,26.69714450888621,997.8864704568207,22.0882589088603,33.249203795803,0.7838671200626891,-0.2640993362320397,32.1594353700422
26.595443945556134,2.0576965580172715,8.332849858586462,1.4425525795031993,0.5498306567315349,18.764883766233623,1005.4697648573754,1.0706897124990795,34.8148645748849,0.22786320208472008,0.6691717186035012,26.195654015284468
24.467220752457504,0.427383607625591,6.269136296211096,0.35220688479104323,0.5304544649528731,10.775753166413168,1001.9020321198252,5.548697818288878,34.20140082282254,0.26993300994438574,0.531851333110801,13.8725015410825
29.401145605455508,5.564939980499974,16.0,3.169932964538138,0.4600948418955647,21.887030565260954,1000.9784860265825,6.543468515302538,34.2870142132018,1.0066723656886387,-0.2452565080134485,52.76958527264917
30.579845491163645,0.47298034397261535,6.852686739705701,0.2807921480827355,0.22975788803640343,30.97814141017546,998.6128928981149,10.597357698471686,35.26619071395526,0.3842702200144331,-0.1161671346352069,24.30063498947405
27.737518318817397,0.6470234451569525,5.093544524309246,0.4769089109981893,0.30871644782269037,17.648292695093122,1010.0232285719673,0.0,35.34698131149765,0.1042918148927576,0.4891296157243407,13.567420861631836
32.15387039018954,0.42258183703224694,7.528276283003625,0.2934924700185963,0.14576012665439003,26.484618085044954,1005.1588930970178,1.4159509023091383,33.16344104388982,0.420905463655618,0.6786515824108652,20.1920873560137
22.542521577408593,1.7387050568329756,7.68039654597814,0.9065837011485515,0.21555040502194273,24.35808840302943,1002.3083948413436,7.233582616185944,34.648222608424135,0.2553163159330325,-0.39264011228160084,24.3422912398644
27.300353782197547,4.707488095113173,11.619924038129598,2.8266532363542187,1.1259535136469494,16.8722591778299,1009.2407085474592,0.0,35.89905303130998,0.7899368702946192,-0.3012987694036018,36.6765223054224
29.543766446886778,2.154329781004151,8.619731566909262,1.3725993471960216,1.853527553222325,10.239258920469142,1012.446703452301,0.0,34.40613187927458,0.22973703230488604,-0.00032536474775928664,26.821721939514642
31.05772494706638,3.1674755362920037,12.85870976704416,1.9567268121051378,0.5694208680076801,24.173892274140968,1003.5640498125825,3.5556848621666894,33.2129592245543,1.2080596870471845,-0.7098829103048803,34.54333332247249
23.882183925031796,0.4213922998324875,6.006366214795865,0.21967598751702763,1.2190545651490647,8.243454218977977,1006.4525020654268,3.627366416700169,33.846832855573766,0.28644188651098335,0.05666580607329813,15.770920563404289
30.400036558518657,1.6494711971519993,7.987830951368279,1.3521903627898875,0.5631835556596513,26.16526629031554,1002.6023298914364,5.666072038985385,33.4132321256518,0.39956382580874206,0.46501022991049457,28.60388086485389
27.803424295044724,1.384603465304834,9.94810370460298,1.0452752390305229,0.1151919980188417,27.854072675992253,1002.236998741428,14.183245513205632,33.0410151120338,0.3123246307557443,-0.4535229556825123,24.01009792929004
26.163813660894615,1.5057363141646456,5.563293094914721,0.9674993239499838,2.6798410463181863,29.17500386394375,998.289399942356,12.167149889664177,34.12359884797202,0.7195655536989124,0.09448743774128054,40.71529859261079
23.38300780008048,0.5199252770617757,4.0074668276320375,0.37539874210233826,0.14688868756168538,13.96553413409527,1009.3506263235741,0.0,34.82602584575172,0.1639925053960561,-0.1536197467483596,10.816753879237435
31.08560546854358,2.2454267843738416,6.617998505422667,1.8163550710352818,0.6164758806120277,7.993037700329207,1011.5481847451244,0.0,32.81283155868952,0.490166847025438,0.6239810820638712,17.84787544727561
23.65136868588701,1.5193741470685018,8.293845744443386,0.7664781547421847,0.23116188020224587,6.470748324766932,1012.6707023188962,0.0,35.09644050058119,0.3442892484738369,-0.1494271517465679,10.890931141391832
25.25277252169554,2.718085390700448,10.142293393933492,1.495352558355897,0.32389719994031163,24.04120157594157,1004.9374509955264,2.3999019101776575,36.770005092729306,1.3932130806356127,0.5816475807120041,28.581277346382638
25.045478085605588,1.4626446009614869,9.946864832650341,0.9757016901266677,0.5672226090194533,35.433932339137186,1001.5990863774649,7.880385523325673,36.64573720768636,0.14574781458614222,-0.15910927478392956,32.72923093925547
31.14984735900397,0.6588667315129455,6.551172732428457,0.5070665699079748,0.35810447299577086,19.73108432331006,1005.3374517832532,3.7148664547508456,36.06544597259638,1.162098827839274,0.31991153186694543,16.05570931896214
